change_id,event_id,match_id,source_variant,change_interval_lower,change_interval_upper,change_interval_seconds,confirmation_capture_id,confirmation_delay_seconds,batch_size,batch_stratum,reference_persistence,previous_reference_odds,current_reference_odds,baseline_had,confirmation_had,provider_had_updated_at,confirmation_received_at,had_pool_status,had_betting_single,had_betting_allup,max_proxy_implied_ev,metrics_json,persistence_seconds,persistence_status
5,lKvp6VgM,2041742,geo=ru|serial=2608290548,2026-09-28T11:23:52.726574+00:00,2026-09-28T12:25:46.422142+00:00,3713.695568,229,0.125876,63,>20,persists_next_observation,"[2.83, 3.16, 2.52]","[2.88, 3.2, 2.47]","[2.83, 2.75, 2.43]","[2.83, 2.75, 2.43]",2026-09-28T18:15:16+08:00,2026-09-28T12:25:46.548018+00:00,Selling,0,1,-0.07587481843390986,"[{""change_induced_ev_gain"": 0.020083014294815082, ""delta_q"": 0.008264614936137893, ""proxy_implied_ev"": -0.07587481843390986, ""q_current"": 0.3802984286280206, ""q_previous"": 0.3720338136918827, ""side"": ""A"", ""sporttery_odds"": 2.43}]",12853.577858,right_censored
8,40zZ9MQ7,2041744,geo=ru|serial=2608290548,2026-09-28T11:23:52.726574+00:00,2026-09-28T12:25:46.422142+00:00,3713.695568,229,0.125876,63,>20,persists_next_observation,"[3.84, 3.86, 1.86]","[3.84, 3.85, 1.86]","[3.77, 3.77, 1.67]","[3.77, 3.77, 1.67]",2026-09-28T16:43:42+08:00,2026-09-28T12:25:46.548018+00:00,Selling,1,1,-0.0742779347758824,"[{""change_induced_ev_gain"": 0.001810507600697678, ""delta_q"": 0.0004802407428906308, ""proxy_implied_ev"": -0.0742779347758824, ""q_current"": 0.24554961942284287, ""q_previous"": 0.24506937867995224, ""side"": ""D"", ""sporttery_odds"": 3.77}]",22753.577858,right_censored
9,tp6blFo3,2041747,geo=ru|serial=2608290548,2026-09-28T11:23:52.726574+00:00,2026-09-28T12:25:46.422142+00:00,3713.695568,229,0.125876,63,>20,persists_next_observation,"[2.85, 2.98, 2.67]","[2.88, 2.98, 2.67]","[2.77, 2.87, 2.38]","[2.77, 2.87, 2.38]",2026-09-28T17:07:14+08:00,2026-09-28T12:25:46.548018+00:00,Selling,0,1,-0.08912805527351964,"[{""change_induced_ev_gain"": 0.0031378648980577026, ""delta_q"": 0.001093332717093276, ""proxy_implied_ev"": -0.08912805527351964, ""q_current"": 0.31737698422525445, ""q_previous"": 0.3162836515081612, ""side"": ""D"", ""sporttery_odds"": 2.87}, {""change_induced_ev_gain"": 0.002904252045959695, ""delta_q"": 0.0012202739688906283, ""proxy_implied_ev"": -0.1569421262474927, ""q_current"": 0.3542259973750031, ""q_previous"": 0.35300572340611247, ""side"": ""A"", ""sporttery_odds"": 2.38}]",4890.472078,ended
68,lKvp6VgM,2041742,geo=cn|serial=2609081259,2026-09-28T14:16:09.718945+00:00,2026-09-28T15:20:47.791187+00:00,3878.072242,574,0.252948,47,>20,persists_next_observation,"[2.86, 3.21, 2.47]","[2.66, 3.18, 2.68]","[2.83, 2.75, 2.43]","[2.83, 2.75, 2.43]",2026-09-28T18:15:16+08:00,2026-09-28T15:20:48.044135+00:00,Selling,0,1,0.0003480713396930568,"[{""change_induced_ev_gain"": 0.07213242197158315, ""delta_q"": 0.025488488329181325, ""proxy_implied_ev"": 0.0003480713396930568, ""q_current"": 0.3534798838656159, ""q_previous"": 0.3279913955364346, ""side"": ""H"", ""sporttery_odds"": 2.83}, {""change_induced_ev_gain"": 0.009484882020416197, ""delta_q"": 0.0034490480074240715, ""proxy_implied_ev"": -0.1868851099128993, ""q_current"": 0.2956781418498548, ""q_previous"": 0.29222909384243073, ""side"": ""D"", ""sporttery_odds"": 2.75}]",2352.208813,right_censored
71,40zZ9MQ7,2041744,geo=cn|serial=2609081259,2026-09-28T14:16:09.718945+00:00,2026-09-28T15:20:47.791187+00:00,3878.072242,574,0.252948,47,>20,persists_next_observation,"[3.85, 3.86, 1.86]","[3.93, 3.88, 1.83]","[3.77, 3.77, 1.67]","[3.77, 3.77, 1.67]",2026-09-28T16:43:42+08:00,2026-09-28T15:20:48.044135+00:00,Selling,1,1,-0.1379747940976348,"[{""change_induced_ev_gain"": 0.012144719901598317, ""delta_q"": 0.0072722873662265375, ""proxy_implied_ev"": -0.1379747940976348, ""q_current"": 0.5161827580253684, ""q_previous"": 0.5089104706591419, ""side"": ""A"", ""sporttery_odds"": 1.67}]",12252.208813,right_censored
72,tp6blFo3,2041747,geo=cn|serial=2609081259,2026-09-28T14:16:09.718945+00:00,2026-09-28T15:20:47.791187+00:00,3878.072242,574,0.252948,47,>20,persists_next_observation,"[2.88, 2.98, 2.66]","[2.89, 2.97, 2.67]","[2.82, 2.82, 2.38]","[2.82, 2.82, 2.38]",2026-09-28T21:42:47+08:00,2026-09-28T15:20:48.044135+00:00,Selling,0,1,-0.10192261499411892,"[{""change_induced_ev_gain"": 0.004264559188752319, ""delta_q"": 0.0015122550314724537, ""proxy_implied_ev"": -0.10192261499411892, ""q_current"": 0.31846715780350393, ""q_previous"": 0.3169549027720315, ""side"": ""D"", ""sporttery_odds"": 2.82}]",12252.208813,right_censored
73,jFVbVftH,2041745,geo=cn|serial=2609081259,2026-09-28T14:16:09.718945+00:00,2026-09-28T15:20:47.791187+00:00,3878.072242,574,0.252948,47,>20,persists_next_observation,"[2.38, 3.29, 2.98]","[2.39, 3.28, 2.98]","[2.09, 3.15, 3.0]","[2.09, 3.15, 3.0]",2026-09-28T20:37:07+08:00,2026-09-28T15:20:48.044135+00:00,Selling,0,1,-0.04924845770098396,"[{""change_induced_ev_gain"": 0.0034661646598086876, ""delta_q"": 0.0011003697332725992, ""proxy_implied_ev"": -0.0930178122397497, ""q_current"": 0.28793085325722234, ""q_previous"": 0.28683048352394974, ""side"": ""D"", ""sporttery_odds"": 3.15}, {""change_induced_ev_gain"": 0.0007458804260684349, ""delta_q"": 0.0002486268086894783, ""proxy_implied_ev"": -0.04924845770098396, ""q_current"": 0.3169171807663387, ""q_previous"": 0.3166685539576492, ""side"": ""A"", ""sporttery_odds"": 3.0}]",12252.208813,right_censored
74,rVycBZlo,2041746,geo=cn|serial=2609081259,2026-09-28T14:16:09.718945+00:00,2026-09-28T15:20:47.791187+00:00,3878.072242,574,0.252948,47,>20,persists_next_observation,"[1.98, 3.72, 3.51]","[1.93, 3.68, 3.71]","[1.69, 3.7, 3.74]","[1.69, 3.7, 3.74]",2026-09-28T21:44:47+08:00,2026-09-28T15:20:48.044135+00:00,Selling,0,1,-0.050953412978452794,"[{""change_induced_ev_gain"": 0.020379369016999337, ""delta_q"": 0.01205879823491085, ""proxy_implied_ev"": -0.1734616252619512, ""q_current"": 0.4890759613834609, ""q_previous"": 0.47701716314855, ""side"": ""H"", ""sporttery_odds"": 1.69}, {""change_induced_ev_gain"": 0.00963052862738667, ""delta_q"": 0.00260284557496937, ""proxy_implied_ev"": -0.050953412978452794, ""q_current"": 0.25649907757339113, ""q_previous"": 0.25389623199842176, ""side"": ""D"", ""sporttery_odds"": 3.7}]",12252.208813,right_censored
75,CbRrKL65,2041743,geo=cn|serial=2609081259,2026-09-28T14:16:09.718945+00:00,2026-09-28T15:20:47.791187+00:00,3878.072242,574,0.252948,47,>20,persists_next_observation,"[2.69, 3.53, 2.5]","[2.68, 3.49, 2.52]","[2.69, 3.3, 2.2]","[2.69, 3.3, 2.2]",2026-09-28T20:46:06+08:00,2026-09-28T15:20:48.044135+00:00,Selling,1,1,-0.04994008417129836,"[{""change_induced_ev_gain"": 0.002222562510567208, ""delta_q"": 0.0008262314165677354, ""proxy_implied_ev"": -0.04994008417129836, ""q_current"": 0.3531821248433835, ""q_previous"": 0.3523558934268158, ""side"": ""H"", ""sporttery_odds"": 2.69}, {""change_induced_ev_gain"": 0.008917666469198593, ""delta_q"": 0.002702323172484422, ""proxy_implied_ev"": -0.10500208821923096, ""q_current"": 0.27121148841841486, ""q_previous"": 0.26850916524593044, ""side"": ""D"", ""sporttery_odds"": 3.3}]",12252.208813,right_censored
115,lKvp6VgM,2041742,geo=cn|serial=2608290548,2026-09-28T12:24:28.047600+00:00,2026-09-28T15:27:34.897017+00:00,10986.849417,587,0.356442,57,>20,persists_next_observation,"[2.85, 3.18, 2.51]","[2.68, 3.18, 2.67]","[2.83, 2.75, 2.43]","[2.83, 2.75, 2.43]",2026-09-28T18:15:16+08:00,2026-09-28T15:27:35.253459+00:00,Selling,0,1,-0.005800997989126366,"[{""change_induced_ev_gain"": 0.06072458438649506, ""delta_q"": 0.021457450313249138, ""proxy_implied_ev"": -0.005800997989126366, ""q_current"": 0.35130706784836524, ""q_previous"": 0.3298496175351161, ""side"": ""H"", ""sporttery_odds"": 2.83}, {""change_induced_ev_gain"": 0.0012379599405595854, ""delta_q"": 0.0004501672511125765, ""proxy_implied_ev"": -0.1858072043891661, ""q_current"": 0.2960701074948487, ""q_previous"": 0.2956199402437361, ""side"": ""D"", ""sporttery_odds"": 2.75}]",1945.102983,right_censored
118,40zZ9MQ7,2041744,geo=cn|serial=2608290548,2026-09-28T12:24:28.047600+00:00,2026-09-28T15:27:34.897017+00:00,10986.849417,587,0.356442,57,>20,persists_next_observation,"[3.84, 3.85, 1.86]","[3.93, 3.88, 1.83]","[3.77, 3.77, 1.67]","[3.77, 3.77, 1.67]",2026-09-28T16:43:42+08:00,2026-09-28T15:27:35.253459+00:00,Selling,1,1,-0.1379747940976348,"[{""change_induced_ev_gain"": 0.013228819838296274, ""delta_q"": 0.007921449004967829, ""proxy_implied_ev"": -0.1379747940976348, ""q_current"": 0.5161827580253684, ""q_previous"": 0.5082613090204006, ""side"": ""A"", ""sporttery_odds"": 1.67}]",11845.102983,right_censored
169,40zZ9MQ7,2041744,geo=cn|serial=2608290548,2026-09-28T16:24:13.470475+00:00,2026-09-28T16:30:00.847836+00:00,347.377361,714,0.170404,33,>20,persists_next_observation,"[3.93, 3.88, 1.83]","[3.88, 3.83, 1.86]","[3.77, 3.77, 1.67]","[3.77, 3.77, 1.67]",2026-09-28T16:43:42+08:00,2026-09-28T16:30:01.018240+00:00,Selling,1,1,-0.06827382623882738,"[{""change_induced_ev_gain"": 0.013562531621131205, ""delta_q"": 0.0035974884936687546, ""proxy_implied_ev"": -0.08028060682853311, ""q_current"": 0.24395739871922198, ""q_previous"": 0.24035991022555322, ""side"": ""H"", ""sporttery_odds"": 3.77}, {""change_induced_ev_gain"": 0.013892033067146859, ""delta_q"": 0.003684889407731262, ""proxy_implied_ev"": -0.06827382623882738, ""q_current"": 0.2471422211568097, ""q_previous"": 0.24345733174907844, ""side"": ""D"", ""sporttery_odds"": 3.77}]",8099.152164,right_censored
170,tp6blFo3,2041747,geo=cn|serial=2608290548,2026-09-28T16:24:13.470475+00:00,2026-09-28T16:30:00.847836+00:00,347.377361,714,0.170404,33,>20,persists_next_observation,"[2.89, 2.96, 2.67]","[2.94, 2.95, 2.63]","[2.82, 2.82, 2.38]","[2.82, 2.82, 2.38]",2026-09-28T21:42:47+08:00,2026-09-28T16:30:01.018240+00:00,Selling,0,1,-0.09762147353261308,"[{""change_induced_ev_gain"": 0.0022355623614709673, ""delta_q"": 0.0007927526104506977, ""proxy_implied_ev"": -0.09762147353261308, ""q_current"": 0.31999238527212304, ""q_previous"": 0.31919963266167234, ""side"": ""D"", ""sporttery_odds"": 2.82}, {""change_induced_ev_gain"": 0.01203700302730958, ""delta_q"": 0.005057564297188899, ""proxy_implied_ev"": -0.1457541684427468, ""q_current"": 0.3589268199820392, ""q_previous"": 0.3538692556848503, ""side"": ""A"", ""sporttery_odds"": 2.38}]",8099.152164,right_censored
171,jFVbVftH,2041745,geo=cn|serial=2608290548,2026-09-28T16:24:13.470475+00:00,2026-09-28T16:30:00.847836+00:00,347.377361,714,0.170404,33,>20,persists_next_observation,"[2.4, 3.27, 2.98]","[2.42, 3.2, 3.0]","[2.09, 3.15, 3.0]","[2.09, 3.15, 3.0]",2026-09-28T20:37:07+08:00,2026-09-28T16:30:01.018240+00:00,Selling,0,1,-0.07051698910746229,"[{""change_induced_ev_gain"": 0.019029821105675315, ""delta_q"": 0.006041213049420735, ""proxy_implied_ev"": -0.07051698910746229, ""q_current"": 0.29507397171191674, ""q_previous"": 0.289032758662496, ""side"": ""D"", ""sporttery_odds"": 3.15}]",8099.152164,right_censored
172,rVycBZlo,2041746,geo=cn|serial=2608290548,2026-09-28T16:24:13.470475+00:00,2026-09-28T16:30:00.847836+00:00,347.377361,714,0.170404,33,>20,persists_next_observation,"[1.93, 3.68, 3.71]","[1.91, 3.78, 3.71]","[1.69, 3.7, 3.74]","[1.69, 3.7, 3.74]",2026-09-28T21:44:47+08:00,2026-09-28T16:30:01.018240+00:00,Selling,0,1,-0.04686417434706336,"[{""change_induced_ev_gain"": 0.010047328605085684, ""delta_q"": 0.005945164855080287, ""proxy_implied_ev"": -0.16341429665686547, ""q_current"": 0.49502112623854116, ""q_previous"": 0.4890759613834609, ""side"": ""H"", ""sporttery_odds"": 1.69}, {""change_induced_ev_gain"": 0.0015864713515628527, ""delta_q"": 0.0004241902009526344, ""proxy_implied_ev"": -0.04686417434706336, ""q_current"": 0.2548491512441007, ""q_previous"": 0.25442496104314805, ""side"": ""A"", ""sporttery_odds"": 3.74}]",8099.152164,right_censored
173,CbRrKL65,2041743,geo=cn|serial=2608290548,2026-09-28T16:24:13.470475+00:00,2026-09-28T16:30:00.847836+00:00,347.377361,714,0.170404,33,>20,persists_next_observation,"[2.68, 3.5, 2.51]","[2.71, 3.49, 2.49]","[2.69, 3.3, 2.2]","[2.69, 3.3, 2.2]",2026-09-28T20:46:06+08:00,2026-09-28T16:30:01.018240+00:00,Selling,1,1,-0.1055527215324612,"[{""change_induced_ev_gain"": 0.0026499797587270168, ""delta_q"": 0.0008030241693112172, ""proxy_implied_ev"": -0.1055527215324612, ""q_current"": 0.27104462983864813, ""q_previous"": 0.2702416056693369, ""side"": ""D"", ""sporttery_odds"": 3.3}, {""change_induced_ev_gain"": 0.006747335306751313, ""delta_q"": 0.003066970593977869, ""proxy_implied_ev"": -0.16422463136500376, ""q_current"": 0.37989789483408914, ""q_previous"": 0.3768309242401113, ""side"": ""A"", ""sporttery_odds"": 2.2}]",8099.152164,right_censored
202,40zZ9MQ7,2041744,geo=ru|serial=2608290548,2026-09-28T13:24:06.776645+00:00,2026-09-28T17:17:41.974257+00:00,14015.197612,811,0.191392,49,>20,persists_next_observation,"[3.84, 3.85, 1.86]","[3.92, 3.84, 1.85]","[3.77, 3.77, 1.67]","[3.77, 3.77, 1.67]",2026-09-28T16:43:42+08:00,2026-09-28T17:17:42.165649+00:00,Selling,1,1,-0.07034493076902137,"[{""change_induced_ev_gain"": 0.003933004006861037, ""delta_q"": 0.0010432371370984184, ""proxy_implied_ev"": -0.07034493076902137, ""q_current"": 0.2465928565599413, ""q_previous"": 0.24554961942284287, ""side"": ""D"", ""sporttery_odds"": 3.77}, {""change_induced_ev_gain"": 0.005987760177872178, ""delta_q"": 0.003585485136450406, ""proxy_implied_ev"": -0.1452158537580589, ""q_current"": 0.511846794156851, ""q_previous"": 0.5082613090204006, ""side"": ""A"", ""sporttery_odds"": 1.67}]",5238.025743,right_censored
204,jFVbVftH,2041745,geo=ru|serial=2608290548,2026-09-28T13:24:06.776645+00:00,2026-09-28T17:17:41.974257+00:00,14015.197612,811,0.191392,49,>20,persists_next_observation,"[2.37, 3.3, 2.98]","[2.44, 3.26, 2.93]","[2.09, 3.15, 3.0]","[2.09, 3.15, 3.0]",2026-09-28T20:37:07+08:00,2026-09-28T17:17:42.165649+00:00,Selling,0,1,-0.03213089221833765,"[{""change_induced_ev_gain"": 0.013334741970297975, ""delta_q"": 0.004233251419142214, ""proxy_implied_ev"": -0.08661064107659988, ""q_current"": 0.28996487584869846, ""q_previous"": 0.28573162442955624, ""side"": ""D"", ""sporttery_odds"": 3.15}, {""change_induced_ev_gain"": 0.01862646286468017, ""delta_q"": 0.00620882095489339, ""proxy_implied_ev"": -0.03213089221833765, ""q_current"": 0.3226230359272208, ""q_previous"": 0.3164142149723274, ""side"": ""A"", ""sporttery_odds"": 3.0}]",5238.025743,right_censored
206,CbRrKL65,2041743,geo=ru|serial=2608290548,2026-09-28T13:24:06.776645+00:00,2026-09-28T17:17:41.974257+00:00,14015.197612,811,0.191392,49,>20,persists_next_observation,"[2.67, 3.52, 2.52]","[2.74, 3.48, 2.48]","[2.69, 3.3, 2.2]","[2.69, 3.3, 2.2]",2026-09-28T20:46:06+08:00,2026-09-28T17:17:42.165649+00:00,Selling,1,1,-0.10162494791833598,"[{""change_induced_ev_gain"": 0.010126768273877556, ""delta_q"": 0.0030687176587507747, ""proxy_implied_ev"": -0.10162494791833598, ""q_current"": 0.2722348642671709, ""q_previous"": 0.26916614660842014, ""side"": ""D"", ""sporttery_odds"": 3.3}, {""change_induced_ev_gain"": 0.01326353029600923, ""delta_q"": 0.0060288774072769225, ""proxy_implied_ev"": -0.1595846286977981, ""q_current"": 0.3820069869555463, ""q_previous"": 0.3759781095482694, ""side"": ""A"", ""sporttery_odds"": 2.2}]",5238.025743,right_censored
395,bcfoyOwg,2041775,geo=cn|serial=2609081259,2026-09-29T00:17:37.745506+00:00,2026-09-29T00:27:37.823655+00:00,600.078149,1681,0.175706,50,>20,persists_next_observation,"[1.38, 4.17, 6.75]","[1.38, 4.15, 6.7]","[1.32, 4.25, 7.3]","[1.32, 4.25, 7.3]",2026-09-28T13:51:13+08:00,2026-09-29T00:27:37.999361+00:00,Selling,0,1,-0.02269624573378859,"[{""change_induced_ev_gain"": 0.0025476826042969206, ""delta_q"": 0.0005994547304228048, ""proxy_implied_ev"": -0.0814086680069196, ""q_current"": 0.21613913693954834, ""q_previous"": 0.21553968220912553, ""side"": ""D"", ""sporttery_odds"": 4.25}, {""change_induced_ev_gain"": 0.005267685210213055, ""delta_q"": 0.0007216007137278158, ""proxy_implied_ev"": -0.02269624573378859, ""q_current"": 0.13387722661180979, ""q_previous"": 0.13315562589808197, ""side"": ""A"", ""sporttery_odds"": 7.3}]",6837.655641,ended
396,vgsM35E5,2041780,geo=cn|serial=2609081259,2026-09-29T00:17:37.745506+00:00,2026-09-29T00:27:37.823655+00:00,600.078149,1681,0.175706,50,>20,persists_next_observation,"[1.26, 5.08, 8.55]","[1.26, 5.09, 8.4]","[1.15, 5.8, 11.5]","[1.15, 5.8, 11.5]",2026-09-28T13:51:13+08:00,2026-09-29T00:27:37.999361+00:00,Selling,0,1,0.2343080059042666,"[{""change_induced_ev_gain"": 0.01979106254054106, ""delta_q"": 0.0017209619600470488, ""proxy_implied_ev"": 0.2343080059042666, ""q_current"": 0.10733113094819709, ""q_previous"": 0.10561016898815004, ""side"": ""A"", ""sporttery_odds"": 11.5}]",13078.031369,ended
454,vgsM35E5,2041780,geo=cn|serial=2609081259,2026-09-29T01:22:38.576419+00:00,2026-09-29T02:26:37.979907+00:00,3839.403488,1920,0.1365,52,>20,persists_next_observation,"[1.26, 5.09, 8.4]","[1.23, 5.23, 9.57]","[1.15, 5.8, 11.5]","[1.15, 5.8, 11.5]",2026-09-28T13:51:13+08:00,2026-09-29T02:26:38.116407+00:00,Selling,0,1,-0.1567111468593556,"[{""change_induced_ev_gain"": 0.02041684920446669, ""delta_q"": 0.017753781916927558, ""proxy_implied_ev"": -0.1567111468593556, ""q_current"": 0.7332946549049082, ""q_previous"": 0.7155408729879806, ""side"": ""H"", ""sporttery_odds"": 1.15}]",5937.875117,ended
492,UsxpFQlm,2041785,geo=mx|serial=2609081259,2026-09-29T04:25:53.792586+00:00,2026-09-29T06:22:48.942702+00:00,7015.150116,2371,0.193361,87,>20,persists_next_observation,"[3.32, 3.27, 2.17]","[3.32, 3.22, 2.19]","[3.05, 3.0, 2.14]","[3.05, 3.0, 2.14]",2026-09-29T09:55:50+08:00,2026-09-29T06:22:49.136063+00:00,Selling,0,1,-0.12795746211969794,"[{""change_induced_ev_gain"": 0.01289964552955658, ""delta_q"": 0.004299881843185527, ""proxy_implied_ev"": -0.12795746211969794, ""q_current"": 0.2906808459601007, ""q_previous"": 0.28638096411691516, ""side"": ""D"", ""sporttery_odds"": 3.0}]",17668.22877,ended
495,xb24bvhD,2041784,geo=mx|serial=2609081259,2026-09-29T04:25:53.792586+00:00,2026-09-29T06:22:48.942702+00:00,7015.150116,2371,0.193361,87,>20,persists_next_observation,"[1.26, 5.37, 11.47]","[1.26, 5.35, 11.15]","[1.18, 5.15, 11.5]","[1.18, 5.15, 11.5]",2026-09-29T09:55:50+08:00,2026-09-29T06:22:49.136063+00:00,Selling,0,1,-0.03631165117941382,"[{""change_induced_ev_gain"": 0.0006640053056120005, ""delta_q"": 0.00012893306905087387, ""proxy_implied_ev"": -0.10057059390247669, ""q_current"": 0.1746464866208783, ""q_previous"": 0.17451755355182744, ""side"": ""D"", ""sporttery_odds"": 5.15}, {""change_induced_ev_gain"": 0.024077928629382635, ""delta_q"": 0.002093732924294142, ""proxy_implied_ev"": -0.03631165117941382, ""q_current"": 0.08379898685396402, ""q_previous"": 0.08170525392966987, ""side"": ""A"", ""sporttery_odds"": 11.5}]",11608.231486,ended
496,hOq1JfnT,2041783,geo=mx|serial=2609081259,2026-09-29T04:25:53.792586+00:00,2026-09-29T06:22:48.942702+00:00,7015.150116,2371,0.193361,87,>20,persists_next_observation,"[1.63, 3.64, 5.68]","[1.63, 3.57, 5.87]","[1.49, 3.5, 5.8]","[1.49, 3.5, 5.8]",2026-09-29T09:55:50+08:00,2026-09-29T06:22:49.136063+00:00,Selling,0,1,-0.07854998610465258,"[{""change_induced_ev_gain"": 0.00025171820241409845, ""delta_q"": 0.0001689383908819453, ""proxy_implied_ev"": -0.140846790725062, ""q_current"": 0.5766128921308309, ""q_previous"": 0.5764439537399489, ""side"": ""H"", ""sporttery_odds"": 1.49}, {""change_induced_ev_gain"": 0.017984971014466028, ""delta_q"": 0.005138563146990294, ""proxy_implied_ev"": -0.07854998610465258, ""q_current"": 0.26327143254152785, ""q_previous"": 0.25813286939453756, ""side"": ""D"", ""sporttery_odds"": 3.5}]",3302.997804,ended
579,UsxpFQlm,2041785,geo=cn|serial=2609081259,2026-09-29T03:21:54.537521+00:00,2026-09-29T07:22:31.637794+00:00,14437.100273,2488,0.1728,91,>20,persists_next_observation,"[3.33, 3.27, 2.17]","[3.32, 3.22, 2.19]","[3.05, 3.0, 2.14]","[3.05, 3.0, 2.14]",2026-09-29T09:55:50+08:00,2026-09-29T07:22:31.810594+00:00,Selling,0,1,-0.12795746211969794,"[{""change_induced_ev_gain"": 0.0014214268944036934, ""delta_q"": 0.00046604160472252243, ""proxy_implied_ev"": -0.1401275336824851, ""q_current"": 0.28192539879262785, ""q_previous"": 0.2814593571879053, ""side"": ""H"", ""sporttery_odds"": 3.05}, {""change_induced_ev_gain"": 0.012171290691563752, ""delta_q"": 0.004057096897187917, ""proxy_implied_ev"": -0.12795746211969794, ""q_current"": 0.2906808459601007, ""q_previous"": 0.28662374906291277, ""side"": ""D"", ""sporttery_odds"": 3.0}]",14085.533678,ended
582,xb24bvhD,2041784,geo=cn|serial=2609081259,2026-09-29T03:21:54.537521+00:00,2026-09-29T07:22:31.637794+00:00,14437.100273,2488,0.1728,91,>20,persists_next_observation,"[1.26, 5.39, 11.51]","[1.27, 5.38, 10.92]","[1.18, 5.15, 11.5]","[1.18, 5.15, 11.5]",2026-09-29T09:55:50+08:00,2026-09-29T07:22:31.810594+00:00,Selling,0,1,-0.011021943194891026,"[{""change_induced_ev_gain"": 0.0026864609170081724, ""delta_q"": 0.0005216428965064412, ""proxy_implied_ev"": -0.10104819850322078, ""q_current"": 0.17455374786345226, ""q_previous"": 0.17403210496694582, ""side"": ""D"", ""sporttery_odds"": 5.15}, {""change_induced_ev_gain"": 0.05175998327112668, ""delta_q"": 0.004500868110532755, ""proxy_implied_ev"": -0.011021943194891026, ""q_current"": 0.08599809189609643, ""q_previous"": 0.08149722378556368, ""side"": ""A"", ""sporttery_odds"": 11.5}]",8025.536394,ended
653,UsxpFQlm,2041785,geo=fr|serial=2609081259,2026-09-29T04:18:22.686423+00:00,2026-09-29T07:30:51.999768+00:00,11549.313345,2503,0.17236,90,>20,persists_next_observation,"[3.32, 3.27, 2.17]","[3.31, 3.22, 2.19]","[3.05, 3.0, 2.14]","[3.05, 3.0, 2.14]",2026-09-29T09:55:50+08:00,2026-09-29T07:30:52.172128+00:00,Selling,0,1,-0.12869958211299393,"[{""change_induced_ev_gain"": 0.0014289012090532348, ""delta_q"": 0.0004684921996895852, ""proxy_implied_ev"": -0.1382637055318946, ""q_current"": 0.2825364899895428, ""q_previous"": 0.2820679977898532, ""side"": ""H"", ""sporttery_odds"": 3.05}, {""change_induced_ev_gain"": 0.01215752553626065, ""delta_q"": 0.004052508512086883, ""proxy_implied_ev"": -0.12869958211299393, ""q_current"": 0.29043347262900204, ""q_previous"": 0.28638096411691516, ""side"": ""D"", ""sporttery_odds"": 3.0}]",13585.171704,ended
656,xb24bvhD,2041784,geo=fr|serial=2609081259,2026-09-29T04:18:22.686423+00:00,2026-09-29T07:30:51.999768+00:00,11549.313345,2503,0.17236,90,>20,persists_next_observation,"[1.26, 5.39, 11.51]","[1.27, 5.38, 10.92]","[1.18, 5.15, 11.5]","[1.18, 5.15, 11.5]",2026-09-29T09:55:50+08:00,2026-09-29T07:30:52.172128+00:00,Selling,0,1,-0.011021943194891026,"[{""change_induced_ev_gain"": 0.0026864609170081724, ""delta_q"": 0.0005216428965064412, ""proxy_implied_ev"": -0.10104819850322078, ""q_current"": 0.17455374786345226, ""q_previous"": 0.17403210496694582, ""side"": ""D"", ""sporttery_odds"": 5.15}, {""change_induced_ev_gain"": 0.05175998327112668, ""delta_q"": 0.004500868110532755, ""proxy_implied_ev"": -0.011021943194891026, ""q_current"": 0.08599809189609643, ""q_previous"": 0.08149722378556368, ""side"": ""A"", ""sporttery_odds"": 11.5}]",7525.17442,ended
758,hSJlvG55,2041787,geo=cn|serial=2609081259,2026-09-29T08:19:27.055006+00:00,2026-09-29T09:22:22.412479+00:00,3775.357473,2726,0.166822,95,>20,persists_next_observation,"[1.76, 3.4, 4.9]","[1.76, 3.42, 4.9]","[1.55, 3.4, 5.25]","[1.55, 3.4, 5.25]",2026-09-29T12:54:07+08:00,2026-09-29T09:22:22.579301+00:00,Selling,0,1,0.006356444976624909,"[{""change_induced_ev_gain"": 0.0013341976563096493, ""delta_q"": 0.0008607726814900962, ""proxy_implied_ev"": -0.17280549787906185, ""q_current"": 0.5336738723360891, ""q_previous"": 0.532813099654599, ""side"": ""H"", ""sporttery_odds"": 1.55}, {""change_induced_ev_gain"": 0.0016231713422385427, ""delta_q"": 0.0003091754937597224, ""proxy_implied_ev"": 0.006356444976624909, ""q_current"": 0.19168694190030952, ""q_previous"": 0.1913777664065498, ""side"": ""A"", ""sporttery_odds"": 5.25}]",33757.587521,right_censored
759,AeCCmlWQ,2041782,geo=cn|serial=2609081259,2026-09-29T08:19:27.055006+00:00,2026-09-29T09:22:22.412479+00:00,3775.357473,2726,0.166822,95,>20,persists_next_observation,"[9.44, 5.31, 1.31]","[9.2, 5.32, 1.32]","[9.45, 5.45, 1.19]","[9.45, 5.45, 1.19]",2026-09-29T13:07:34+08:00,2026-09-29T09:22:22.579301+00:00,Selling,0,1,-0.025674786816697548,"[{""change_induced_ev_gain"": 0.027799854250331577, ""delta_q"": 0.002941783518553606, ""proxy_implied_ev"": -0.025674786816697548, ""q_current"": 0.10310319716225423, ""q_previous"": 0.10016141364370063, ""side"": ""H"", ""sporttery_odds"": 9.45}, {""change_induced_ev_gain"": 0.0012754452061725444, ""delta_q"": 0.0002340266433344118, ""proxy_implied_ev"": -0.028271747045972573, ""q_current"": 0.1782987620099133, ""q_previous"": 0.17806473536657888, ""side"": ""D"", ""sporttery_odds"": 5.45}]",33757.587521,right_censored
760,UsxpFQlm,2041785,geo=cn|serial=2609081259,2026-09-29T08:19:27.055006+00:00,2026-09-29T09:22:22.412479+00:00,3775.357473,2726,0.166822,95,>20,persists_next_observation,"[3.32, 3.22, 2.19]","[3.32, 3.22, 2.2]","[3.05, 3.0, 2.14]","[3.05, 3.0, 2.14]",2026-09-29T09:55:50+08:00,2026-09-29T09:22:22.579301+00:00,Selling,0,1,-0.12626004848794192,"[{""change_induced_ev_gain"": 0.001673724827055839, ""delta_q"": 0.0005487622383789637, ""proxy_implied_ev"": -0.13845380885542924, ""q_current"": 0.2824741610310068, ""q_previous"": 0.28192539879262785, ""side"": ""H"", ""sporttery_odds"": 3.05}, {""change_induced_ev_gain"": 0.0016974136317560728, ""delta_q"": 0.000565804543918691, ""proxy_implied_ev"": -0.12626004848794192, ""q_current"": 0.2912466505040194, ""q_previous"": 0.2906808459601007, ""side"": ""D"", ""sporttery_odds"": 3.0}]",6894.758993,ended
762,xb24bvhD,2041784,geo=cn|serial=2609081259,2026-09-29T08:19:27.055006+00:00,2026-09-29T09:22:22.412479+00:00,3775.357473,2726,0.166822,95,>20,persists_next_observation,"[1.27, 5.38, 10.92]","[1.27, 5.32, 11.3]","[1.18, 5.15, 11.5]","[1.18, 5.15, 11.5]",2026-09-29T09:55:50+08:00,2026-09-29T09:22:22.579301+00:00,Selling,0,1,-0.09006948736447862,"[{""change_induced_ev_gain"": 0.0008063862852376168, ""delta_q"": 0.0006833782078284889, ""proxy_implied_ev"": -0.12664478463103002, ""q_current"": 0.7401315384482797, ""q_previous"": 0.7394481602404512, ""side"": ""H"", ""sporttery_odds"": 1.18}, {""change_induced_ev_gain"": 0.010978711138742128, ""delta_q"": 0.002131788570629539, ""proxy_implied_ev"": -0.09006948736447862, ""q_current"": 0.1766855364340818, ""q_previous"": 0.17455374786345226, ""side"": ""D"", ""sporttery_odds"": 5.15}]",834.761709,ended
763,hOq1JfnT,2041783,geo=cn|serial=2609081259,2026-09-29T08:19:27.055006+00:00,2026-09-29T09:22:22.412479+00:00,3775.357473,2726,0.166822,95,>20,persists_next_observation,"[1.63, 3.58, 5.95]","[1.63, 3.58, 5.99]","[1.47, 3.5, 6.1]","[1.47, 3.5, 6.1]",2026-09-29T15:14:30+08:00,2026-09-29T09:22:22.579301+00:00,Selling,0,1,-0.07748634705871238,"[{""change_induced_ev_gain"": 0.0009002472839477793, ""delta_q"": 0.0006124131183318227, ""proxy_implied_ev"": -0.14902360210888344, ""q_current"": 0.578895508769467, ""q_previous"": 0.5782830956511352, ""side"": ""H"", ""sporttery_odds"": 1.47}, {""change_induced_ev_gain"": 0.000975926491643353, ""delta_q"": 0.0002788361404695294, ""proxy_implied_ev"": -0.07748634705871238, ""q_current"": 0.26357532941179646, ""q_previous"": 0.2632964932713269, ""side"": ""D"", ""sporttery_odds"": 3.5}]",3234.786973,ended
764,2T1rwtCi,2041786,geo=cn|serial=2609081259,2026-09-29T08:19:27.055006+00:00,2026-09-29T09:22:22.412479+00:00,3775.357473,2726,0.166822,95,>20,persists_next_observation,"[1.21, 6.77, 11.84]","[1.21, 6.78, 11.84]","[1.14, 6.05, 11.5]","[1.14, 6.05, 11.5]",2026-09-29T12:51:29+08:00,2026-09-29T09:22:22.579301+00:00,Selling,0,1,-0.08230793324086083,"[{""change_induced_ev_gain"": 0.0001831949133290167, ""delta_q"": 0.00016069729239387431, ""proxy_implied_ev"": -0.10983539775147999, ""q_current"": 0.7808461423232632, ""q_previous"": 0.7806854450308693, ""side"": ""H"", ""sporttery_odds"": 1.14}, {""change_induced_ev_gain"": 0.00018886003578220956, ""delta_q"": 1.6422611807148657e-05, ""proxy_implied_ev"": -0.08230793324086083, ""q_current"": 0.07979931015296862, ""q_previous"": 0.07978288754116147, ""side"": ""A"", ""sporttery_odds"": 11.5}]",834.761709,ended
952,hSJlvG55,2041787,geo=cn|serial=2609081259,2026-09-29T10:18:27.637398+00:00,2026-09-29T10:33:50.585416+00:00,922.948018,2870,0.244187,90,>20,persists_next_observation,"[1.76, 3.42, 4.9]","[1.76, 3.43, 4.9]","[1.55, 3.4, 5.25]","[1.55, 3.4, 5.25]",2026-09-29T12:54:07+08:00,2026-09-29T10:33:50.829603+00:00,Selling,0,1,0.007162877608221763,"[{""change_induced_ev_gain"": 0.000662863185819912, ""delta_q"": 0.0004276536682709109, ""proxy_implied_ev"": -0.17214263469324198, ""q_current"": 0.53410152600436, ""q_previous"": 0.5336738723360891, ""side"": ""H"", ""sporttery_odds"": 1.55}, {""change_induced_ev_gain"": 0.0008064326315966736, ""delta_q"": 0.00015360621554222353, ""proxy_implied_ev"": 0.007162877608221763, ""q_current"": 0.19184054811585174, ""q_previous"": 0.19168694190030952, ""side"": ""A"", ""sporttery_odds"": 5.25}]",29469.414584,right_censored
953,AeCCmlWQ,2041782,geo=cn|serial=2609081259,2026-09-29T10:18:27.637398+00:00,2026-09-29T10:33:50.585416+00:00,922.948018,2870,0.244187,90,>20,persists_next_observation,"[9.2, 5.32, 1.32]","[9.22, 5.36, 1.31]","[9.45, 5.45, 1.19]","[9.45, 5.45, 1.19]",2026-09-29T13:07:34+08:00,2026-09-29T10:33:50.829603+00:00,Selling,0,1,-0.14171473605861162,"[{""change_induced_ev_gain"": 0.0031535953562678385, ""delta_q"": 0.0026500801313175115, ""proxy_implied_ev"": -0.14171473605861162, ""q_current"": 0.7212481209591499, ""q_previous"": 0.7185980408278324, ""side"": ""A"", ""sporttery_odds"": 1.19}]",29469.414584,right_censored
954,UsxpFQlm,2041785,geo=cn|serial=2609081259,2026-09-29T10:18:27.637398+00:00,2026-09-29T10:33:50.585416+00:00,922.948018,2870,0.244187,90,>20,persists_next_observation,"[3.32, 3.22, 2.2]","[3.35, 3.25, 2.19]","[3.05, 3.0, 2.14]","[3.05, 3.0, 2.14]",2026-09-29T09:55:50+08:00,2026-09-29T10:33:50.829603+00:00,Selling,0,1,-0.08058915218120455,"[{""change_induced_ev_gain"": 0.007173384503751271, ""delta_q"": 0.0033520488335286314, ""proxy_implied_ev"": -0.08058915218120455, ""q_current"": 0.4296312372985025, ""q_previous"": 0.42627918846497387, ""side"": ""A"", ""sporttery_odds"": 2.14}]",2606.586056,ended
956,KxQwPbIi,2041781,geo=cn|serial=2609081259,2026-09-29T10:18:27.637398+00:00,2026-09-29T10:33:50.585416+00:00,922.948018,2870,0.244187,90,>20,persists_next_observation,"[4.34, 3.41, 1.85]","[4.36, 3.44, 1.85]","[4.35, 3.42, 1.65]","[4.35, 3.42, 1.65]",2026-09-29T17:19:54+08:00,2026-09-29T10:33:50.829603+00:00,Selling,1,1,-0.1590653926139377,"[{""change_induced_ev_gain"": 0.0028560883946803506, ""delta_q"": 0.0017309626634426367, ""proxy_implied_ev"": -0.1590653926139377, ""q_current"": 0.5096573378097348, ""q_previous"": 0.5079263751462921, ""side"": ""A"", ""sporttery_odds"": 1.65}]",2666.62121,ended
957,xb24bvhD,2041784,geo=cn|serial=2609081259,2026-09-29T10:18:27.637398+00:00,2026-09-29T10:33:50.585416+00:00,922.948018,2870,0.244187,90,>20,persists_next_observation,"[1.27, 5.32, 11.3]","[1.26, 5.44, 11.74]","[1.17, 5.25, 12.0]","[1.17, 5.25, 12.0]",2026-09-29T17:30:42+08:00,2026-09-29T10:33:50.829603+00:00,Selling,0,1,-0.12617641418086734,"[{""change_induced_ev_gain"": 0.007869685834645427, ""delta_q"": 0.006726227209098656, ""proxy_implied_ev"": -0.12617641418086734, ""q_current"": 0.7468577656573784, ""q_previous"": 0.7401315384482797, ""side"": ""H"", ""sporttery_odds"": 1.17}]",10588.304877,ended
958,hOq1JfnT,2041783,geo=cn|serial=2609081259,2026-09-29T10:18:27.637398+00:00,2026-09-29T10:33:50.585416+00:00,922.948018,2870,0.244187,90,>20,persists_next_observation,"[1.63, 3.58, 5.99]","[1.62, 3.61, 6.06]","[1.45, 3.6, 6.2]","[1.45, 3.6, 6.2]",2026-09-29T18:11:04+08:00,2026-09-29T10:33:50.829603+00:00,Selling,0,1,-0.15505114272015352,"[{""change_induced_ev_gain"": 0.005550369564119251, ""delta_q"": 0.0038278410787029316, ""proxy_implied_ev"": -0.15505114272015352, ""q_current"": 0.58272334984817, ""q_previous"": 0.578895508769467, ""side"": ""H"", ""sporttery_odds"": 1.45}]",4482.693549,ended
959,2T1rwtCi,2041786,geo=cn|serial=2609081259,2026-09-29T10:18:27.637398+00:00,2026-09-29T10:33:50.585416+00:00,922.948018,2870,0.244187,90,>20,persists_next_observation,"[1.21, 6.78, 11.84]","[1.21, 6.8, 11.93]","[1.13, 6.2, 12.0]","[1.13, 6.2, 12.0]",2026-09-29T17:30:54+08:00,2026-09-29T10:33:50.829603+00:00,Selling,0,1,-0.11675012260652307,"[{""change_induced_ev_gain"": 0.0008937365681895325, ""delta_q"": 0.0007909173169818873, ""proxy_implied_ev"": -0.11675012260652307, ""q_current"": 0.7816370596402451, ""q_previous"": 0.7808461423232632, ""side"": ""H"", ""sporttery_odds"": 1.13}]",8697.685126,ended
1042,hSJlvG55,2041787,geo=mx|serial=2609081259,2026-09-29T07:18:31.460370+00:00,2026-09-29T11:31:04.514210+00:00,15153.05384,2985,0.172178,98,>20,persists_next_observation,"[1.72, 3.44, 5.09]","[1.76, 3.42, 4.88]","[1.55, 3.4, 5.25]","[1.55, 3.4, 5.25]",2026-09-29T12:54:07+08:00,2026-09-29T11:31:04.686388+00:00,Selling,0,1,0.009687643780992738,"[{""change_induced_ev_gain"": 0.00808031863268317, ""delta_q"": 0.002376564303730344, ""proxy_implied_ev"": -0.0669597668830838, ""q_current"": 0.2744235979755636, ""q_previous"": 0.27204703367183325, ""side"": ""D"", ""sporttery_odds"": 3.4}, {""change_induced_ev_gain"": 0.04442842411236619, ""delta_q"": 0.008462556973784036, ""proxy_implied_ev"": 0.009687643780992738, ""q_current"": 0.19232145595828432, ""q_previous"": 0.18385889898450028, ""side"": ""A"", ""sporttery_odds"": 5.25}]",26035.48579,right_censored
1043,AeCCmlWQ,2041782,geo=mx|serial=2609081259,2026-09-29T07:18:31.460370+00:00,2026-09-29T11:31:04.514210+00:00,15153.05384,2985,0.172178,98,>20,persists_next_observation,"[9.52, 5.25, 1.31]","[9.15, 5.36, 1.31]","[9.45, 5.45, 1.19]","[9.45, 5.45, 1.19]",2026-09-29T13:07:34+08:00,2026-09-29T11:31:04.686388+00:00,Selling,0,1,-0.02495117711282968,"[{""change_induced_ev_gain"": 0.03759615177116793, ""delta_q"": 0.00397842875885375, ""proxy_implied_ev"": -0.02495117711282968, ""q_current"": 0.10317976961768999, ""q_previous"": 0.09920134085883624, ""side"": ""H"", ""sporttery_odds"": 9.45}]",26035.48579,right_censored
1136,AeCCmlWQ,2041782,geo=mx|serial=2608290548,2026-09-29T12:27:57.297807+00:00,2026-09-29T12:29:05.578582+00:00,68.280775,3102,0.242888,35,>20,one_step_reversion,"[9.52, 5.45, 1.3]","[9.51, 5.48, 1.3]","[9.45, 5.45, 1.19]","[9.45, 5.45, 1.19]",2026-09-29T13:07:34+08:00,2026-09-29T12:29:05.821470+00:00,Selling,0,1,-0.05977503358854097,"[{""change_induced_ev_gain"": 0.0017814875411808475, ""delta_q"": 0.00018851720012495743, ""proxy_implied_ev"": -0.05977503358854097, ""q_current"": 0.09949470544036604, ""q_previous"": 0.09930618824024108, ""side"": ""H"", ""sporttery_odds"": 9.45}, {""change_induced_ev_gain"": 0.0007320666631040684, ""delta_q"": 0.0006151820698353516, ""proxy_implied_ev"": -0.13386797538609363, ""q_current"": 0.7278420374906777, ""q_previous"": 0.7272268554208423, ""side"": ""A"", ""sporttery_odds"": 1.19}]",22554.421418,right_censored
1138,KxQwPbIi,2041781,geo=mx|serial=2608290548,2026-09-29T12:27:57.297807+00:00,2026-09-29T12:29:05.578582+00:00,68.280775,3102,0.242888,35,>20,one_step_reversion,"[4.25, 3.42, 1.88]","[4.26, 3.43, 1.87]","[4.16, 3.25, 1.72]","[4.16, 3.25, 1.72]",2026-09-29T19:45:13+08:00,2026-09-29T12:29:05.821470+00:00,Selling,1,1,-0.133132956908951,"[{""change_induced_ev_gain"": 0.0034394702701501245, ""delta_q"": 0.001999692017529142, ""proxy_implied_ev"": -0.133132956908951, ""q_current"": 0.5039924669134006, ""q_previous"": 0.5019927748958715, ""side"": ""A"", ""sporttery_odds"": 1.72}]",22554.421418,right_censored
1139,xb24bvhD,2041784,geo=mx|serial=2608290548,2026-09-29T12:27:57.297807+00:00,2026-09-29T12:29:05.578582+00:00,68.280775,3102,0.242888,35,>20,one_step_reversion,"[1.24, 5.67, 12.09]","[1.24, 5.68, 12.09]","[1.17, 5.25, 12.0]","[1.17, 5.25, 12.0]",2026-09-29T17:30:42+08:00,2026-09-29T12:29:05.821470+00:00,Selling,0,1,-0.06821599453178406,"[{""change_induced_ev_gain"": 0.0002581230681274105, ""delta_q"": 0.00022061800694650469, ""proxy_implied_ev"": -0.11422282980177711, ""q_current"": 0.7570745044429256, ""q_previous"": 0.7568538864359791, ""side"": ""H"", ""sporttery_odds"": 1.17}, {""change_induced_ev_gain"": 0.0002715298547031897, ""delta_q"": 2.2627487891932474e-05, ""proxy_implied_ev"": -0.06821599453178406, ""q_current"": 0.07764866712235133, ""q_previous"": 0.0776260396344594, ""side"": ""A"", ""sporttery_odds"": 12.0}]",3673.311711,ended
1140,hOq1JfnT,2041783,geo=mx|serial=2608290548,2026-09-29T12:27:57.297807+00:00,2026-09-29T12:29:05.578582+00:00,68.280775,3102,0.242888,35,>20,one_step_reversion,"[1.62, 3.58, 6.06]","[1.63, 3.57, 6.06]","[1.44, 3.62, 6.3]","[1.44, 3.62, 6.3]",2026-09-29T19:44:45+08:00,2026-09-29T12:29:05.821470+00:00,Selling,0,1,-0.017968128450541188,"[{""change_induced_ev_gain"": 0.0053788608135729435, ""delta_q"": 0.0014858731529207025, ""proxy_implied_ev"": -0.042148878548984414, ""q_current"": 0.2645997573069104, ""q_previous"": 0.2631138841539897, ""side"": ""D"", ""sporttery_odds"": 3.62}, {""change_induced_ev_gain"": 0.002779306663471462, ""delta_q"": 0.000441159787852613, ""proxy_implied_ev"": -0.017968128450541188, ""q_current"": 0.15587807484912045, ""q_previous"": 0.15543691506126783, ""side"": ""A"", ""sporttery_odds"": 6.3}]",22554.421418,right_censored
1171,AeCCmlWQ,2041782,geo=mx|serial=2608290548,2026-09-29T12:29:05.578582+00:00,2026-09-29T12:30:04.490487+00:00,58.911905,3105,0.132183,35,>20,one_step_reversion,"[9.51, 5.48, 1.3]","[9.52, 5.45, 1.3]","[9.45, 5.45, 1.19]","[9.45, 5.45, 1.19]",2026-09-29T13:07:34+08:00,2026-09-29T12:30:04.622670+00:00,Selling,0,1,-0.054605087952904974,"[{""change_induced_ev_gain"": 0.004380161021282701, ""delta_q"": 0.0008036992699601286, ""proxy_implied_ev"": -0.054605087952904974, ""q_current"": 0.1734669563389165, ""q_previous"": 0.17266325706895638, ""side"": ""D"", ""sporttery_odds"": 5.45}]",22495.509513,right_censored
1173,KxQwPbIi,2041781,geo=mx|serial=2608290548,2026-09-29T12:29:05.578582+00:00,2026-09-29T12:30:04.490487+00:00,58.911905,3105,0.132183,35,>20,one_step_reversion,"[4.26, 3.43, 1.87]","[4.25, 3.42, 1.88]","[4.16, 3.25, 1.72]","[4.16, 3.25, 1.72]",2026-09-29T19:45:13+08:00,2026-09-29T12:30:04.622670+00:00,Selling,1,1,-0.076238801433969,"[{""change_induced_ev_gain"": 0.0034188984221984954, ""delta_q"": 0.0008218505822592537, ""proxy_implied_ev"": -0.076238801433969, ""q_current"": 0.22205798042452668, ""q_previous"": 0.22123612984226743, ""side"": ""H"", ""sporttery_odds"": 4.16}, {""change_induced_ev_gain"": 0.0038279846646267768, ""delta_q"": 0.0011778414352697775, ""proxy_implied_ev"": -0.10316495479129395, ""q_current"": 0.27594924467960186, ""q_previous"": 0.2747714032443321, ""side"": ""D"", ""sporttery_odds"": 3.25}]",22495.509513,right_censored
1174,xb24bvhD,2041784,geo=mx|serial=2608290548,2026-09-29T12:29:05.578582+00:00,2026-09-29T12:30:04.490487+00:00,58.911905,3105,0.132183,35,>20,one_step_reversion,"[1.24, 5.68, 12.09]","[1.24, 5.67, 12.09]","[1.17, 5.25, 12.0]","[1.17, 5.25, 12.0]",2026-09-29T17:30:42+08:00,2026-09-29T12:30:04.622670+00:00,Selling,0,1,-0.13101961186980193,"[{""change_induced_ev_gain"": 0.001277038847901285, ""delta_q"": 0.00024324549483834002, ""proxy_implied_ev"": -0.13101961186980193, ""q_current"": 0.16552007392956153, ""q_previous"": 0.1652768284347232, ""side"": ""D"", ""sporttery_odds"": 5.25}]",3614.399806,ended
1175,hOq1JfnT,2041783,geo=mx|serial=2608290548,2026-09-29T12:29:05.578582+00:00,2026-09-29T12:30:04.490487+00:00,58.911905,3105,0.132183,35,>20,one_step_reversion,"[1.63, 3.57, 6.06]","[1.62, 3.58, 6.06]","[1.44, 3.62, 6.3]","[1.44, 3.62, 6.3]",2026-09-29T19:44:45+08:00,2026-09-29T12:30:04.622670+00:00,Selling,0,1,-0.16271315086997074,"[{""change_induced_ev_gain"": 0.0027749274347136144, ""delta_q"": 0.0019270329407733433, ""proxy_implied_ev"": -0.16271315086997074, ""q_current"": 0.5814492007847426, ""q_previous"": 0.5795221678439693, ""side"": ""H"", ""sporttery_odds"": 1.44}]",22495.509513,right_censored
1206,AeCCmlWQ,2041782,geo=mx|serial=2608290548,2026-09-29T12:30:04.490487+00:00,2026-09-29T12:31:01.980137+00:00,57.48965,3108,0.262926,35,>20,persists_next_observation,"[9.52, 5.45, 1.3]","[9.51, 5.48, 1.3]","[9.45, 5.45, 1.19]","[9.45, 5.45, 1.19]",2026-09-29T13:07:34+08:00,2026-09-29T12:31:02.243063+00:00,Selling,0,1,-0.05977503358854097,"[{""change_induced_ev_gain"": 0.0017814875411808475, ""delta_q"": 0.00018851720012495743, ""proxy_implied_ev"": -0.05977503358854097, ""q_current"": 0.09949470544036604, ""q_previous"": 0.09930618824024108, ""side"": ""H"", ""sporttery_odds"": 9.45}, {""change_induced_ev_gain"": 0.0007320666631040684, ""delta_q"": 0.0006151820698353516, ""proxy_implied_ev"": -0.13386797538609363, ""q_current"": 0.7278420374906777, ""q_previous"": 0.7272268554208423, ""side"": ""A"", ""sporttery_odds"": 1.19}]",22438.019863,right_censored
1208,KxQwPbIi,2041781,geo=mx|serial=2608290548,2026-09-29T12:30:04.490487+00:00,2026-09-29T12:31:01.980137+00:00,57.48965,3108,0.262926,35,>20,persists_next_observation,"[4.25, 3.42, 1.88]","[4.26, 3.43, 1.87]","[4.16, 3.25, 1.72]","[4.16, 3.25, 1.72]",2026-09-29T19:45:13+08:00,2026-09-29T12:31:02.243063+00:00,Selling,1,1,-0.133132956908951,"[{""change_induced_ev_gain"": 0.0034394702701501245, ""delta_q"": 0.001999692017529142, ""proxy_implied_ev"": -0.133132956908951, ""q_current"": 0.5039924669134006, ""q_previous"": 0.5019927748958715, ""side"": ""A"", ""sporttery_odds"": 1.72}]",22438.019863,right_censored
1209,xb24bvhD,2041784,geo=mx|serial=2608290548,2026-09-29T12:30:04.490487+00:00,2026-09-29T12:31:01.980137+00:00,57.48965,3108,0.262926,35,>20,persists_next_observation,"[1.24, 5.67, 12.09]","[1.24, 5.68, 12.09]","[1.17, 5.25, 12.0]","[1.17, 5.25, 12.0]",2026-09-29T17:30:42+08:00,2026-09-29T12:31:02.243063+00:00,Selling,0,1,-0.06821599453178406,"[{""change_induced_ev_gain"": 0.0002581230681274105, ""delta_q"": 0.00022061800694650469, ""proxy_implied_ev"": -0.11422282980177711, ""q_current"": 0.7570745044429256, ""q_previous"": 0.7568538864359791, ""side"": ""H"", ""sporttery_odds"": 1.17}, {""change_induced_ev_gain"": 0.0002715298547031897, ""delta_q"": 2.2627487891932474e-05, ""proxy_implied_ev"": -0.06821599453178406, ""q_current"": 0.07764866712235133, ""q_previous"": 0.0776260396344594, ""side"": ""A"", ""sporttery_odds"": 12.0}]",3556.910156,ended
1210,hOq1JfnT,2041783,geo=mx|serial=2608290548,2026-09-29T12:30:04.490487+00:00,2026-09-29T12:31:01.980137+00:00,57.48965,3108,0.262926,35,>20,persists_next_observation,"[1.62, 3.58, 6.06]","[1.63, 3.57, 6.06]","[1.44, 3.62, 6.3]","[1.44, 3.62, 6.3]",2026-09-29T19:44:45+08:00,2026-09-29T12:31:02.243063+00:00,Selling,0,1,-0.017968128450541188,"[{""change_induced_ev_gain"": 0.0053788608135729435, ""delta_q"": 0.0014858731529207025, ""proxy_implied_ev"": -0.042148878548984414, ""q_current"": 0.2645997573069104, ""q_previous"": 0.2631138841539897, ""side"": ""D"", ""sporttery_odds"": 3.62}, {""change_induced_ev_gain"": 0.002779306663471462, ""delta_q"": 0.000441159787852613, ""proxy_implied_ev"": -0.017968128450541188, ""q_current"": 0.15587807484912045, ""q_previous"": 0.15543691506126783, ""side"": ""A"", ""sporttery_odds"": 6.3}]",22438.019863,right_censored
1241,AeCCmlWQ,2041782,geo=mx|serial=2608290548,2026-09-29T12:32:23.568742+00:00,2026-09-29T12:33:06.639416+00:00,43.070674,3113,0.219721,35,>20,one_step_reversion,"[9.51, 5.48, 1.3]","[9.52, 5.45, 1.3]","[9.45, 5.45, 1.19]","[9.45, 5.45, 1.19]",2026-09-29T13:07:34+08:00,2026-09-29T12:33:06.859137+00:00,Selling,0,1,-0.054605087952904974,"[{""change_induced_ev_gain"": 0.004380161021282701, ""delta_q"": 0.0008036992699601286, ""proxy_implied_ev"": -0.054605087952904974, ""q_current"": 0.1734669563389165, ""q_previous"": 0.17266325706895638, ""side"": ""D"", ""sporttery_odds"": 5.45}]",22313.360584,right_censored
1243,KxQwPbIi,2041781,geo=mx|serial=2608290548,2026-09-29T12:32:23.568742+00:00,2026-09-29T12:33:06.639416+00:00,43.070674,3113,0.219721,35,>20,one_step_reversion,"[4.26, 3.43, 1.87]","[4.25, 3.42, 1.88]","[4.16, 3.25, 1.72]","[4.16, 3.25, 1.72]",2026-09-29T19:45:13+08:00,2026-09-29T12:33:06.859137+00:00,Selling,1,1,-0.076238801433969,"[{""change_induced_ev_gain"": 0.0034188984221984954, ""delta_q"": 0.0008218505822592537, ""proxy_implied_ev"": -0.076238801433969, ""q_current"": 0.22205798042452668, ""q_previous"": 0.22123612984226743, ""side"": ""H"", ""sporttery_odds"": 4.16}, {""change_induced_ev_gain"": 0.0038279846646267768, ""delta_q"": 0.0011778414352697775, ""proxy_implied_ev"": -0.10316495479129395, ""q_current"": 0.27594924467960186, ""q_previous"": 0.2747714032443321, ""side"": ""D"", ""sporttery_odds"": 3.25}]",22313.360584,right_censored
1244,xb24bvhD,2041784,geo=mx|serial=2608290548,2026-09-29T12:32:23.568742+00:00,2026-09-29T12:33:06.639416+00:00,43.070674,3113,0.219721,35,>20,one_step_reversion,"[1.24, 5.68, 12.09]","[1.24, 5.67, 12.09]","[1.17, 5.25, 12.0]","[1.17, 5.25, 12.0]",2026-09-29T17:30:42+08:00,2026-09-29T12:33:06.859137+00:00,Selling,0,1,-0.13101961186980193,"[{""change_induced_ev_gain"": 0.001277038847901285, ""delta_q"": 0.00024324549483834002, ""proxy_implied_ev"": -0.13101961186980193, ""q_current"": 0.16552007392956153, ""q_previous"": 0.1652768284347232, ""side"": ""D"", ""sporttery_odds"": 5.25}]",3432.250877,ended
1245,hOq1JfnT,2041783,geo=mx|serial=2608290548,2026-09-29T12:32:23.568742+00:00,2026-09-29T12:33:06.639416+00:00,43.070674,3113,0.219721,35,>20,one_step_reversion,"[1.63, 3.57, 6.06]","[1.62, 3.58, 6.06]","[1.44, 3.62, 6.3]","[1.44, 3.62, 6.3]",2026-09-29T19:44:45+08:00,2026-09-29T12:33:06.859137+00:00,Selling,0,1,-0.16271315086997074,"[{""change_induced_ev_gain"": 0.0027749274347136144, ""delta_q"": 0.0019270329407733433, ""proxy_implied_ev"": -0.16271315086997074, ""q_current"": 0.5814492007847426, ""q_previous"": 0.5795221678439693, ""side"": ""H"", ""sporttery_odds"": 1.44}]",22313.360584,right_censored
1276,AeCCmlWQ,2041782,geo=mx|serial=2608290548,2026-09-29T12:33:06.639416+00:00,2026-09-29T12:34:23.112363+00:00,76.472947,3116,0.150564,35,>20,one_step_reversion,"[9.52, 5.45, 1.3]","[9.51, 5.48, 1.3]","[9.45, 5.45, 1.19]","[9.45, 5.45, 1.19]",2026-09-29T13:07:34+08:00,2026-09-29T12:34:23.262927+00:00,Selling,0,1,-0.05977503358854097,"[{""change_induced_ev_gain"": 0.0017814875411808475, ""delta_q"": 0.00018851720012495743, ""proxy_implied_ev"": -0.05977503358854097, ""q_current"": 0.09949470544036604, ""q_previous"": 0.09930618824024108, ""side"": ""H"", ""sporttery_odds"": 9.45}, {""change_induced_ev_gain"": 0.0007320666631040684, ""delta_q"": 0.0006151820698353516, ""proxy_implied_ev"": -0.13386797538609363, ""q_current"": 0.7278420374906777, ""q_previous"": 0.7272268554208423, ""side"": ""A"", ""sporttery_odds"": 1.19}]",22236.887637,right_censored
1278,KxQwPbIi,2041781,geo=mx|serial=2608290548,2026-09-29T12:33:06.639416+00:00,2026-09-29T12:34:23.112363+00:00,76.472947,3116,0.150564,35,>20,one_step_reversion,"[4.25, 3.42, 1.88]","[4.26, 3.43, 1.87]","[4.16, 3.25, 1.72]","[4.16, 3.25, 1.72]",2026-09-29T19:45:13+08:00,2026-09-29T12:34:23.262927+00:00,Selling,1,1,-0.133132956908951,"[{""change_induced_ev_gain"": 0.0034394702701501245, ""delta_q"": 0.001999692017529142, ""proxy_implied_ev"": -0.133132956908951, ""q_current"": 0.5039924669134006, ""q_previous"": 0.5019927748958715, ""side"": ""A"", ""sporttery_odds"": 1.72}]",22236.887637,right_censored
1279,xb24bvhD,2041784,geo=mx|serial=2608290548,2026-09-29T12:33:06.639416+00:00,2026-09-29T12:34:23.112363+00:00,76.472947,3116,0.150564,35,>20,one_step_reversion,"[1.24, 5.67, 12.09]","[1.24, 5.68, 12.09]","[1.17, 5.25, 12.0]","[1.17, 5.25, 12.0]",2026-09-29T17:30:42+08:00,2026-09-29T12:34:23.262927+00:00,Selling,0,1,-0.06821599453178406,"[{""change_induced_ev_gain"": 0.0002581230681274105, ""delta_q"": 0.00022061800694650469, ""proxy_implied_ev"": -0.11422282980177711, ""q_current"": 0.7570745044429256, ""q_previous"": 0.7568538864359791, ""side"": ""H"", ""sporttery_odds"": 1.17}, {""change_induced_ev_gain"": 0.0002715298547031897, ""delta_q"": 2.2627487891932474e-05, ""proxy_implied_ev"": -0.06821599453178406, ""q_current"": 0.07764866712235133, ""q_previous"": 0.0776260396344594, ""side"": ""A"", ""sporttery_odds"": 12.0}]",3355.77793,ended
1280,hOq1JfnT,2041783,geo=mx|serial=2608290548,2026-09-29T12:33:06.639416+00:00,2026-09-29T12:34:23.112363+00:00,76.472947,3116,0.150564,35,>20,one_step_reversion,"[1.62, 3.58, 6.06]","[1.63, 3.57, 6.06]","[1.44, 3.62, 6.3]","[1.44, 3.62, 6.3]",2026-09-29T19:44:45+08:00,2026-09-29T12:34:23.262927+00:00,Selling,0,1,-0.017968128450541188,"[{""change_induced_ev_gain"": 0.0053788608135729435, ""delta_q"": 0.0014858731529207025, ""proxy_implied_ev"": -0.042148878548984414, ""q_current"": 0.2645997573069104, ""q_previous"": 0.2631138841539897, ""side"": ""D"", ""sporttery_odds"": 3.62}, {""change_induced_ev_gain"": 0.002779306663471462, ""delta_q"": 0.000441159787852613, ""proxy_implied_ev"": -0.017968128450541188, ""q_current"": 0.15587807484912045, ""q_previous"": 0.15543691506126783, ""side"": ""A"", ""sporttery_odds"": 6.3}]",22236.887637,right_censored
1311,AeCCmlWQ,2041782,geo=mx|serial=2608290548,2026-09-29T12:34:23.112363+00:00,2026-09-29T12:35:09.654754+00:00,46.542391,3119,0.30351,35,>20,one_step_reversion,"[9.51, 5.48, 1.3]","[9.52, 5.45, 1.3]","[9.45, 5.45, 1.19]","[9.45, 5.45, 1.19]",2026-09-29T13:07:34+08:00,2026-09-29T12:35:09.958264+00:00,Selling,0,1,-0.054605087952904974,"[{""change_induced_ev_gain"": 0.004380161021282701, ""delta_q"": 0.0008036992699601286, ""proxy_implied_ev"": -0.054605087952904974, ""q_current"": 0.1734669563389165, ""q_previous"": 0.17266325706895638, ""side"": ""D"", ""sporttery_odds"": 5.45}]",22190.345246,right_censored
1313,KxQwPbIi,2041781,geo=mx|serial=2608290548,2026-09-29T12:34:23.112363+00:00,2026-09-29T12:35:09.654754+00:00,46.542391,3119,0.30351,35,>20,one_step_reversion,"[4.26, 3.43, 1.87]","[4.25, 3.42, 1.88]","[4.16, 3.25, 1.72]","[4.16, 3.25, 1.72]",2026-09-29T19:45:13+08:00,2026-09-29T12:35:09.958264+00:00,Selling,1,1,-0.076238801433969,"[{""change_induced_ev_gain"": 0.0034188984221984954, ""delta_q"": 0.0008218505822592537, ""proxy_implied_ev"": -0.076238801433969, ""q_current"": 0.22205798042452668, ""q_previous"": 0.22123612984226743, ""side"": ""H"", ""sporttery_odds"": 4.16}, {""change_induced_ev_gain"": 0.0038279846646267768, ""delta_q"": 0.0011778414352697775, ""proxy_implied_ev"": -0.10316495479129395, ""q_current"": 0.27594924467960186, ""q_previous"": 0.2747714032443321, ""side"": ""D"", ""sporttery_odds"": 3.25}]",22190.345246,right_censored
1314,xb24bvhD,2041784,geo=mx|serial=2608290548,2026-09-29T12:34:23.112363+00:00,2026-09-29T12:35:09.654754+00:00,46.542391,3119,0.30351,35,>20,one_step_reversion,"[1.24, 5.68, 12.09]","[1.24, 5.67, 12.09]","[1.17, 5.25, 12.0]","[1.17, 5.25, 12.0]",2026-09-29T17:30:42+08:00,2026-09-29T12:35:09.958264+00:00,Selling,0,1,-0.13101961186980193,"[{""change_induced_ev_gain"": 0.001277038847901285, ""delta_q"": 0.00024324549483834002, ""proxy_implied_ev"": -0.13101961186980193, ""q_current"": 0.16552007392956153, ""q_previous"": 0.1652768284347232, ""side"": ""D"", ""sporttery_odds"": 5.25}]",3309.235539,ended
1315,hOq1JfnT,2041783,geo=mx|serial=2608290548,2026-09-29T12:34:23.112363+00:00,2026-09-29T12:35:09.654754+00:00,46.542391,3119,0.30351,35,>20,one_step_reversion,"[1.63, 3.57, 6.06]","[1.62, 3.58, 6.06]","[1.44, 3.62, 6.3]","[1.44, 3.62, 6.3]",2026-09-29T19:44:45+08:00,2026-09-29T12:35:09.958264+00:00,Selling,0,1,-0.16271315086997074,"[{""change_induced_ev_gain"": 0.0027749274347136144, ""delta_q"": 0.0019270329407733433, ""proxy_implied_ev"": -0.16271315086997074, ""q_current"": 0.5814492007847426, ""q_previous"": 0.5795221678439693, ""side"": ""H"", ""sporttery_odds"": 1.44}]",22190.345246,right_censored
1346,AeCCmlWQ,2041782,geo=mx|serial=2608290548,2026-09-29T12:35:09.654754+00:00,2026-09-29T12:35:56.827909+00:00,47.173155,3122,0.167853,35,>20,persists_next_observation,"[9.52, 5.45, 1.3]","[9.51, 5.48, 1.3]","[9.45, 5.45, 1.19]","[9.45, 5.45, 1.19]",2026-09-29T13:07:34+08:00,2026-09-29T12:35:56.995762+00:00,Selling,0,1,-0.05977503358854097,"[{""change_induced_ev_gain"": 0.0017814875411808475, ""delta_q"": 0.00018851720012495743, ""proxy_implied_ev"": -0.05977503358854097, ""q_current"": 0.09949470544036604, ""q_previous"": 0.09930618824024108, ""side"": ""H"", ""sporttery_odds"": 9.45}, {""change_induced_ev_gain"": 0.0007320666631040684, ""delta_q"": 0.0006151820698353516, ""proxy_implied_ev"": -0.13386797538609363, ""q_current"": 0.7278420374906777, ""q_previous"": 0.7272268554208423, ""side"": ""A"", ""sporttery_odds"": 1.19}]",22143.172091,right_censored
1348,KxQwPbIi,2041781,geo=mx|serial=2608290548,2026-09-29T12:35:09.654754+00:00,2026-09-29T12:35:56.827909+00:00,47.173155,3122,0.167853,35,>20,persists_next_observation,"[4.25, 3.42, 1.88]","[4.26, 3.43, 1.87]","[4.16, 3.25, 1.72]","[4.16, 3.25, 1.72]",2026-09-29T19:45:13+08:00,2026-09-29T12:35:56.995762+00:00,Selling,1,1,-0.133132956908951,"[{""change_induced_ev_gain"": 0.0034394702701501245, ""delta_q"": 0.001999692017529142, ""proxy_implied_ev"": -0.133132956908951, ""q_current"": 0.5039924669134006, ""q_previous"": 0.5019927748958715, ""side"": ""A"", ""sporttery_odds"": 1.72}]",22143.172091,right_censored
1349,xb24bvhD,2041784,geo=mx|serial=2608290548,2026-09-29T12:35:09.654754+00:00,2026-09-29T12:35:56.827909+00:00,47.173155,3122,0.167853,35,>20,persists_next_observation,"[1.24, 5.67, 12.09]","[1.24, 5.68, 12.09]","[1.17, 5.25, 12.0]","[1.17, 5.25, 12.0]",2026-09-29T17:30:42+08:00,2026-09-29T12:35:56.995762+00:00,Selling,0,1,-0.06821599453178406,"[{""change_induced_ev_gain"": 0.0002581230681274105, ""delta_q"": 0.00022061800694650469, ""proxy_implied_ev"": -0.11422282980177711, ""q_current"": 0.7570745044429256, ""q_previous"": 0.7568538864359791, ""side"": ""H"", ""sporttery_odds"": 1.17}, {""change_induced_ev_gain"": 0.0002715298547031897, ""delta_q"": 2.2627487891932474e-05, ""proxy_implied_ev"": -0.06821599453178406, ""q_current"": 0.07764866712235133, ""q_previous"": 0.0776260396344594, ""side"": ""A"", ""sporttery_odds"": 12.0}]",3262.062384,ended
1350,hOq1JfnT,2041783,geo=mx|serial=2608290548,2026-09-29T12:35:09.654754+00:00,2026-09-29T12:35:56.827909+00:00,47.173155,3122,0.167853,35,>20,persists_next_observation,"[1.62, 3.58, 6.06]","[1.63, 3.57, 6.06]","[1.44, 3.62, 6.3]","[1.44, 3.62, 6.3]",2026-09-29T19:44:45+08:00,2026-09-29T12:35:56.995762+00:00,Selling,0,1,-0.017968128450541188,"[{""change_induced_ev_gain"": 0.0053788608135729435, ""delta_q"": 0.0014858731529207025, ""proxy_implied_ev"": -0.042148878548984414, ""q_current"": 0.2645997573069104, ""q_previous"": 0.2631138841539897, ""side"": ""D"", ""sporttery_odds"": 3.62}, {""change_induced_ev_gain"": 0.002779306663471462, ""delta_q"": 0.000441159787852613, ""proxy_implied_ev"": -0.017968128450541188, ""q_current"": 0.15587807484912045, ""q_previous"": 0.15543691506126783, ""side"": ""A"", ""sporttery_odds"": 6.3}]",22143.172091,right_censored
1381,AeCCmlWQ,2041782,geo=mx|serial=2608290548,2026-09-29T12:37:10.884750+00:00,2026-09-29T12:38:07.563402+00:00,56.678652,3127,0.278166,35,>20,persists_next_observation,"[9.51, 5.48, 1.3]","[9.52, 5.45, 1.3]","[9.45, 5.45, 1.19]","[9.45, 5.45, 1.19]",2026-09-29T13:07:34+08:00,2026-09-29T12:38:07.841568+00:00,Selling,0,1,-0.054605087952904974,"[{""change_induced_ev_gain"": 0.004380161021282701, ""delta_q"": 0.0008036992699601286, ""proxy_implied_ev"": -0.054605087952904974, ""q_current"": 0.1734669563389165, ""q_previous"": 0.17266325706895638, ""side"": ""D"", ""sporttery_odds"": 5.45}]",22012.436598,right_censored
1383,KxQwPbIi,2041781,geo=mx|serial=2608290548,2026-09-29T12:37:10.884750+00:00,2026-09-29T12:38:07.563402+00:00,56.678652,3127,0.278166,35,>20,persists_next_observation,"[4.26, 3.43, 1.87]","[4.25, 3.42, 1.88]","[4.16, 3.25, 1.72]","[4.16, 3.25, 1.72]",2026-09-29T19:45:13+08:00,2026-09-29T12:38:07.841568+00:00,Selling,1,1,-0.076238801433969,"[{""change_induced_ev_gain"": 0.0034188984221984954, ""delta_q"": 0.0008218505822592537, ""proxy_implied_ev"": -0.076238801433969, ""q_current"": 0.22205798042452668, ""q_previous"": 0.22123612984226743, ""side"": ""H"", ""sporttery_odds"": 4.16}, {""change_induced_ev_gain"": 0.0038279846646267768, ""delta_q"": 0.0011778414352697775, ""proxy_implied_ev"": -0.10316495479129395, ""q_current"": 0.27594924467960186, ""q_previous"": 0.2747714032443321, ""side"": ""D"", ""sporttery_odds"": 3.25}]",22012.436598,right_censored
1384,xb24bvhD,2041784,geo=mx|serial=2608290548,2026-09-29T12:37:10.884750+00:00,2026-09-29T12:38:07.563402+00:00,56.678652,3127,0.278166,35,>20,persists_next_observation,"[1.24, 5.68, 12.09]","[1.24, 5.67, 12.09]","[1.17, 5.25, 12.0]","[1.17, 5.25, 12.0]",2026-09-29T17:30:42+08:00,2026-09-29T12:38:07.841568+00:00,Selling,0,1,-0.13101961186980193,"[{""change_induced_ev_gain"": 0.001277038847901285, ""delta_q"": 0.00024324549483834002, ""proxy_implied_ev"": -0.13101961186980193, ""q_current"": 0.16552007392956153, ""q_previous"": 0.1652768284347232, ""side"": ""D"", ""sporttery_odds"": 5.25}]",3131.326891,ended
1385,hOq1JfnT,2041783,geo=mx|serial=2608290548,2026-09-29T12:37:10.884750+00:00,2026-09-29T12:38:07.563402+00:00,56.678652,3127,0.278166,35,>20,persists_next_observation,"[1.63, 3.57, 6.06]","[1.62, 3.58, 6.06]","[1.44, 3.62, 6.3]","[1.44, 3.62, 6.3]",2026-09-29T19:44:45+08:00,2026-09-29T12:38:07.841568+00:00,Selling,0,1,-0.16271315086997074,"[{""change_induced_ev_gain"": 0.0027749274347136144, ""delta_q"": 0.0019270329407733433, ""proxy_implied_ev"": -0.16271315086997074, ""q_current"": 0.5814492007847426, ""q_previous"": 0.5795221678439693, ""side"": ""H"", ""sporttery_odds"": 1.44}]",22012.436598,right_censored
1416,AeCCmlWQ,2041782,geo=mx|serial=2608290548,2026-09-29T12:41:05.248525+00:00,2026-09-29T12:42:34.137194+00:00,88.888669,3136,0.137752,35,>20,one_step_reversion,"[9.52, 5.45, 1.3]","[9.51, 5.48, 1.3]","[9.45, 5.45, 1.19]","[9.45, 5.45, 1.19]",2026-09-29T13:07:34+08:00,2026-09-29T12:42:34.274946+00:00,Selling,0,1,-0.05977503358854097,"[{""change_induced_ev_gain"": 0.0017814875411808475, ""delta_q"": 0.00018851720012495743, ""proxy_implied_ev"": -0.05977503358854097, ""q_current"": 0.09949470544036604, ""q_previous"": 0.09930618824024108, ""side"": ""H"", ""sporttery_odds"": 9.45}, {""change_induced_ev_gain"": 0.0007320666631040684, ""delta_q"": 0.0006151820698353516, ""proxy_implied_ev"": -0.13386797538609363, ""q_current"": 0.7278420374906777, ""q_previous"": 0.7272268554208423, ""side"": ""A"", ""sporttery_odds"": 1.19}]",21745.862806,right_censored
1418,KxQwPbIi,2041781,geo=mx|serial=2608290548,2026-09-29T12:41:05.248525+00:00,2026-09-29T12:42:34.137194+00:00,88.888669,3136,0.137752,35,>20,one_step_reversion,"[4.25, 3.42, 1.88]","[4.26, 3.43, 1.87]","[4.16, 3.25, 1.72]","[4.16, 3.25, 1.72]",2026-09-29T19:45:13+08:00,2026-09-29T12:42:34.274946+00:00,Selling,1,1,-0.133132956908951,"[{""change_induced_ev_gain"": 0.0034394702701501245, ""delta_q"": 0.001999692017529142, ""proxy_implied_ev"": -0.133132956908951, ""q_current"": 0.5039924669134006, ""q_previous"": 0.5019927748958715, ""side"": ""A"", ""sporttery_odds"": 1.72}]",21745.862806,right_censored
1419,xb24bvhD,2041784,geo=mx|serial=2608290548,2026-09-29T12:41:05.248525+00:00,2026-09-29T12:42:34.137194+00:00,88.888669,3136,0.137752,35,>20,one_step_reversion,"[1.24, 5.67, 12.09]","[1.24, 5.68, 12.09]","[1.17, 5.25, 12.0]","[1.17, 5.25, 12.0]",2026-09-29T17:30:42+08:00,2026-09-29T12:42:34.274946+00:00,Selling,0,1,-0.06821599453178406,"[{""change_induced_ev_gain"": 0.0002581230681274105, ""delta_q"": 0.00022061800694650469, ""proxy_implied_ev"": -0.11422282980177711, ""q_current"": 0.7570745044429256, ""q_previous"": 0.7568538864359791, ""side"": ""H"", ""sporttery_odds"": 1.17}, {""change_induced_ev_gain"": 0.0002715298547031897, ""delta_q"": 2.2627487891932474e-05, ""proxy_implied_ev"": -0.06821599453178406, ""q_current"": 0.07764866712235133, ""q_previous"": 0.0776260396344594, ""side"": ""A"", ""sporttery_odds"": 12.0}]",2864.753099,ended
1420,hOq1JfnT,2041783,geo=mx|serial=2608290548,2026-09-29T12:41:05.248525+00:00,2026-09-29T12:42:34.137194+00:00,88.888669,3136,0.137752,35,>20,one_step_reversion,"[1.62, 3.58, 6.06]","[1.63, 3.57, 6.06]","[1.44, 3.62, 6.3]","[1.44, 3.62, 6.3]",2026-09-29T19:44:45+08:00,2026-09-29T12:42:34.274946+00:00,Selling,0,1,-0.017968128450541188,"[{""change_induced_ev_gain"": 0.0053788608135729435, ""delta_q"": 0.0014858731529207025, ""proxy_implied_ev"": -0.042148878548984414, ""q_current"": 0.2645997573069104, ""q_previous"": 0.2631138841539897, ""side"": ""D"", ""sporttery_odds"": 3.62}, {""change_induced_ev_gain"": 0.002779306663471462, ""delta_q"": 0.000441159787852613, ""proxy_implied_ev"": -0.017968128450541188, ""q_current"": 0.15587807484912045, ""q_previous"": 0.15543691506126783, ""side"": ""A"", ""sporttery_odds"": 6.3}]",21745.862806,right_censored
1451,AeCCmlWQ,2041782,geo=mx|serial=2608290548,2026-09-29T12:42:34.137194+00:00,2026-09-29T12:43:14.861640+00:00,40.724446,3139,0.229457,35,>20,one_step_reversion,"[9.51, 5.48, 1.3]","[9.52, 5.45, 1.3]","[9.45, 5.45, 1.19]","[9.45, 5.45, 1.19]",2026-09-29T13:07:34+08:00,2026-09-29T12:43:15.091097+00:00,Selling,0,1,-0.054605087952904974,"[{""change_induced_ev_gain"": 0.004380161021282701, ""delta_q"": 0.0008036992699601286, ""proxy_implied_ev"": -0.054605087952904974, ""q_current"": 0.1734669563389165, ""q_previous"": 0.17266325706895638, ""side"": ""D"", ""sporttery_odds"": 5.45}]",21705.13836,right_censored
1453,KxQwPbIi,2041781,geo=mx|serial=2608290548,2026-09-29T12:42:34.137194+00:00,2026-09-29T12:43:14.861640+00:00,40.724446,3139,0.229457,35,>20,one_step_reversion,"[4.26, 3.43, 1.87]","[4.25, 3.42, 1.88]","[4.16, 3.25, 1.72]","[4.16, 3.25, 1.72]",2026-09-29T19:45:13+08:00,2026-09-29T12:43:15.091097+00:00,Selling,1,1,-0.076238801433969,"[{""change_induced_ev_gain"": 0.0034188984221984954, ""delta_q"": 0.0008218505822592537, ""proxy_implied_ev"": -0.076238801433969, ""q_current"": 0.22205798042452668, ""q_previous"": 0.22123612984226743, ""side"": ""H"", ""sporttery_odds"": 4.16}, {""change_induced_ev_gain"": 0.0038279846646267768, ""delta_q"": 0.0011778414352697775, ""proxy_implied_ev"": -0.10316495479129395, ""q_current"": 0.27594924467960186, ""q_previous"": 0.2747714032443321, ""side"": ""D"", ""sporttery_odds"": 3.25}]",21705.13836,right_censored
1454,xb24bvhD,2041784,geo=mx|serial=2608290548,2026-09-29T12:42:34.137194+00:00,2026-09-29T12:43:14.861640+00:00,40.724446,3139,0.229457,35,>20,one_step_reversion,"[1.24, 5.68, 12.09]","[1.24, 5.67, 12.09]","[1.17, 5.25, 12.0]","[1.17, 5.25, 12.0]",2026-09-29T17:30:42+08:00,2026-09-29T12:43:15.091097+00:00,Selling,0,1,-0.13101961186980193,"[{""change_induced_ev_gain"": 0.001277038847901285, ""delta_q"": 0.00024324549483834002, ""proxy_implied_ev"": -0.13101961186980193, ""q_current"": 0.16552007392956153, ""q_previous"": 0.1652768284347232, ""side"": ""D"", ""sporttery_odds"": 5.25}]",2824.028653,ended
1455,hOq1JfnT,2041783,geo=mx|serial=2608290548,2026-09-29T12:42:34.137194+00:00,2026-09-29T12:43:14.861640+00:00,40.724446,3139,0.229457,35,>20,one_step_reversion,"[1.63, 3.57, 6.06]","[1.62, 3.58, 6.06]","[1.44, 3.62, 6.3]","[1.44, 3.62, 6.3]",2026-09-29T19:44:45+08:00,2026-09-29T12:43:15.091097+00:00,Selling,0,1,-0.16271315086997074,"[{""change_induced_ev_gain"": 0.0027749274347136144, ""delta_q"": 0.0019270329407733433, ""proxy_implied_ev"": -0.16271315086997074, ""q_current"": 0.5814492007847426, ""q_previous"": 0.5795221678439693, ""side"": ""H"", ""sporttery_odds"": 1.44}]",21705.13836,right_censored
1486,AeCCmlWQ,2041782,geo=mx|serial=2608290548,2026-09-29T12:43:14.861640+00:00,2026-09-29T12:44:32.449333+00:00,77.587693,3142,0.214157,35,>20,one_step_reversion,"[9.52, 5.45, 1.3]","[9.51, 5.48, 1.3]","[9.45, 5.45, 1.19]","[9.45, 5.45, 1.19]",2026-09-29T13:07:34+08:00,2026-09-29T12:44:32.663490+00:00,Selling,0,1,-0.05977503358854097,"[{""change_induced_ev_gain"": 0.0017814875411808475, ""delta_q"": 0.00018851720012495743, ""proxy_implied_ev"": -0.05977503358854097, ""q_current"": 0.09949470544036604, ""q_previous"": 0.09930618824024108, ""side"": ""H"", ""sporttery_odds"": 9.45}, {""change_induced_ev_gain"": 0.0007320666631040684, ""delta_q"": 0.0006151820698353516, ""proxy_implied_ev"": -0.13386797538609363, ""q_current"": 0.7278420374906777, ""q_previous"": 0.7272268554208423, ""side"": ""A"", ""sporttery_odds"": 1.19}]",21627.550667,right_censored
1488,KxQwPbIi,2041781,geo=mx|serial=2608290548,2026-09-29T12:43:14.861640+00:00,2026-09-29T12:44:32.449333+00:00,77.587693,3142,0.214157,35,>20,one_step_reversion,"[4.25, 3.42, 1.88]","[4.26, 3.43, 1.87]","[4.16, 3.25, 1.72]","[4.16, 3.25, 1.72]",2026-09-29T19:45:13+08:00,2026-09-29T12:44:32.663490+00:00,Selling,1,1,-0.133132956908951,"[{""change_induced_ev_gain"": 0.0034394702701501245, ""delta_q"": 0.001999692017529142, ""proxy_implied_ev"": -0.133132956908951, ""q_current"": 0.5039924669134006, ""q_previous"": 0.5019927748958715, ""side"": ""A"", ""sporttery_odds"": 1.72}]",21627.550667,right_censored
1489,xb24bvhD,2041784,geo=mx|serial=2608290548,2026-09-29T12:43:14.861640+00:00,2026-09-29T12:44:32.449333+00:00,77.587693,3142,0.214157,35,>20,one_step_reversion,"[1.24, 5.67, 12.09]","[1.24, 5.68, 12.09]","[1.17, 5.25, 12.0]","[1.17, 5.25, 12.0]",2026-09-29T17:30:42+08:00,2026-09-29T12:44:32.663490+00:00,Selling,0,1,-0.06821599453178406,"[{""change_induced_ev_gain"": 0.0002581230681274105, ""delta_q"": 0.00022061800694650469, ""proxy_implied_ev"": -0.11422282980177711, ""q_current"": 0.7570745044429256, ""q_previous"": 0.7568538864359791, ""side"": ""H"", ""sporttery_odds"": 1.17}, {""change_induced_ev_gain"": 0.0002715298547031897, ""delta_q"": 2.2627487891932474e-05, ""proxy_implied_ev"": -0.06821599453178406, ""q_current"": 0.07764866712235133, ""q_previous"": 0.0776260396344594, ""side"": ""A"", ""sporttery_odds"": 12.0}]",2746.44096,ended
1490,hOq1JfnT,2041783,geo=mx|serial=2608290548,2026-09-29T12:43:14.861640+00:00,2026-09-29T12:44:32.449333+00:00,77.587693,3142,0.214157,35,>20,one_step_reversion,"[1.62, 3.58, 6.06]","[1.63, 3.57, 6.06]","[1.44, 3.62, 6.3]","[1.44, 3.62, 6.3]",2026-09-29T19:44:45+08:00,2026-09-29T12:44:32.663490+00:00,Selling,0,1,-0.017968128450541188,"[{""change_induced_ev_gain"": 0.0053788608135729435, ""delta_q"": 0.0014858731529207025, ""proxy_implied_ev"": -0.042148878548984414, ""q_current"": 0.2645997573069104, ""q_previous"": 0.2631138841539897, ""side"": ""D"", ""sporttery_odds"": 3.62}, {""change_induced_ev_gain"": 0.002779306663471462, ""delta_q"": 0.000441159787852613, ""proxy_implied_ev"": -0.017968128450541188, ""q_current"": 0.15587807484912045, ""q_previous"": 0.15543691506126783, ""side"": ""A"", ""sporttery_odds"": 6.3}]",21627.550667,right_censored
1521,AeCCmlWQ,2041782,geo=mx|serial=2608290548,2026-09-29T12:44:32.449333+00:00,2026-09-29T12:45:09.535082+00:00,37.085749,3145,0.233207,35,>20,one_step_reversion,"[9.51, 5.48, 1.3]","[9.52, 5.45, 1.3]","[9.45, 5.45, 1.19]","[9.45, 5.45, 1.19]",2026-09-29T13:07:34+08:00,2026-09-29T12:45:09.768289+00:00,Selling,0,1,-0.054605087952904974,"[{""change_induced_ev_gain"": 0.004380161021282701, ""delta_q"": 0.0008036992699601286, ""proxy_implied_ev"": -0.054605087952904974, ""q_current"": 0.1734669563389165, ""q_previous"": 0.17266325706895638, ""side"": ""D"", ""sporttery_odds"": 5.45}]",21590.464918,right_censored
1523,KxQwPbIi,2041781,geo=mx|serial=2608290548,2026-09-29T12:44:32.449333+00:00,2026-09-29T12:45:09.535082+00:00,37.085749,3145,0.233207,35,>20,one_step_reversion,"[4.26, 3.43, 1.87]","[4.25, 3.42, 1.88]","[4.16, 3.25, 1.72]","[4.16, 3.25, 1.72]",2026-09-29T19:45:13+08:00,2026-09-29T12:45:09.768289+00:00,Selling,1,1,-0.076238801433969,"[{""change_induced_ev_gain"": 0.0034188984221984954, ""delta_q"": 0.0008218505822592537, ""proxy_implied_ev"": -0.076238801433969, ""q_current"": 0.22205798042452668, ""q_previous"": 0.22123612984226743, ""side"": ""H"", ""sporttery_odds"": 4.16}, {""change_induced_ev_gain"": 0.0038279846646267768, ""delta_q"": 0.0011778414352697775, ""proxy_implied_ev"": -0.10316495479129395, ""q_current"": 0.27594924467960186, ""q_previous"": 0.2747714032443321, ""side"": ""D"", ""sporttery_odds"": 3.25}]",21590.464918,right_censored
1524,xb24bvhD,2041784,geo=mx|serial=2608290548,2026-09-29T12:44:32.449333+00:00,2026-09-29T12:45:09.535082+00:00,37.085749,3145,0.233207,35,>20,one_step_reversion,"[1.24, 5.68, 12.09]","[1.24, 5.67, 12.09]","[1.17, 5.25, 12.0]","[1.17, 5.25, 12.0]",2026-09-29T17:30:42+08:00,2026-09-29T12:45:09.768289+00:00,Selling,0,1,-0.13101961186980193,"[{""change_induced_ev_gain"": 0.001277038847901285, ""delta_q"": 0.00024324549483834002, ""proxy_implied_ev"": -0.13101961186980193, ""q_current"": 0.16552007392956153, ""q_previous"": 0.1652768284347232, ""side"": ""D"", ""sporttery_odds"": 5.25}]",2709.355211,ended
1525,hOq1JfnT,2041783,geo=mx|serial=2608290548,2026-09-29T12:44:32.449333+00:00,2026-09-29T12:45:09.535082+00:00,37.085749,3145,0.233207,35,>20,one_step_reversion,"[1.63, 3.57, 6.06]","[1.62, 3.58, 6.06]","[1.44, 3.62, 6.3]","[1.44, 3.62, 6.3]",2026-09-29T19:44:45+08:00,2026-09-29T12:45:09.768289+00:00,Selling,0,1,-0.16271315086997074,"[{""change_induced_ev_gain"": 0.0027749274347136144, ""delta_q"": 0.0019270329407733433, ""proxy_implied_ev"": -0.16271315086997074, ""q_current"": 0.5814492007847426, ""q_previous"": 0.5795221678439693, ""side"": ""H"", ""sporttery_odds"": 1.44}]",21590.464918,right_censored
1556,AeCCmlWQ,2041782,geo=mx|serial=2608290548,2026-09-29T12:45:09.535082+00:00,2026-09-29T12:46:13.739342+00:00,64.20426,3148,0.467985,35,>20,persists_next_observation,"[9.52, 5.45, 1.3]","[9.51, 5.48, 1.3]","[9.45, 5.45, 1.19]","[9.45, 5.45, 1.19]",2026-09-29T13:07:34+08:00,2026-09-29T12:46:14.207327+00:00,Selling,0,1,-0.05977503358854097,"[{""change_induced_ev_gain"": 0.0017814875411808475, ""delta_q"": 0.00018851720012495743, ""proxy_implied_ev"": -0.05977503358854097, ""q_current"": 0.09949470544036604, ""q_previous"": 0.09930618824024108, ""side"": ""H"", ""sporttery_odds"": 9.45}, {""change_induced_ev_gain"": 0.0007320666631040684, ""delta_q"": 0.0006151820698353516, ""proxy_implied_ev"": -0.13386797538609363, ""q_current"": 0.7278420374906777, ""q_previous"": 0.7272268554208423, ""side"": ""A"", ""sporttery_odds"": 1.19}]",21526.260658,right_censored
1558,KxQwPbIi,2041781,geo=mx|serial=2608290548,2026-09-29T12:45:09.535082+00:00,2026-09-29T12:46:13.739342+00:00,64.20426,3148,0.467985,35,>20,persists_next_observation,"[4.25, 3.42, 1.88]","[4.26, 3.43, 1.87]","[4.16, 3.25, 1.72]","[4.16, 3.25, 1.72]",2026-09-29T19:45:13+08:00,2026-09-29T12:46:14.207327+00:00,Selling,1,1,-0.133132956908951,"[{""change_induced_ev_gain"": 0.0034394702701501245, ""delta_q"": 0.001999692017529142, ""proxy_implied_ev"": -0.133132956908951, ""q_current"": 0.5039924669134006, ""q_previous"": 0.5019927748958715, ""side"": ""A"", ""sporttery_odds"": 1.72}]",21526.260658,right_censored
1559,xb24bvhD,2041784,geo=mx|serial=2608290548,2026-09-29T12:45:09.535082+00:00,2026-09-29T12:46:13.739342+00:00,64.20426,3148,0.467985,35,>20,persists_next_observation,"[1.24, 5.67, 12.09]","[1.24, 5.68, 12.09]","[1.17, 5.25, 12.0]","[1.17, 5.25, 12.0]",2026-09-29T17:30:42+08:00,2026-09-29T12:46:14.207327+00:00,Selling,0,1,-0.06821599453178406,"[{""change_induced_ev_gain"": 0.0002581230681274105, ""delta_q"": 0.00022061800694650469, ""proxy_implied_ev"": -0.11422282980177711, ""q_current"": 0.7570745044429256, ""q_previous"": 0.7568538864359791, ""side"": ""H"", ""sporttery_odds"": 1.17}, {""change_induced_ev_gain"": 0.0002715298547031897, ""delta_q"": 2.2627487891932474e-05, ""proxy_implied_ev"": -0.06821599453178406, ""q_current"": 0.07764866712235133, ""q_previous"": 0.0776260396344594, ""side"": ""A"", ""sporttery_odds"": 12.0}]",2645.150951,ended
1560,hOq1JfnT,2041783,geo=mx|serial=2608290548,2026-09-29T12:45:09.535082+00:00,2026-09-29T12:46:13.739342+00:00,64.20426,3148,0.467985,35,>20,persists_next_observation,"[1.62, 3.58, 6.06]","[1.63, 3.57, 6.06]","[1.44, 3.62, 6.3]","[1.44, 3.62, 6.3]",2026-09-29T19:44:45+08:00,2026-09-29T12:46:14.207327+00:00,Selling,0,1,-0.017968128450541188,"[{""change_induced_ev_gain"": 0.0053788608135729435, ""delta_q"": 0.0014858731529207025, ""proxy_implied_ev"": -0.042148878548984414, ""q_current"": 0.2645997573069104, ""q_previous"": 0.2631138841539897, ""side"": ""D"", ""sporttery_odds"": 3.62}, {""change_induced_ev_gain"": 0.002779306663471462, ""delta_q"": 0.000441159787852613, ""proxy_implied_ev"": -0.017968128450541188, ""q_current"": 0.15587807484912045, ""q_previous"": 0.15543691506126783, ""side"": ""A"", ""sporttery_odds"": 6.3}]",21526.260658,right_censored
1591,AeCCmlWQ,2041782,geo=mx|serial=2608290548,2026-09-29T12:47:33.977285+00:00,2026-09-29T12:48:32.877462+00:00,58.900177,3153,0.251275,35,>20,persists_next_observation,"[9.51, 5.48, 1.3]","[9.52, 5.45, 1.3]","[9.45, 5.45, 1.19]","[9.45, 5.45, 1.19]",2026-09-29T13:07:34+08:00,2026-09-29T12:48:33.128737+00:00,Selling,0,1,-0.054605087952904974,"[{""change_induced_ev_gain"": 0.004380161021282701, ""delta_q"": 0.0008036992699601286, ""proxy_implied_ev"": -0.054605087952904974, ""q_current"": 0.1734669563389165, ""q_previous"": 0.17266325706895638, ""side"": ""D"", ""sporttery_odds"": 5.45}]",21387.122538,right_censored
1593,KxQwPbIi,2041781,geo=mx|serial=2608290548,2026-09-29T12:47:33.977285+00:00,2026-09-29T12:48:32.877462+00:00,58.900177,3153,0.251275,35,>20,persists_next_observation,"[4.26, 3.43, 1.87]","[4.25, 3.42, 1.88]","[4.16, 3.25, 1.72]","[4.16, 3.25, 1.72]",2026-09-29T19:45:13+08:00,2026-09-29T12:48:33.128737+00:00,Selling,1,1,-0.076238801433969,"[{""change_induced_ev_gain"": 0.0034188984221984954, ""delta_q"": 0.0008218505822592537, ""proxy_implied_ev"": -0.076238801433969, ""q_current"": 0.22205798042452668, ""q_previous"": 0.22123612984226743, ""side"": ""H"", ""sporttery_odds"": 4.16}, {""change_induced_ev_gain"": 0.0038279846646267768, ""delta_q"": 0.0011778414352697775, ""proxy_implied_ev"": -0.10316495479129395, ""q_current"": 0.27594924467960186, ""q_previous"": 0.2747714032443321, ""side"": ""D"", ""sporttery_odds"": 3.25}]",21387.122538,right_censored
1594,xb24bvhD,2041784,geo=mx|serial=2608290548,2026-09-29T12:47:33.977285+00:00,2026-09-29T12:48:32.877462+00:00,58.900177,3153,0.251275,35,>20,persists_next_observation,"[1.24, 5.68, 12.09]","[1.24, 5.67, 12.09]","[1.17, 5.25, 12.0]","[1.17, 5.25, 12.0]",2026-09-29T17:30:42+08:00,2026-09-29T12:48:33.128737+00:00,Selling,0,1,-0.13101961186980193,"[{""change_induced_ev_gain"": 0.001277038847901285, ""delta_q"": 0.00024324549483834002, ""proxy_implied_ev"": -0.13101961186980193, ""q_current"": 0.16552007392956153, ""q_previous"": 0.1652768284347232, ""side"": ""D"", ""sporttery_odds"": 5.25}]",2506.012831,ended
1595,hOq1JfnT,2041783,geo=mx|serial=2608290548,2026-09-29T12:47:33.977285+00:00,2026-09-29T12:48:32.877462+00:00,58.900177,3153,0.251275,35,>20,persists_next_observation,"[1.63, 3.57, 6.06]","[1.62, 3.58, 6.06]","[1.44, 3.62, 6.3]","[1.44, 3.62, 6.3]",2026-09-29T19:44:45+08:00,2026-09-29T12:48:33.128737+00:00,Selling,0,1,-0.16271315086997074,"[{""change_induced_ev_gain"": 0.0027749274347136144, ""delta_q"": 0.0019270329407733433, ""proxy_implied_ev"": -0.16271315086997074, ""q_current"": 0.5814492007847426, ""q_previous"": 0.5795221678439693, ""side"": ""H"", ""sporttery_odds"": 1.44}]",21387.122538,right_censored
1626,AeCCmlWQ,2041782,geo=mx|serial=2608290548,2026-09-29T12:50:17.879546+00:00,2026-09-29T12:51:37.656159+00:00,79.776613,3160,0.250654,35,>20,one_step_reversion,"[9.52, 5.45, 1.3]","[9.51, 5.48, 1.3]","[9.45, 5.45, 1.19]","[9.45, 5.45, 1.19]",2026-09-29T13:07:34+08:00,2026-09-29T12:51:37.906813+00:00,Selling,0,1,-0.05977503358854097,"[{""change_induced_ev_gain"": 0.0017814875411808475, ""delta_q"": 0.00018851720012495743, ""proxy_implied_ev"": -0.05977503358854097, ""q_current"": 0.09949470544036604, ""q_previous"": 0.09930618824024108, ""side"": ""H"", ""sporttery_odds"": 9.45}, {""change_induced_ev_gain"": 0.0007320666631040684, ""delta_q"": 0.0006151820698353516, ""proxy_implied_ev"": -0.13386797538609363, ""q_current"": 0.7278420374906777, ""q_previous"": 0.7272268554208423, ""side"": ""A"", ""sporttery_odds"": 1.19}]",21202.343841,right_censored
1628,KxQwPbIi,2041781,geo=mx|serial=2608290548,2026-09-29T12:50:17.879546+00:00,2026-09-29T12:51:37.656159+00:00,79.776613,3160,0.250654,35,>20,one_step_reversion,"[4.25, 3.42, 1.88]","[4.26, 3.43, 1.87]","[4.16, 3.25, 1.72]","[4.16, 3.25, 1.72]",2026-09-29T19:45:13+08:00,2026-09-29T12:51:37.906813+00:00,Selling,1,1,-0.133132956908951,"[{""change_induced_ev_gain"": 0.0034394702701501245, ""delta_q"": 0.001999692017529142, ""proxy_implied_ev"": -0.133132956908951, ""q_current"": 0.5039924669134006, ""q_previous"": 0.5019927748958715, ""side"": ""A"", ""sporttery_odds"": 1.72}]",21202.343841,right_censored
1629,xb24bvhD,2041784,geo=mx|serial=2608290548,2026-09-29T12:50:17.879546+00:00,2026-09-29T12:51:37.656159+00:00,79.776613,3160,0.250654,35,>20,one_step_reversion,"[1.24, 5.67, 12.09]","[1.24, 5.68, 12.09]","[1.17, 5.25, 12.0]","[1.17, 5.25, 12.0]",2026-09-29T17:30:42+08:00,2026-09-29T12:51:37.906813+00:00,Selling,0,1,-0.06821599453178406,"[{""change_induced_ev_gain"": 0.0002581230681274105, ""delta_q"": 0.00022061800694650469, ""proxy_implied_ev"": -0.11422282980177711, ""q_current"": 0.7570745044429256, ""q_previous"": 0.7568538864359791, ""side"": ""H"", ""sporttery_odds"": 1.17}, {""change_induced_ev_gain"": 0.0002715298547031897, ""delta_q"": 2.2627487891932474e-05, ""proxy_implied_ev"": -0.06821599453178406, ""q_current"": 0.07764866712235133, ""q_previous"": 0.0776260396344594, ""side"": ""A"", ""sporttery_odds"": 12.0}]",2321.234134,ended
1630,hOq1JfnT,2041783,geo=mx|serial=2608290548,2026-09-29T12:50:17.879546+00:00,2026-09-29T12:51:37.656159+00:00,79.776613,3160,0.250654,35,>20,one_step_reversion,"[1.62, 3.58, 6.06]","[1.63, 3.57, 6.06]","[1.44, 3.62, 6.3]","[1.44, 3.62, 6.3]",2026-09-29T19:44:45+08:00,2026-09-29T12:51:37.906813+00:00,Selling,0,1,-0.017968128450541188,"[{""change_induced_ev_gain"": 0.0053788608135729435, ""delta_q"": 0.0014858731529207025, ""proxy_implied_ev"": -0.042148878548984414, ""q_current"": 0.2645997573069104, ""q_previous"": 0.2631138841539897, ""side"": ""D"", ""sporttery_odds"": 3.62}, {""change_induced_ev_gain"": 0.002779306663471462, ""delta_q"": 0.000441159787852613, ""proxy_implied_ev"": -0.017968128450541188, ""q_current"": 0.15587807484912045, ""q_previous"": 0.15543691506126783, ""side"": ""A"", ""sporttery_odds"": 6.3}]",21202.343841,right_censored
1661,AeCCmlWQ,2041782,geo=mx|serial=2608290548,2026-09-29T12:51:37.656159+00:00,2026-09-29T12:52:28.721763+00:00,51.065604,3163,0.246263,35,>20,one_step_reversion,"[9.51, 5.48, 1.3]","[9.52, 5.45, 1.3]","[9.45, 5.45, 1.19]","[9.45, 5.45, 1.19]",2026-09-29T13:07:34+08:00,2026-09-29T12:52:28.968026+00:00,Selling,0,1,-0.054605087952904974,"[{""change_induced_ev_gain"": 0.004380161021282701, ""delta_q"": 0.0008036992699601286, ""proxy_implied_ev"": -0.054605087952904974, ""q_current"": 0.1734669563389165, ""q_previous"": 0.17266325706895638, ""side"": ""D"", ""sporttery_odds"": 5.45}]",21151.278237,right_censored
1663,KxQwPbIi,2041781,geo=mx|serial=2608290548,2026-09-29T12:51:37.656159+00:00,2026-09-29T12:52:28.721763+00:00,51.065604,3163,0.246263,35,>20,one_step_reversion,"[4.26, 3.43, 1.87]","[4.25, 3.42, 1.88]","[4.16, 3.25, 1.72]","[4.16, 3.25, 1.72]",2026-09-29T19:45:13+08:00,2026-09-29T12:52:28.968026+00:00,Selling,1,1,-0.076238801433969,"[{""change_induced_ev_gain"": 0.0034188984221984954, ""delta_q"": 0.0008218505822592537, ""proxy_implied_ev"": -0.076238801433969, ""q_current"": 0.22205798042452668, ""q_previous"": 0.22123612984226743, ""side"": ""H"", ""sporttery_odds"": 4.16}, {""change_induced_ev_gain"": 0.0038279846646267768, ""delta_q"": 0.0011778414352697775, ""proxy_implied_ev"": -0.10316495479129395, ""q_current"": 0.27594924467960186, ""q_previous"": 0.2747714032443321, ""side"": ""D"", ""sporttery_odds"": 3.25}]",21151.278237,right_censored
1664,xb24bvhD,2041784,geo=mx|serial=2608290548,2026-09-29T12:51:37.656159+00:00,2026-09-29T12:52:28.721763+00:00,51.065604,3163,0.246263,35,>20,one_step_reversion,"[1.24, 5.68, 12.09]","[1.24, 5.67, 12.09]","[1.17, 5.25, 12.0]","[1.17, 5.25, 12.0]",2026-09-29T17:30:42+08:00,2026-09-29T12:52:28.968026+00:00,Selling,0,1,-0.13101961186980193,"[{""change_induced_ev_gain"": 0.001277038847901285, ""delta_q"": 0.00024324549483834002, ""proxy_implied_ev"": -0.13101961186980193, ""q_current"": 0.16552007392956153, ""q_previous"": 0.1652768284347232, ""side"": ""D"", ""sporttery_odds"": 5.25}]",2270.16853,ended
1665,hOq1JfnT,2041783,geo=mx|serial=2608290548,2026-09-29T12:51:37.656159+00:00,2026-09-29T12:52:28.721763+00:00,51.065604,3163,0.246263,35,>20,one_step_reversion,"[1.63, 3.57, 6.06]","[1.62, 3.58, 6.06]","[1.44, 3.62, 6.3]","[1.44, 3.62, 6.3]",2026-09-29T19:44:45+08:00,2026-09-29T12:52:28.968026+00:00,Selling,0,1,-0.16271315086997074,"[{""change_induced_ev_gain"": 0.0027749274347136144, ""delta_q"": 0.0019270329407733433, ""proxy_implied_ev"": -0.16271315086997074, ""q_current"": 0.5814492007847426, ""q_previous"": 0.5795221678439693, ""side"": ""H"", ""sporttery_odds"": 1.44}]",21151.278237,right_censored
1696,AeCCmlWQ,2041782,geo=mx|serial=2608290548,2026-09-29T12:52:28.721763+00:00,2026-09-29T12:53:38.280741+00:00,69.558978,3166,0.242274,35,>20,persists_next_observation,"[9.52, 5.45, 1.3]","[9.51, 5.48, 1.3]","[9.45, 5.45, 1.19]","[9.45, 5.45, 1.19]",2026-09-29T13:07:34+08:00,2026-09-29T12:53:38.523015+00:00,Selling,0,1,-0.05977503358854097,"[{""change_induced_ev_gain"": 0.0017814875411808475, ""delta_q"": 0.00018851720012495743, ""proxy_implied_ev"": -0.05977503358854097, ""q_current"": 0.09949470544036604, ""q_previous"": 0.09930618824024108, ""side"": ""H"", ""sporttery_odds"": 9.45}, {""change_induced_ev_gain"": 0.0007320666631040684, ""delta_q"": 0.0006151820698353516, ""proxy_implied_ev"": -0.13386797538609363, ""q_current"": 0.7278420374906777, ""q_previous"": 0.7272268554208423, ""side"": ""A"", ""sporttery_odds"": 1.19}]",21081.719259,right_censored
1698,KxQwPbIi,2041781,geo=mx|serial=2608290548,2026-09-29T12:52:28.721763+00:00,2026-09-29T12:53:38.280741+00:00,69.558978,3166,0.242274,35,>20,persists_next_observation,"[4.25, 3.42, 1.88]","[4.26, 3.43, 1.87]","[4.16, 3.25, 1.72]","[4.16, 3.25, 1.72]",2026-09-29T19:45:13+08:00,2026-09-29T12:53:38.523015+00:00,Selling,1,1,-0.133132956908951,"[{""change_induced_ev_gain"": 0.0034394702701501245, ""delta_q"": 0.001999692017529142, ""proxy_implied_ev"": -0.133132956908951, ""q_current"": 0.5039924669134006, ""q_previous"": 0.5019927748958715, ""side"": ""A"", ""sporttery_odds"": 1.72}]",21081.719259,right_censored
1699,xb24bvhD,2041784,geo=mx|serial=2608290548,2026-09-29T12:52:28.721763+00:00,2026-09-29T12:53:38.280741+00:00,69.558978,3166,0.242274,35,>20,persists_next_observation,"[1.24, 5.67, 12.09]","[1.24, 5.68, 12.09]","[1.17, 5.25, 12.0]","[1.17, 5.25, 12.0]",2026-09-29T17:30:42+08:00,2026-09-29T12:53:38.523015+00:00,Selling,0,1,-0.06821599453178406,"[{""change_induced_ev_gain"": 0.0002581230681274105, ""delta_q"": 0.00022061800694650469, ""proxy_implied_ev"": -0.11422282980177711, ""q_current"": 0.7570745044429256, ""q_previous"": 0.7568538864359791, ""side"": ""H"", ""sporttery_odds"": 1.17}, {""change_induced_ev_gain"": 0.0002715298547031897, ""delta_q"": 2.2627487891932474e-05, ""proxy_implied_ev"": -0.06821599453178406, ""q_current"": 0.07764866712235133, ""q_previous"": 0.0776260396344594, ""side"": ""A"", ""sporttery_odds"": 12.0}]",2200.609552,ended
1700,hOq1JfnT,2041783,geo=mx|serial=2608290548,2026-09-29T12:52:28.721763+00:00,2026-09-29T12:53:38.280741+00:00,69.558978,3166,0.242274,35,>20,persists_next_observation,"[1.62, 3.58, 6.06]","[1.63, 3.57, 6.06]","[1.44, 3.62, 6.3]","[1.44, 3.62, 6.3]",2026-09-29T19:44:45+08:00,2026-09-29T12:53:38.523015+00:00,Selling,0,1,-0.017968128450541188,"[{""change_induced_ev_gain"": 0.0053788608135729435, ""delta_q"": 0.0014858731529207025, ""proxy_implied_ev"": -0.042148878548984414, ""q_current"": 0.2645997573069104, ""q_previous"": 0.2631138841539897, ""side"": ""D"", ""sporttery_odds"": 3.62}, {""change_induced_ev_gain"": 0.002779306663471462, ""delta_q"": 0.000441159787852613, ""proxy_implied_ev"": -0.017968128450541188, ""q_current"": 0.15587807484912045, ""q_previous"": 0.15543691506126783, ""side"": ""A"", ""sporttery_odds"": 6.3}]",21081.719259,right_censored
1731,AeCCmlWQ,2041782,geo=mx|serial=2608290548,2026-09-29T12:54:44.806360+00:00,2026-09-29T12:55:32.689207+00:00,47.882847,3171,0.159416,35,>20,persists_next_observation,"[9.51, 5.48, 1.3]","[9.52, 5.45, 1.3]","[9.45, 5.45, 1.19]","[9.45, 5.45, 1.19]",2026-09-29T13:07:34+08:00,2026-09-29T12:55:32.848623+00:00,Selling,0,1,-0.054605087952904974,"[{""change_induced_ev_gain"": 0.004380161021282701, ""delta_q"": 0.0008036992699601286, ""proxy_implied_ev"": -0.054605087952904974, ""q_current"": 0.1734669563389165, ""q_previous"": 0.17266325706895638, ""side"": ""D"", ""sporttery_odds"": 5.45}]",20967.310793,right_censored
1733,KxQwPbIi,2041781,geo=mx|serial=2608290548,2026-09-29T12:54:44.806360+00:00,2026-09-29T12:55:32.689207+00:00,47.882847,3171,0.159416,35,>20,persists_next_observation,"[4.26, 3.43, 1.87]","[4.25, 3.42, 1.88]","[4.16, 3.25, 1.72]","[4.16, 3.25, 1.72]",2026-09-29T19:45:13+08:00,2026-09-29T12:55:32.848623+00:00,Selling,1,1,-0.076238801433969,"[{""change_induced_ev_gain"": 0.0034188984221984954, ""delta_q"": 0.0008218505822592537, ""proxy_implied_ev"": -0.076238801433969, ""q_current"": 0.22205798042452668, ""q_previous"": 0.22123612984226743, ""side"": ""H"", ""sporttery_odds"": 4.16}, {""change_induced_ev_gain"": 0.0038279846646267768, ""delta_q"": 0.0011778414352697775, ""proxy_implied_ev"": -0.10316495479129395, ""q_current"": 0.27594924467960186, ""q_previous"": 0.2747714032443321, ""side"": ""D"", ""sporttery_odds"": 3.25}]",20967.310793,right_censored
1734,xb24bvhD,2041784,geo=mx|serial=2608290548,2026-09-29T12:54:44.806360+00:00,2026-09-29T12:55:32.689207+00:00,47.882847,3171,0.159416,35,>20,persists_next_observation,"[1.24, 5.68, 12.09]","[1.24, 5.67, 12.09]","[1.17, 5.25, 12.0]","[1.17, 5.25, 12.0]",2026-09-29T17:30:42+08:00,2026-09-29T12:55:32.848623+00:00,Selling,0,1,-0.13101961186980193,"[{""change_induced_ev_gain"": 0.001277038847901285, ""delta_q"": 0.00024324549483834002, ""proxy_implied_ev"": -0.13101961186980193, ""q_current"": 0.16552007392956153, ""q_previous"": 0.1652768284347232, ""side"": ""D"", ""sporttery_odds"": 5.25}]",2086.201086,ended
1735,hOq1JfnT,2041783,geo=mx|serial=2608290548,2026-09-29T12:54:44.806360+00:00,2026-09-29T12:55:32.689207+00:00,47.882847,3171,0.159416,35,>20,persists_next_observation,"[1.63, 3.57, 6.06]","[1.62, 3.58, 6.06]","[1.44, 3.62, 6.3]","[1.44, 3.62, 6.3]",2026-09-29T19:44:45+08:00,2026-09-29T12:55:32.848623+00:00,Selling,0,1,-0.16271315086997074,"[{""change_induced_ev_gain"": 0.0027749274347136144, ""delta_q"": 0.0019270329407733433, ""proxy_implied_ev"": -0.16271315086997074, ""q_current"": 0.5814492007847426, ""q_previous"": 0.5795221678439693, ""side"": ""H"", ""sporttery_odds"": 1.44}]",20967.310793,right_censored
1766,AeCCmlWQ,2041782,geo=mx|serial=2608290548,2026-09-29T12:56:25.077150+00:00,2026-09-29T12:57:48.380583+00:00,83.303433,3176,0.133525,35,>20,one_step_reversion,"[9.52, 5.45, 1.3]","[9.51, 5.48, 1.3]","[9.45, 5.45, 1.19]","[9.45, 5.45, 1.19]",2026-09-29T13:07:34+08:00,2026-09-29T12:57:48.514108+00:00,Selling,0,1,-0.05977503358854097,"[{""change_induced_ev_gain"": 0.0017814875411808475, ""delta_q"": 0.00018851720012495743, ""proxy_implied_ev"": -0.05977503358854097, ""q_current"": 0.09949470544036604, ""q_previous"": 0.09930618824024108, ""side"": ""H"", ""sporttery_odds"": 9.45}, {""change_induced_ev_gain"": 0.0007320666631040684, ""delta_q"": 0.0006151820698353516, ""proxy_implied_ev"": -0.13386797538609363, ""q_current"": 0.7278420374906777, ""q_previous"": 0.7272268554208423, ""side"": ""A"", ""sporttery_odds"": 1.19}]",20831.619417,right_censored
1768,KxQwPbIi,2041781,geo=mx|serial=2608290548,2026-09-29T12:56:25.077150+00:00,2026-09-29T12:57:48.380583+00:00,83.303433,3176,0.133525,35,>20,one_step_reversion,"[4.25, 3.42, 1.88]","[4.26, 3.43, 1.87]","[4.16, 3.25, 1.72]","[4.16, 3.25, 1.72]",2026-09-29T19:45:13+08:00,2026-09-29T12:57:48.514108+00:00,Selling,1,1,-0.133132956908951,"[{""change_induced_ev_gain"": 0.0034394702701501245, ""delta_q"": 0.001999692017529142, ""proxy_implied_ev"": -0.133132956908951, ""q_current"": 0.5039924669134006, ""q_previous"": 0.5019927748958715, ""side"": ""A"", ""sporttery_odds"": 1.72}]",20831.619417,right_censored
1769,xb24bvhD,2041784,geo=mx|serial=2608290548,2026-09-29T12:56:25.077150+00:00,2026-09-29T12:57:48.380583+00:00,83.303433,3176,0.133525,35,>20,one_step_reversion,"[1.24, 5.67, 12.09]","[1.24, 5.68, 12.09]","[1.17, 5.25, 12.0]","[1.17, 5.25, 12.0]",2026-09-29T17:30:42+08:00,2026-09-29T12:57:48.514108+00:00,Selling,0,1,-0.06821599453178406,"[{""change_induced_ev_gain"": 0.0002581230681274105, ""delta_q"": 0.00022061800694650469, ""proxy_implied_ev"": -0.11422282980177711, ""q_current"": 0.7570745044429256, ""q_previous"": 0.7568538864359791, ""side"": ""H"", ""sporttery_odds"": 1.17}, {""change_induced_ev_gain"": 0.0002715298547031897, ""delta_q"": 2.2627487891932474e-05, ""proxy_implied_ev"": -0.06821599453178406, ""q_current"": 0.07764866712235133, ""q_previous"": 0.0776260396344594, ""side"": ""A"", ""sporttery_odds"": 12.0}]",1950.50971,ended
1770,hOq1JfnT,2041783,geo=mx|serial=2608290548,2026-09-29T12:56:25.077150+00:00,2026-09-29T12:57:48.380583+00:00,83.303433,3176,0.133525,35,>20,one_step_reversion,"[1.62, 3.58, 6.06]","[1.63, 3.57, 6.06]","[1.44, 3.62, 6.3]","[1.44, 3.62, 6.3]",2026-09-29T19:44:45+08:00,2026-09-29T12:57:48.514108+00:00,Selling,0,1,-0.017968128450541188,"[{""change_induced_ev_gain"": 0.0053788608135729435, ""delta_q"": 0.0014858731529207025, ""proxy_implied_ev"": -0.042148878548984414, ""q_current"": 0.2645997573069104, ""q_previous"": 0.2631138841539897, ""side"": ""D"", ""sporttery_odds"": 3.62}, {""change_induced_ev_gain"": 0.002779306663471462, ""delta_q"": 0.000441159787852613, ""proxy_implied_ev"": -0.017968128450541188, ""q_current"": 0.15587807484912045, ""q_previous"": 0.15543691506126783, ""side"": ""A"", ""sporttery_odds"": 6.3}]",20831.619417,right_censored
1801,AeCCmlWQ,2041782,geo=mx|serial=2608290548,2026-09-29T12:57:48.380583+00:00,2026-09-29T12:58:48.075035+00:00,59.694452,3179,0.195507,35,>20,one_step_reversion,"[9.51, 5.48, 1.3]","[9.52, 5.45, 1.3]","[9.45, 5.45, 1.19]","[9.45, 5.45, 1.19]",2026-09-29T13:07:34+08:00,2026-09-29T12:58:48.270542+00:00,Selling,0,1,-0.054605087952904974,"[{""change_induced_ev_gain"": 0.004380161021282701, ""delta_q"": 0.0008036992699601286, ""proxy_implied_ev"": -0.054605087952904974, ""q_current"": 0.1734669563389165, ""q_previous"": 0.17266325706895638, ""side"": ""D"", ""sporttery_odds"": 5.45}]",20771.924965,right_censored
1803,KxQwPbIi,2041781,geo=mx|serial=2608290548,2026-09-29T12:57:48.380583+00:00,2026-09-29T12:58:48.075035+00:00,59.694452,3179,0.195507,35,>20,one_step_reversion,"[4.26, 3.43, 1.87]","[4.25, 3.42, 1.88]","[4.16, 3.25, 1.72]","[4.16, 3.25, 1.72]",2026-09-29T19:45:13+08:00,2026-09-29T12:58:48.270542+00:00,Selling,1,1,-0.076238801433969,"[{""change_induced_ev_gain"": 0.0034188984221984954, ""delta_q"": 0.0008218505822592537, ""proxy_implied_ev"": -0.076238801433969, ""q_current"": 0.22205798042452668, ""q_previous"": 0.22123612984226743, ""side"": ""H"", ""sporttery_odds"": 4.16}, {""change_induced_ev_gain"": 0.0038279846646267768, ""delta_q"": 0.0011778414352697775, ""proxy_implied_ev"": -0.10316495479129395, ""q_current"": 0.27594924467960186, ""q_previous"": 0.2747714032443321, ""side"": ""D"", ""sporttery_odds"": 3.25}]",20771.924965,right_censored
1804,xb24bvhD,2041784,geo=mx|serial=2608290548,2026-09-29T12:57:48.380583+00:00,2026-09-29T12:58:48.075035+00:00,59.694452,3179,0.195507,35,>20,one_step_reversion,"[1.24, 5.68, 12.09]","[1.24, 5.67, 12.09]","[1.17, 5.25, 12.0]","[1.17, 5.25, 12.0]",2026-09-29T17:30:42+08:00,2026-09-29T12:58:48.270542+00:00,Selling,0,1,-0.13101961186980193,"[{""change_induced_ev_gain"": 0.001277038847901285, ""delta_q"": 0.00024324549483834002, ""proxy_implied_ev"": -0.13101961186980193, ""q_current"": 0.16552007392956153, ""q_previous"": 0.1652768284347232, ""side"": ""D"", ""sporttery_odds"": 5.25}]",1890.815258,ended
1805,hOq1JfnT,2041783,geo=mx|serial=2608290548,2026-09-29T12:57:48.380583+00:00,2026-09-29T12:58:48.075035+00:00,59.694452,3179,0.195507,35,>20,one_step_reversion,"[1.63, 3.57, 6.06]","[1.62, 3.58, 6.06]","[1.44, 3.62, 6.3]","[1.44, 3.62, 6.3]",2026-09-29T19:44:45+08:00,2026-09-29T12:58:48.270542+00:00,Selling,0,1,-0.16271315086997074,"[{""change_induced_ev_gain"": 0.0027749274347136144, ""delta_q"": 0.0019270329407733433, ""proxy_implied_ev"": -0.16271315086997074, ""q_current"": 0.5814492007847426, ""q_previous"": 0.5795221678439693, ""side"": ""H"", ""sporttery_odds"": 1.44}]",20771.924965,right_censored
1836,AeCCmlWQ,2041782,geo=mx|serial=2608290548,2026-09-29T12:58:48.075035+00:00,2026-09-29T12:59:15.350253+00:00,27.275218,3182,0.20547,35,>20,one_step_reversion,"[9.52, 5.45, 1.3]","[9.51, 5.48, 1.3]","[9.45, 5.45, 1.19]","[9.45, 5.45, 1.19]",2026-09-29T13:07:34+08:00,2026-09-29T12:59:15.555723+00:00,Selling,0,1,-0.05977503358854097,"[{""change_induced_ev_gain"": 0.0017814875411808475, ""delta_q"": 0.00018851720012495743, ""proxy_implied_ev"": -0.05977503358854097, ""q_current"": 0.09949470544036604, ""q_previous"": 0.09930618824024108, ""side"": ""H"", ""sporttery_odds"": 9.45}, {""change_induced_ev_gain"": 0.0007320666631040684, ""delta_q"": 0.0006151820698353516, ""proxy_implied_ev"": -0.13386797538609363, ""q_current"": 0.7278420374906777, ""q_previous"": 0.7272268554208423, ""side"": ""A"", ""sporttery_odds"": 1.19}]",20744.649747,right_censored
1838,KxQwPbIi,2041781,geo=mx|serial=2608290548,2026-09-29T12:58:48.075035+00:00,2026-09-29T12:59:15.350253+00:00,27.275218,3182,0.20547,35,>20,one_step_reversion,"[4.25, 3.42, 1.88]","[4.26, 3.43, 1.87]","[4.16, 3.25, 1.72]","[4.16, 3.25, 1.72]",2026-09-29T19:45:13+08:00,2026-09-29T12:59:15.555723+00:00,Selling,1,1,-0.133132956908951,"[{""change_induced_ev_gain"": 0.0034394702701501245, ""delta_q"": 0.001999692017529142, ""proxy_implied_ev"": -0.133132956908951, ""q_current"": 0.5039924669134006, ""q_previous"": 0.5019927748958715, ""side"": ""A"", ""sporttery_odds"": 1.72}]",20744.649747,right_censored
1839,xb24bvhD,2041784,geo=mx|serial=2608290548,2026-09-29T12:58:48.075035+00:00,2026-09-29T12:59:15.350253+00:00,27.275218,3182,0.20547,35,>20,one_step_reversion,"[1.24, 5.67, 12.09]","[1.24, 5.68, 12.09]","[1.17, 5.25, 12.0]","[1.17, 5.25, 12.0]",2026-09-29T17:30:42+08:00,2026-09-29T12:59:15.555723+00:00,Selling,0,1,-0.06821599453178406,"[{""change_induced_ev_gain"": 0.0002581230681274105, ""delta_q"": 0.00022061800694650469, ""proxy_implied_ev"": -0.11422282980177711, ""q_current"": 0.7570745044429256, ""q_previous"": 0.7568538864359791, ""side"": ""H"", ""sporttery_odds"": 1.17}, {""change_induced_ev_gain"": 0.0002715298547031897, ""delta_q"": 2.2627487891932474e-05, ""proxy_implied_ev"": -0.06821599453178406, ""q_current"": 0.07764866712235133, ""q_previous"": 0.0776260396344594, ""side"": ""A"", ""sporttery_odds"": 12.0}]",1863.54004,ended
1840,hOq1JfnT,2041783,geo=mx|serial=2608290548,2026-09-29T12:58:48.075035+00:00,2026-09-29T12:59:15.350253+00:00,27.275218,3182,0.20547,35,>20,one_step_reversion,"[1.62, 3.58, 6.06]","[1.63, 3.57, 6.06]","[1.44, 3.62, 6.3]","[1.44, 3.62, 6.3]",2026-09-29T19:44:45+08:00,2026-09-29T12:59:15.555723+00:00,Selling,0,1,-0.017968128450541188,"[{""change_induced_ev_gain"": 0.0053788608135729435, ""delta_q"": 0.0014858731529207025, ""proxy_implied_ev"": -0.042148878548984414, ""q_current"": 0.2645997573069104, ""q_previous"": 0.2631138841539897, ""side"": ""D"", ""sporttery_odds"": 3.62}, {""change_induced_ev_gain"": 0.002779306663471462, ""delta_q"": 0.000441159787852613, ""proxy_implied_ev"": -0.017968128450541188, ""q_current"": 0.15587807484912045, ""q_previous"": 0.15543691506126783, ""side"": ""A"", ""sporttery_odds"": 6.3}]",20744.649747,right_censored
1871,AeCCmlWQ,2041782,geo=mx|serial=2608290548,2026-09-29T12:59:15.350253+00:00,2026-09-29T13:00:36.681400+00:00,81.331147,3185,0.120051,35,>20,persists_next_observation,"[9.51, 5.48, 1.3]","[9.52, 5.45, 1.3]","[9.45, 5.45, 1.19]","[9.45, 5.45, 1.19]",2026-09-29T13:07:34+08:00,2026-09-29T13:00:36.801451+00:00,Selling,0,1,-0.054605087952904974,"[{""change_induced_ev_gain"": 0.004380161021282701, ""delta_q"": 0.0008036992699601286, ""proxy_implied_ev"": -0.054605087952904974, ""q_current"": 0.1734669563389165, ""q_previous"": 0.17266325706895638, ""side"": ""D"", ""sporttery_odds"": 5.45}]",20663.3186,right_censored
1873,KxQwPbIi,2041781,geo=mx|serial=2608290548,2026-09-29T12:59:15.350253+00:00,2026-09-29T13:00:36.681400+00:00,81.331147,3185,0.120051,35,>20,persists_next_observation,"[4.26, 3.43, 1.87]","[4.25, 3.42, 1.88]","[4.16, 3.25, 1.72]","[4.16, 3.25, 1.72]",2026-09-29T19:45:13+08:00,2026-09-29T13:00:36.801451+00:00,Selling,1,1,-0.076238801433969,"[{""change_induced_ev_gain"": 0.0034188984221984954, ""delta_q"": 0.0008218505822592537, ""proxy_implied_ev"": -0.076238801433969, ""q_current"": 0.22205798042452668, ""q_previous"": 0.22123612984226743, ""side"": ""H"", ""sporttery_odds"": 4.16}, {""change_induced_ev_gain"": 0.0038279846646267768, ""delta_q"": 0.0011778414352697775, ""proxy_implied_ev"": -0.10316495479129395, ""q_current"": 0.27594924467960186, ""q_previous"": 0.2747714032443321, ""side"": ""D"", ""sporttery_odds"": 3.25}]",20663.3186,right_censored
1874,xb24bvhD,2041784,geo=mx|serial=2608290548,2026-09-29T12:59:15.350253+00:00,2026-09-29T13:00:36.681400+00:00,81.331147,3185,0.120051,35,>20,persists_next_observation,"[1.24, 5.68, 12.09]","[1.24, 5.67, 12.09]","[1.17, 5.25, 12.0]","[1.17, 5.25, 12.0]",2026-09-29T17:30:42+08:00,2026-09-29T13:00:36.801451+00:00,Selling,0,1,-0.13101961186980193,"[{""change_induced_ev_gain"": 0.001277038847901285, ""delta_q"": 0.00024324549483834002, ""proxy_implied_ev"": -0.13101961186980193, ""q_current"": 0.16552007392956153, ""q_previous"": 0.1652768284347232, ""side"": ""D"", ""sporttery_odds"": 5.25}]",1782.208893,ended
1875,hOq1JfnT,2041783,geo=mx|serial=2608290548,2026-09-29T12:59:15.350253+00:00,2026-09-29T13:00:36.681400+00:00,81.331147,3185,0.120051,35,>20,persists_next_observation,"[1.63, 3.57, 6.06]","[1.62, 3.58, 6.06]","[1.44, 3.62, 6.3]","[1.44, 3.62, 6.3]",2026-09-29T19:44:45+08:00,2026-09-29T13:00:36.801451+00:00,Selling,0,1,-0.16271315086997074,"[{""change_induced_ev_gain"": 0.0027749274347136144, ""delta_q"": 0.0019270329407733433, ""proxy_implied_ev"": -0.16271315086997074, ""q_current"": 0.5814492007847426, ""q_previous"": 0.5795221678439693, ""side"": ""H"", ""sporttery_odds"": 1.44}]",20663.3186,right_censored
1906,AeCCmlWQ,2041782,geo=mx|serial=2608290548,2026-09-29T13:02:30.452704+00:00,2026-09-29T13:04:00.806889+00:00,90.354185,3192,5.231856,35,>20,one_step_reversion,"[9.52, 5.45, 1.3]","[9.51, 5.48, 1.3]","[9.45, 5.45, 1.19]","[9.45, 5.45, 1.19]",2026-09-29T13:07:34+08:00,2026-09-29T13:04:06.038745+00:00,Selling,0,1,-0.05977503358854097,"[{""change_induced_ev_gain"": 0.0017814875411808475, ""delta_q"": 0.00018851720012495743, ""proxy_implied_ev"": -0.05977503358854097, ""q_current"": 0.09949470544036604, ""q_previous"": 0.09930618824024108, ""side"": ""H"", ""sporttery_odds"": 9.45}, {""change_induced_ev_gain"": 0.0007320666631040684, ""delta_q"": 0.0006151820698353516, ""proxy_implied_ev"": -0.13386797538609363, ""q_current"": 0.7278420374906777, ""q_previous"": 0.7272268554208423, ""side"": ""A"", ""sporttery_odds"": 1.19}]",20459.193111,right_censored
1908,KxQwPbIi,2041781,geo=mx|serial=2608290548,2026-09-29T13:02:30.452704+00:00,2026-09-29T13:04:00.806889+00:00,90.354185,3192,5.231856,35,>20,one_step_reversion,"[4.25, 3.42, 1.88]","[4.26, 3.43, 1.87]","[4.16, 3.25, 1.72]","[4.16, 3.25, 1.72]",2026-09-29T19:45:13+08:00,2026-09-29T13:04:06.038745+00:00,Selling,1,1,-0.133132956908951,"[{""change_induced_ev_gain"": 0.0034394702701501245, ""delta_q"": 0.001999692017529142, ""proxy_implied_ev"": -0.133132956908951, ""q_current"": 0.5039924669134006, ""q_previous"": 0.5019927748958715, ""side"": ""A"", ""sporttery_odds"": 1.72}]",20459.193111,right_censored
1909,xb24bvhD,2041784,geo=mx|serial=2608290548,2026-09-29T13:02:30.452704+00:00,2026-09-29T13:04:00.806889+00:00,90.354185,3192,5.231856,35,>20,one_step_reversion,"[1.24, 5.67, 12.09]","[1.24, 5.68, 12.09]","[1.17, 5.25, 12.0]","[1.17, 5.25, 12.0]",2026-09-29T17:30:42+08:00,2026-09-29T13:04:06.038745+00:00,Selling,0,1,-0.06821599453178406,"[{""change_induced_ev_gain"": 0.0002581230681274105, ""delta_q"": 0.00022061800694650469, ""proxy_implied_ev"": -0.11422282980177711, ""q_current"": 0.7570745044429256, ""q_previous"": 0.7568538864359791, ""side"": ""H"", ""sporttery_odds"": 1.17}, {""change_induced_ev_gain"": 0.0002715298547031897, ""delta_q"": 2.2627487891932474e-05, ""proxy_implied_ev"": -0.06821599453178406, ""q_current"": 0.07764866712235133, ""q_previous"": 0.0776260396344594, ""side"": ""A"", ""sporttery_odds"": 12.0}]",1578.083404,ended
1910,hOq1JfnT,2041783,geo=mx|serial=2608290548,2026-09-29T13:02:30.452704+00:00,2026-09-29T13:04:00.806889+00:00,90.354185,3192,5.231856,35,>20,one_step_reversion,"[1.62, 3.58, 6.06]","[1.63, 3.57, 6.06]","[1.44, 3.62, 6.3]","[1.44, 3.62, 6.3]",2026-09-29T19:44:45+08:00,2026-09-29T13:04:06.038745+00:00,Selling,0,1,-0.017968128450541188,"[{""change_induced_ev_gain"": 0.0053788608135729435, ""delta_q"": 0.0014858731529207025, ""proxy_implied_ev"": -0.042148878548984414, ""q_current"": 0.2645997573069104, ""q_previous"": 0.2631138841539897, ""side"": ""D"", ""sporttery_odds"": 3.62}, {""change_induced_ev_gain"": 0.002779306663471462, ""delta_q"": 0.000441159787852613, ""proxy_implied_ev"": -0.017968128450541188, ""q_current"": 0.15587807484912045, ""q_previous"": 0.15543691506126783, ""side"": ""A"", ""sporttery_odds"": 6.3}]",20459.193111,right_censored
1941,AeCCmlWQ,2041782,geo=mx|serial=2608290548,2026-09-29T13:04:00.806889+00:00,2026-09-29T13:04:37.245708+00:00,36.438819,3195,0.146499,35,>20,persists_next_observation,"[9.51, 5.48, 1.3]","[9.52, 5.45, 1.3]","[9.45, 5.45, 1.19]","[9.45, 5.45, 1.19]",2026-09-29T13:07:34+08:00,2026-09-29T13:04:37.392207+00:00,Selling,0,1,-0.054605087952904974,"[{""change_induced_ev_gain"": 0.004380161021282701, ""delta_q"": 0.0008036992699601286, ""proxy_implied_ev"": -0.054605087952904974, ""q_current"": 0.1734669563389165, ""q_previous"": 0.17266325706895638, ""side"": ""D"", ""sporttery_odds"": 5.45}]",20422.754292,right_censored
1943,KxQwPbIi,2041781,geo=mx|serial=2608290548,2026-09-29T13:04:00.806889+00:00,2026-09-29T13:04:37.245708+00:00,36.438819,3195,0.146499,35,>20,persists_next_observation,"[4.26, 3.43, 1.87]","[4.25, 3.42, 1.88]","[4.16, 3.25, 1.72]","[4.16, 3.25, 1.72]",2026-09-29T19:45:13+08:00,2026-09-29T13:04:37.392207+00:00,Selling,1,1,-0.076238801433969,"[{""change_induced_ev_gain"": 0.0034188984221984954, ""delta_q"": 0.0008218505822592537, ""proxy_implied_ev"": -0.076238801433969, ""q_current"": 0.22205798042452668, ""q_previous"": 0.22123612984226743, ""side"": ""H"", ""sporttery_odds"": 4.16}, {""change_induced_ev_gain"": 0.0038279846646267768, ""delta_q"": 0.0011778414352697775, ""proxy_implied_ev"": -0.10316495479129395, ""q_current"": 0.27594924467960186, ""q_previous"": 0.2747714032443321, ""side"": ""D"", ""sporttery_odds"": 3.25}]",20422.754292,right_censored
1944,xb24bvhD,2041784,geo=mx|serial=2608290548,2026-09-29T13:04:00.806889+00:00,2026-09-29T13:04:37.245708+00:00,36.438819,3195,0.146499,35,>20,persists_next_observation,"[1.24, 5.68, 12.09]","[1.24, 5.67, 12.09]","[1.17, 5.25, 12.0]","[1.17, 5.25, 12.0]",2026-09-29T17:30:42+08:00,2026-09-29T13:04:37.392207+00:00,Selling,0,1,-0.13101961186980193,"[{""change_induced_ev_gain"": 0.001277038847901285, ""delta_q"": 0.00024324549483834002, ""proxy_implied_ev"": -0.13101961186980193, ""q_current"": 0.16552007392956153, ""q_previous"": 0.1652768284347232, ""side"": ""D"", ""sporttery_odds"": 5.25}]",1541.644585,ended
1945,hOq1JfnT,2041783,geo=mx|serial=2608290548,2026-09-29T13:04:00.806889+00:00,2026-09-29T13:04:37.245708+00:00,36.438819,3195,0.146499,35,>20,persists_next_observation,"[1.63, 3.57, 6.06]","[1.62, 3.58, 6.06]","[1.44, 3.62, 6.3]","[1.44, 3.62, 6.3]",2026-09-29T19:44:45+08:00,2026-09-29T13:04:37.392207+00:00,Selling,0,1,-0.16271315086997074,"[{""change_induced_ev_gain"": 0.0027749274347136144, ""delta_q"": 0.0019270329407733433, ""proxy_implied_ev"": -0.16271315086997074, ""q_current"": 0.5814492007847426, ""q_previous"": 0.5795221678439693, ""side"": ""H"", ""sporttery_odds"": 1.44}]",20422.754292,right_censored
1976,AeCCmlWQ,2041782,geo=mx|serial=2608290548,2026-09-29T13:07:00.992432+00:00,2026-09-29T13:07:48.075864+00:00,47.083432,3202,0.274747,35,>20,one_step_reversion,"[9.52, 5.45, 1.3]","[9.51, 5.48, 1.3]","[9.45, 5.45, 1.19]","[9.45, 5.45, 1.19]",2026-09-29T13:07:34+08:00,2026-09-29T13:07:48.350611+00:00,Selling,0,1,-0.05977503358854097,"[{""change_induced_ev_gain"": 0.0017814875411808475, ""delta_q"": 0.00018851720012495743, ""proxy_implied_ev"": -0.05977503358854097, ""q_current"": 0.09949470544036604, ""q_previous"": 0.09930618824024108, ""side"": ""H"", ""sporttery_odds"": 9.45}, {""change_induced_ev_gain"": 0.0007320666631040684, ""delta_q"": 0.0006151820698353516, ""proxy_implied_ev"": -0.13386797538609363, ""q_current"": 0.7278420374906777, ""q_previous"": 0.7272268554208423, ""side"": ""A"", ""sporttery_odds"": 1.19}]",20231.924136,right_censored
1978,KxQwPbIi,2041781,geo=mx|serial=2608290548,2026-09-29T13:07:00.992432+00:00,2026-09-29T13:07:48.075864+00:00,47.083432,3202,0.274747,35,>20,one_step_reversion,"[4.25, 3.42, 1.88]","[4.26, 3.43, 1.87]","[4.16, 3.25, 1.72]","[4.16, 3.25, 1.72]",2026-09-29T19:45:13+08:00,2026-09-29T13:07:48.350611+00:00,Selling,1,1,-0.133132956908951,"[{""change_induced_ev_gain"": 0.0034394702701501245, ""delta_q"": 0.001999692017529142, ""proxy_implied_ev"": -0.133132956908951, ""q_current"": 0.5039924669134006, ""q_previous"": 0.5019927748958715, ""side"": ""A"", ""sporttery_odds"": 1.72}]",20231.924136,right_censored
1979,xb24bvhD,2041784,geo=mx|serial=2608290548,2026-09-29T13:07:00.992432+00:00,2026-09-29T13:07:48.075864+00:00,47.083432,3202,0.274747,35,>20,one_step_reversion,"[1.24, 5.67, 12.09]","[1.24, 5.68, 12.09]","[1.17, 5.25, 12.0]","[1.17, 5.25, 12.0]",2026-09-29T17:30:42+08:00,2026-09-29T13:07:48.350611+00:00,Selling,0,1,-0.06821599453178406,"[{""change_induced_ev_gain"": 0.0002581230681274105, ""delta_q"": 0.00022061800694650469, ""proxy_implied_ev"": -0.11422282980177711, ""q_current"": 0.7570745044429256, ""q_previous"": 0.7568538864359791, ""side"": ""H"", ""sporttery_odds"": 1.17}, {""change_induced_ev_gain"": 0.0002715298547031897, ""delta_q"": 2.2627487891932474e-05, ""proxy_implied_ev"": -0.06821599453178406, ""q_current"": 0.07764866712235133, ""q_previous"": 0.0776260396344594, ""side"": ""A"", ""sporttery_odds"": 12.0}]",1350.814429,ended
1980,hOq1JfnT,2041783,geo=mx|serial=2608290548,2026-09-29T13:07:00.992432+00:00,2026-09-29T13:07:48.075864+00:00,47.083432,3202,0.274747,35,>20,one_step_reversion,"[1.62, 3.58, 6.06]","[1.63, 3.57, 6.06]","[1.44, 3.62, 6.3]","[1.44, 3.62, 6.3]",2026-09-29T19:44:45+08:00,2026-09-29T13:07:48.350611+00:00,Selling,0,1,-0.017968128450541188,"[{""change_induced_ev_gain"": 0.0053788608135729435, ""delta_q"": 0.0014858731529207025, ""proxy_implied_ev"": -0.042148878548984414, ""q_current"": 0.2645997573069104, ""q_previous"": 0.2631138841539897, ""side"": ""D"", ""sporttery_odds"": 3.62}, {""change_induced_ev_gain"": 0.002779306663471462, ""delta_q"": 0.000441159787852613, ""proxy_implied_ev"": -0.017968128450541188, ""q_current"": 0.15587807484912045, ""q_previous"": 0.15543691506126783, ""side"": ""A"", ""sporttery_odds"": 6.3}]",20231.924136,right_censored
2011,AeCCmlWQ,2041782,geo=mx|serial=2608290548,2026-09-29T13:07:48.075864+00:00,2026-09-29T13:08:36.634544+00:00,48.55868,3205,0.207848,35,>20,one_step_reversion,"[9.51, 5.48, 1.3]","[9.52, 5.45, 1.3]","[9.45, 5.45, 1.19]","[9.45, 5.45, 1.19]",2026-09-29T13:07:34+08:00,2026-09-29T13:08:36.842392+00:00,Selling,0,1,-0.054605087952904974,"[{""change_induced_ev_gain"": 0.004380161021282701, ""delta_q"": 0.0008036992699601286, ""proxy_implied_ev"": -0.054605087952904974, ""q_current"": 0.1734669563389165, ""q_previous"": 0.17266325706895638, ""side"": ""D"", ""sporttery_odds"": 5.45}]",20183.365456,right_censored
2013,KxQwPbIi,2041781,geo=mx|serial=2608290548,2026-09-29T13:07:48.075864+00:00,2026-09-29T13:08:36.634544+00:00,48.55868,3205,0.207848,35,>20,one_step_reversion,"[4.26, 3.43, 1.87]","[4.25, 3.42, 1.88]","[4.16, 3.25, 1.72]","[4.16, 3.25, 1.72]",2026-09-29T19:45:13+08:00,2026-09-29T13:08:36.842392+00:00,Selling,1,1,-0.076238801433969,"[{""change_induced_ev_gain"": 0.0034188984221984954, ""delta_q"": 0.0008218505822592537, ""proxy_implied_ev"": -0.076238801433969, ""q_current"": 0.22205798042452668, ""q_previous"": 0.22123612984226743, ""side"": ""H"", ""sporttery_odds"": 4.16}, {""change_induced_ev_gain"": 0.0038279846646267768, ""delta_q"": 0.0011778414352697775, ""proxy_implied_ev"": -0.10316495479129395, ""q_current"": 0.27594924467960186, ""q_previous"": 0.2747714032443321, ""side"": ""D"", ""sporttery_odds"": 3.25}]",20183.365456,right_censored
2014,xb24bvhD,2041784,geo=mx|serial=2608290548,2026-09-29T13:07:48.075864+00:00,2026-09-29T13:08:36.634544+00:00,48.55868,3205,0.207848,35,>20,one_step_reversion,"[1.24, 5.68, 12.09]","[1.24, 5.67, 12.09]","[1.17, 5.25, 12.0]","[1.17, 5.25, 12.0]",2026-09-29T17:30:42+08:00,2026-09-29T13:08:36.842392+00:00,Selling,0,1,-0.13101961186980193,"[{""change_induced_ev_gain"": 0.001277038847901285, ""delta_q"": 0.00024324549483834002, ""proxy_implied_ev"": -0.13101961186980193, ""q_current"": 0.16552007392956153, ""q_previous"": 0.1652768284347232, ""side"": ""D"", ""sporttery_odds"": 5.25}]",1302.255749,ended
2015,hOq1JfnT,2041783,geo=mx|serial=2608290548,2026-09-29T13:07:48.075864+00:00,2026-09-29T13:08:36.634544+00:00,48.55868,3205,0.207848,35,>20,one_step_reversion,"[1.63, 3.57, 6.06]","[1.62, 3.58, 6.06]","[1.44, 3.62, 6.3]","[1.44, 3.62, 6.3]",2026-09-29T19:44:45+08:00,2026-09-29T13:08:36.842392+00:00,Selling,0,1,-0.16271315086997074,"[{""change_induced_ev_gain"": 0.0027749274347136144, ""delta_q"": 0.0019270329407733433, ""proxy_implied_ev"": -0.16271315086997074, ""q_current"": 0.5814492007847426, ""q_previous"": 0.5795221678439693, ""side"": ""H"", ""sporttery_odds"": 1.44}]",20183.365456,right_censored
2046,AeCCmlWQ,2041782,geo=mx|serial=2608290548,2026-09-29T13:08:36.634544+00:00,2026-09-29T13:09:55.383814+00:00,78.74927,3208,0.201791,35,>20,persists_next_observation,"[9.52, 5.45, 1.3]","[9.51, 5.48, 1.3]","[9.45, 5.45, 1.19]","[9.45, 5.45, 1.19]",2026-09-29T13:07:34+08:00,2026-09-29T13:09:55.585605+00:00,Selling,0,1,-0.05977503358854097,"[{""change_induced_ev_gain"": 0.0017814875411808475, ""delta_q"": 0.00018851720012495743, ""proxy_implied_ev"": -0.05977503358854097, ""q_current"": 0.09949470544036604, ""q_previous"": 0.09930618824024108, ""side"": ""H"", ""sporttery_odds"": 9.45}, {""change_induced_ev_gain"": 0.0007320666631040684, ""delta_q"": 0.0006151820698353516, ""proxy_implied_ev"": -0.13386797538609363, ""q_current"": 0.7278420374906777, ""q_previous"": 0.7272268554208423, ""side"": ""A"", ""sporttery_odds"": 1.19}]",20104.616186,right_censored
2048,KxQwPbIi,2041781,geo=mx|serial=2608290548,2026-09-29T13:08:36.634544+00:00,2026-09-29T13:09:55.383814+00:00,78.74927,3208,0.201791,35,>20,persists_next_observation,"[4.25, 3.42, 1.88]","[4.26, 3.43, 1.87]","[4.16, 3.25, 1.72]","[4.16, 3.25, 1.72]",2026-09-29T19:45:13+08:00,2026-09-29T13:09:55.585605+00:00,Selling,1,1,-0.133132956908951,"[{""change_induced_ev_gain"": 0.0034394702701501245, ""delta_q"": 0.001999692017529142, ""proxy_implied_ev"": -0.133132956908951, ""q_current"": 0.5039924669134006, ""q_previous"": 0.5019927748958715, ""side"": ""A"", ""sporttery_odds"": 1.72}]",20104.616186,right_censored
2049,xb24bvhD,2041784,geo=mx|serial=2608290548,2026-09-29T13:08:36.634544+00:00,2026-09-29T13:09:55.383814+00:00,78.74927,3208,0.201791,35,>20,persists_next_observation,"[1.24, 5.67, 12.09]","[1.24, 5.68, 12.09]","[1.17, 5.25, 12.0]","[1.17, 5.25, 12.0]",2026-09-29T17:30:42+08:00,2026-09-29T13:09:55.585605+00:00,Selling,0,1,-0.06821599453178406,"[{""change_induced_ev_gain"": 0.0002581230681274105, ""delta_q"": 0.00022061800694650469, ""proxy_implied_ev"": -0.11422282980177711, ""q_current"": 0.7570745044429256, ""q_previous"": 0.7568538864359791, ""side"": ""H"", ""sporttery_odds"": 1.17}, {""change_induced_ev_gain"": 0.0002715298547031897, ""delta_q"": 2.2627487891932474e-05, ""proxy_implied_ev"": -0.06821599453178406, ""q_current"": 0.07764866712235133, ""q_previous"": 0.0776260396344594, ""side"": ""A"", ""sporttery_odds"": 12.0}]",1223.506479,ended
2050,hOq1JfnT,2041783,geo=mx|serial=2608290548,2026-09-29T13:08:36.634544+00:00,2026-09-29T13:09:55.383814+00:00,78.74927,3208,0.201791,35,>20,persists_next_observation,"[1.62, 3.58, 6.06]","[1.63, 3.57, 6.06]","[1.44, 3.62, 6.3]","[1.44, 3.62, 6.3]",2026-09-29T19:44:45+08:00,2026-09-29T13:09:55.585605+00:00,Selling,0,1,-0.017968128450541188,"[{""change_induced_ev_gain"": 0.0053788608135729435, ""delta_q"": 0.0014858731529207025, ""proxy_implied_ev"": -0.042148878548984414, ""q_current"": 0.2645997573069104, ""q_previous"": 0.2631138841539897, ""side"": ""D"", ""sporttery_odds"": 3.62}, {""change_induced_ev_gain"": 0.002779306663471462, ""delta_q"": 0.000441159787852613, ""proxy_implied_ev"": -0.017968128450541188, ""q_current"": 0.15587807484912045, ""q_previous"": 0.15543691506126783, ""side"": ""A"", ""sporttery_odds"": 6.3}]",20104.616186,right_censored
2081,AeCCmlWQ,2041782,geo=mx|serial=2608290548,2026-09-29T13:11:51.879918+00:00,2026-09-29T13:12:53.101065+00:00,61.221147,3215,0.112959,35,>20,persists_next_observation,"[9.51, 5.48, 1.3]","[9.52, 5.45, 1.3]","[9.45, 5.45, 1.19]","[9.45, 5.45, 1.19]",2026-09-29T13:07:34+08:00,2026-09-29T13:12:53.214024+00:00,Selling,0,1,-0.054605087952904974,"[{""change_induced_ev_gain"": 0.004380161021282701, ""delta_q"": 0.0008036992699601286, ""proxy_implied_ev"": -0.054605087952904974, ""q_current"": 0.1734669563389165, ""q_previous"": 0.17266325706895638, ""side"": ""D"", ""sporttery_odds"": 5.45}]",19926.898935,right_censored
2083,KxQwPbIi,2041781,geo=mx|serial=2608290548,2026-09-29T13:11:51.879918+00:00,2026-09-29T13:12:53.101065+00:00,61.221147,3215,0.112959,35,>20,persists_next_observation,"[4.26, 3.43, 1.87]","[4.25, 3.42, 1.88]","[4.16, 3.25, 1.72]","[4.16, 3.25, 1.72]",2026-09-29T19:45:13+08:00,2026-09-29T13:12:53.214024+00:00,Selling,1,1,-0.076238801433969,"[{""change_induced_ev_gain"": 0.0034188984221984954, ""delta_q"": 0.0008218505822592537, ""proxy_implied_ev"": -0.076238801433969, ""q_current"": 0.22205798042452668, ""q_previous"": 0.22123612984226743, ""side"": ""H"", ""sporttery_odds"": 4.16}, {""change_induced_ev_gain"": 0.0038279846646267768, ""delta_q"": 0.0011778414352697775, ""proxy_implied_ev"": -0.10316495479129395, ""q_current"": 0.27594924467960186, ""q_previous"": 0.2747714032443321, ""side"": ""D"", ""sporttery_odds"": 3.25}]",19926.898935,right_censored
2084,xb24bvhD,2041784,geo=mx|serial=2608290548,2026-09-29T13:11:51.879918+00:00,2026-09-29T13:12:53.101065+00:00,61.221147,3215,0.112959,35,>20,persists_next_observation,"[1.24, 5.68, 12.09]","[1.24, 5.67, 12.09]","[1.17, 5.25, 12.0]","[1.17, 5.25, 12.0]",2026-09-29T17:30:42+08:00,2026-09-29T13:12:53.214024+00:00,Selling,0,1,-0.13101961186980193,"[{""change_induced_ev_gain"": 0.001277038847901285, ""delta_q"": 0.00024324549483834002, ""proxy_implied_ev"": -0.13101961186980193, ""q_current"": 0.16552007392956153, ""q_previous"": 0.1652768284347232, ""side"": ""D"", ""sporttery_odds"": 5.25}]",1045.789228,ended
2085,hOq1JfnT,2041783,geo=mx|serial=2608290548,2026-09-29T13:11:51.879918+00:00,2026-09-29T13:12:53.101065+00:00,61.221147,3215,0.112959,35,>20,persists_next_observation,"[1.63, 3.57, 6.06]","[1.62, 3.58, 6.06]","[1.44, 3.62, 6.3]","[1.44, 3.62, 6.3]",2026-09-29T19:44:45+08:00,2026-09-29T13:12:53.214024+00:00,Selling,0,1,-0.16271315086997074,"[{""change_induced_ev_gain"": 0.0027749274347136144, ""delta_q"": 0.0019270329407733433, ""proxy_implied_ev"": -0.16271315086997074, ""q_current"": 0.5814492007847426, ""q_previous"": 0.5795221678439693, ""side"": ""H"", ""sporttery_odds"": 1.44}]",19926.898935,right_censored
2116,AeCCmlWQ,2041782,geo=mx|serial=2608290548,2026-09-29T13:13:56.952507+00:00,2026-09-29T13:14:44.590589+00:00,47.638082,3220,0.249716,35,>20,persists_next_observation,"[9.52, 5.45, 1.3]","[9.51, 5.48, 1.3]","[9.45, 5.45, 1.19]","[9.45, 5.45, 1.19]",2026-09-29T13:07:34+08:00,2026-09-29T13:14:44.840305+00:00,Selling,0,1,-0.05977503358854097,"[{""change_induced_ev_gain"": 0.0017814875411808475, ""delta_q"": 0.00018851720012495743, ""proxy_implied_ev"": -0.05977503358854097, ""q_current"": 0.09949470544036604, ""q_previous"": 0.09930618824024108, ""side"": ""H"", ""sporttery_odds"": 9.45}, {""change_induced_ev_gain"": 0.0007320666631040684, ""delta_q"": 0.0006151820698353516, ""proxy_implied_ev"": -0.13386797538609363, ""q_current"": 0.7278420374906777, ""q_previous"": 0.7272268554208423, ""side"": ""A"", ""sporttery_odds"": 1.19}]",19815.409411,right_censored
2118,KxQwPbIi,2041781,geo=mx|serial=2608290548,2026-09-29T13:13:56.952507+00:00,2026-09-29T13:14:44.590589+00:00,47.638082,3220,0.249716,35,>20,persists_next_observation,"[4.25, 3.42, 1.88]","[4.26, 3.43, 1.87]","[4.16, 3.25, 1.72]","[4.16, 3.25, 1.72]",2026-09-29T19:45:13+08:00,2026-09-29T13:14:44.840305+00:00,Selling,1,1,-0.133132956908951,"[{""change_induced_ev_gain"": 0.0034394702701501245, ""delta_q"": 0.001999692017529142, ""proxy_implied_ev"": -0.133132956908951, ""q_current"": 0.5039924669134006, ""q_previous"": 0.5019927748958715, ""side"": ""A"", ""sporttery_odds"": 1.72}]",19815.409411,right_censored
2119,xb24bvhD,2041784,geo=mx|serial=2608290548,2026-09-29T13:13:56.952507+00:00,2026-09-29T13:14:44.590589+00:00,47.638082,3220,0.249716,35,>20,persists_next_observation,"[1.24, 5.67, 12.09]","[1.24, 5.68, 12.09]","[1.17, 5.25, 12.0]","[1.17, 5.25, 12.0]",2026-09-29T17:30:42+08:00,2026-09-29T13:14:44.840305+00:00,Selling,0,1,-0.06821599453178406,"[{""change_induced_ev_gain"": 0.0002581230681274105, ""delta_q"": 0.00022061800694650469, ""proxy_implied_ev"": -0.11422282980177711, ""q_current"": 0.7570745044429256, ""q_previous"": 0.7568538864359791, ""side"": ""H"", ""sporttery_odds"": 1.17}, {""change_induced_ev_gain"": 0.0002715298547031897, ""delta_q"": 2.2627487891932474e-05, ""proxy_implied_ev"": -0.06821599453178406, ""q_current"": 0.07764866712235133, ""q_previous"": 0.0776260396344594, ""side"": ""A"", ""sporttery_odds"": 12.0}]",934.299704,ended
2120,hOq1JfnT,2041783,geo=mx|serial=2608290548,2026-09-29T13:13:56.952507+00:00,2026-09-29T13:14:44.590589+00:00,47.638082,3220,0.249716,35,>20,persists_next_observation,"[1.62, 3.58, 6.06]","[1.63, 3.57, 6.06]","[1.44, 3.62, 6.3]","[1.44, 3.62, 6.3]",2026-09-29T19:44:45+08:00,2026-09-29T13:14:44.840305+00:00,Selling,0,1,-0.017968128450541188,"[{""change_induced_ev_gain"": 0.0053788608135729435, ""delta_q"": 0.0014858731529207025, ""proxy_implied_ev"": -0.042148878548984414, ""q_current"": 0.2645997573069104, ""q_previous"": 0.2631138841539897, ""side"": ""D"", ""sporttery_odds"": 3.62}, {""change_induced_ev_gain"": 0.002779306663471462, ""delta_q"": 0.000441159787852613, ""proxy_implied_ev"": -0.017968128450541188, ""q_current"": 0.15587807484912045, ""q_previous"": 0.15543691506126783, ""side"": ""A"", ""sporttery_odds"": 6.3}]",19815.409411,right_censored
2151,AeCCmlWQ,2041782,geo=mx|serial=2608290548,2026-09-29T13:19:16.731069+00:00,2026-09-29T13:20:38.151834+00:00,81.420765,3231,0.169956,35,>20,one_step_reversion,"[9.51, 5.48, 1.3]","[9.52, 5.45, 1.3]","[9.45, 5.45, 1.19]","[9.45, 5.45, 1.19]",2026-09-29T13:07:34+08:00,2026-09-29T13:20:38.321790+00:00,Selling,0,1,-0.054605087952904974,"[{""change_induced_ev_gain"": 0.004380161021282701, ""delta_q"": 0.0008036992699601286, ""proxy_implied_ev"": -0.054605087952904974, ""q_current"": 0.1734669563389165, ""q_previous"": 0.17266325706895638, ""side"": ""D"", ""sporttery_odds"": 5.45}]",19461.848166,right_censored
2153,KxQwPbIi,2041781,geo=mx|serial=2608290548,2026-09-29T13:19:16.731069+00:00,2026-09-29T13:20:38.151834+00:00,81.420765,3231,0.169956,35,>20,one_step_reversion,"[4.26, 3.43, 1.87]","[4.25, 3.42, 1.88]","[4.16, 3.25, 1.72]","[4.16, 3.25, 1.72]",2026-09-29T19:45:13+08:00,2026-09-29T13:20:38.321790+00:00,Selling,1,1,-0.076238801433969,"[{""change_induced_ev_gain"": 0.0034188984221984954, ""delta_q"": 0.0008218505822592537, ""proxy_implied_ev"": -0.076238801433969, ""q_current"": 0.22205798042452668, ""q_previous"": 0.22123612984226743, ""side"": ""H"", ""sporttery_odds"": 4.16}, {""change_induced_ev_gain"": 0.0038279846646267768, ""delta_q"": 0.0011778414352697775, ""proxy_implied_ev"": -0.10316495479129395, ""q_current"": 0.27594924467960186, ""q_previous"": 0.2747714032443321, ""side"": ""D"", ""sporttery_odds"": 3.25}]",19461.848166,right_censored
2154,xb24bvhD,2041784,geo=mx|serial=2608290548,2026-09-29T13:19:16.731069+00:00,2026-09-29T13:20:38.151834+00:00,81.420765,3231,0.169956,35,>20,one_step_reversion,"[1.24, 5.68, 12.09]","[1.24, 5.67, 12.09]","[1.17, 5.25, 12.0]","[1.17, 5.25, 12.0]",2026-09-29T17:30:42+08:00,2026-09-29T13:20:38.321790+00:00,Selling,0,1,-0.13101961186980193,"[{""change_induced_ev_gain"": 0.001277038847901285, ""delta_q"": 0.00024324549483834002, ""proxy_implied_ev"": -0.13101961186980193, ""q_current"": 0.16552007392956153, ""q_previous"": 0.1652768284347232, ""side"": ""D"", ""sporttery_odds"": 5.25}]",580.738459,ended
2155,hOq1JfnT,2041783,geo=mx|serial=2608290548,2026-09-29T13:19:16.731069+00:00,2026-09-29T13:20:38.151834+00:00,81.420765,3231,0.169956,35,>20,one_step_reversion,"[1.63, 3.57, 6.06]","[1.62, 3.58, 6.06]","[1.44, 3.62, 6.3]","[1.44, 3.62, 6.3]",2026-09-29T19:44:45+08:00,2026-09-29T13:20:38.321790+00:00,Selling,0,1,-0.16271315086997074,"[{""change_induced_ev_gain"": 0.0027749274347136144, ""delta_q"": 0.0019270329407733433, ""proxy_implied_ev"": -0.16271315086997074, ""q_current"": 0.5814492007847426, ""q_previous"": 0.5795221678439693, ""side"": ""H"", ""sporttery_odds"": 1.44}]",19461.848166,right_censored
2184,hSJlvG55,2041787,geo=mx|serial=2609081259,2026-09-29T12:24:58.726019+00:00,2026-09-29T13:21:03.134299+00:00,3364.40828,3234,0.229906,84,>20,persists_next_observation,"[1.76, 3.42, 4.88]","[1.76, 3.44, 4.9]","[1.55, 3.4, 5.25]","[1.55, 3.4, 5.25]",2026-09-29T12:54:07+08:00,2026-09-29T13:21:03.364205+00:00,Selling,0,1,-0.17148257141407475,"[{""change_induced_ev_gain"": 0.001972262183389706, ""delta_q"": 0.0012724272150901328, ""proxy_implied_ev"": -0.17148257141407475, ""q_current"": 0.5345273732812421, ""q_previous"": 0.533254946066152, ""side"": ""H"", ""sporttery_odds"": 1.55}]",19436.865701,right_censored
2185,AeCCmlWQ,2041782,geo=mx|serial=2609081259,2026-09-29T12:24:58.726019+00:00,2026-09-29T13:21:03.134299+00:00,3364.40828,3234,0.229906,84,>20,persists_next_observation,"[9.15, 5.36, 1.31]","[9.61, 5.44, 1.3]","[9.45, 5.45, 1.19]","[9.45, 5.45, 1.19]",2026-09-29T13:07:34+08:00,2026-09-29T13:21:03.364205+00:00,Selling,0,1,-0.13407082626935807,"[{""change_induced_ev_gain"": 0.008316256568643963, ""delta_q"": 0.006988450898020138, ""proxy_implied_ev"": -0.13407082626935807, ""q_current"": 0.7276715745635647, ""q_previous"": 0.7206831236655445, ""side"": ""A"", ""sporttery_odds"": 1.19}]",19436.865701,right_censored
2188,KxQwPbIi,2041781,geo=mx|serial=2609081259,2026-09-29T12:24:58.726019+00:00,2026-09-29T13:21:03.134299+00:00,3364.40828,3234,0.229906,84,>20,persists_next_observation,"[4.21, 3.41, 1.89]","[4.33, 3.44, 1.86]","[4.16, 3.25, 1.72]","[4.16, 3.25, 1.72]",2026-09-29T19:45:13+08:00,2026-09-29T13:21:03.364205+00:00,Selling,1,1,-0.12701827078378325,"[{""change_induced_ev_gain"": 0.014348379771368469, ""delta_q"": 0.008342081262423529, ""proxy_implied_ev"": -0.12701827078378325, ""q_current"": 0.5075475169861725, ""q_previous"": 0.499205435723749, ""side"": ""A"", ""sporttery_odds"": 1.72}]",19436.865701,right_censored
2189,xb24bvhD,2041784,geo=mx|serial=2609081259,2026-09-29T12:24:58.726019+00:00,2026-09-29T13:21:03.134299+00:00,3364.40828,3234,0.229906,84,>20,persists_next_observation,"[1.24, 5.61, 12.03]","[1.24, 5.76, 11.88]","[1.17, 5.25, 12.0]","[1.17, 5.25, 12.0]",2026-09-29T17:30:42+08:00,2026-09-29T13:21:03.364205+00:00,Selling,0,1,-0.05086907989156453,"[{""change_induced_ev_gain"": 0.002982725180596244, ""delta_q"": 0.002549337761193371, ""proxy_implied_ev"": -0.11340456067612814, ""q_current"": 0.7577738797639931, ""q_previous"": 0.7552245420027998, ""side"": ""H"", ""sporttery_odds"": 1.17}, {""change_induced_ev_gain"": 0.01498784571095746, ""delta_q"": 0.0012489871425797883, ""proxy_implied_ev"": -0.05086907989156453, ""q_current"": 0.07909424334236963, ""q_previous"": 0.07784525619978984, ""side"": ""A"", ""sporttery_odds"": 12.0}]",555.755994,ended
2190,hOq1JfnT,2041783,geo=mx|serial=2609081259,2026-09-29T12:24:58.726019+00:00,2026-09-29T13:21:03.134299+00:00,3364.40828,3234,0.229906,84,>20,persists_next_observation,"[1.62, 3.6, 6.09]","[1.62, 3.59, 6.17]","[1.44, 3.62, 6.3]","[1.44, 3.62, 6.3]",2026-09-29T19:44:45+08:00,2026-09-29T13:21:03.364205+00:00,Selling,0,1,-0.046840930943192305,"[{""change_induced_ev_gain"": 0.0010750549789590735, ""delta_q"": 0.0007465659576104677, ""proxy_implied_ev"": -0.1597689237780383, ""q_current"": 0.5834938029319179, ""q_previous"": 0.5827472369743074, ""side"": ""H"", ""sporttery_odds"": 1.44}, {""change_induced_ev_gain"": 0.003863820025660774, ""delta_q"": 0.0010673535982488325, ""proxy_implied_ev"": -0.046840930943192305, ""q_current"": 0.2633036102366872, ""q_previous"": 0.26223625663843836, ""side"": ""D"", ""sporttery_odds"": 3.62}]",19436.865701,right_censored
2270,AeCCmlWQ,2041782,geo=mx|serial=2608290548,2026-09-29T13:20:38.151834+00:00,2026-09-29T13:23:26.450354+00:00,168.29852,3239,0.227658,35,>20,persists_next_observation,"[9.52, 5.45, 1.3]","[9.51, 5.48, 1.3]","[9.45, 5.45, 1.19]","[9.45, 5.45, 1.19]",2026-09-29T13:07:34+08:00,2026-09-29T13:23:26.678012+00:00,Selling,0,1,-0.05977503358854097,"[{""change_induced_ev_gain"": 0.0017814875411808475, ""delta_q"": 0.00018851720012495743, ""proxy_implied_ev"": -0.05977503358854097, ""q_current"": 0.09949470544036604, ""q_previous"": 0.09930618824024108, ""side"": ""H"", ""sporttery_odds"": 9.45}, {""change_induced_ev_gain"": 0.0007320666631040684, ""delta_q"": 0.0006151820698353516, ""proxy_implied_ev"": -0.13386797538609363, ""q_current"": 0.7278420374906777, ""q_previous"": 0.7272268554208423, ""side"": ""A"", ""sporttery_odds"": 1.19}]",19293.549646,right_censored
2272,KxQwPbIi,2041781,geo=mx|serial=2608290548,2026-09-29T13:20:38.151834+00:00,2026-09-29T13:23:26.450354+00:00,168.29852,3239,0.227658,35,>20,persists_next_observation,"[4.25, 3.42, 1.88]","[4.26, 3.43, 1.87]","[4.16, 3.25, 1.72]","[4.16, 3.25, 1.72]",2026-09-29T19:45:13+08:00,2026-09-29T13:23:26.678012+00:00,Selling,1,1,-0.133132956908951,"[{""change_induced_ev_gain"": 0.0034394702701501245, ""delta_q"": 0.001999692017529142, ""proxy_implied_ev"": -0.133132956908951, ""q_current"": 0.5039924669134006, ""q_previous"": 0.5019927748958715, ""side"": ""A"", ""sporttery_odds"": 1.72}]",19293.549646,right_censored
2273,xb24bvhD,2041784,geo=mx|serial=2608290548,2026-09-29T13:20:38.151834+00:00,2026-09-29T13:23:26.450354+00:00,168.29852,3239,0.227658,35,>20,persists_next_observation,"[1.24, 5.67, 12.09]","[1.24, 5.68, 12.09]","[1.17, 5.25, 12.0]","[1.17, 5.25, 12.0]",2026-09-29T17:30:42+08:00,2026-09-29T13:23:26.678012+00:00,Selling,0,1,-0.06821599453178406,"[{""change_induced_ev_gain"": 0.0002581230681274105, ""delta_q"": 0.00022061800694650469, ""proxy_implied_ev"": -0.11422282980177711, ""q_current"": 0.7570745044429256, ""q_previous"": 0.7568538864359791, ""side"": ""H"", ""sporttery_odds"": 1.17}, {""change_induced_ev_gain"": 0.0002715298547031897, ""delta_q"": 2.2627487891932474e-05, ""proxy_implied_ev"": -0.06821599453178406, ""q_current"": 0.07764866712235133, ""q_previous"": 0.0776260396344594, ""side"": ""A"", ""sporttery_odds"": 12.0}]",412.439939,ended
2274,hOq1JfnT,2041783,geo=mx|serial=2608290548,2026-09-29T13:20:38.151834+00:00,2026-09-29T13:23:26.450354+00:00,168.29852,3239,0.227658,35,>20,persists_next_observation,"[1.62, 3.58, 6.06]","[1.63, 3.57, 6.06]","[1.44, 3.62, 6.3]","[1.44, 3.62, 6.3]",2026-09-29T19:44:45+08:00,2026-09-29T13:23:26.678012+00:00,Selling,0,1,-0.017968128450541188,"[{""change_induced_ev_gain"": 0.0053788608135729435, ""delta_q"": 0.0014858731529207025, ""proxy_implied_ev"": -0.042148878548984414, ""q_current"": 0.2645997573069104, ""q_previous"": 0.2631138841539897, ""side"": ""D"", ""sporttery_odds"": 3.62}, {""change_induced_ev_gain"": 0.002779306663471462, ""delta_q"": 0.000441159787852613, ""proxy_implied_ev"": -0.017968128450541188, ""q_current"": 0.15587807484912045, ""q_previous"": 0.15543691506126783, ""side"": ""A"", ""sporttery_odds"": 6.3}]",19293.549646,right_censored
2299,hSJlvG55,2041787,geo=mx|serial=2609081259,2026-09-29T13:29:23.232557+00:00,2026-09-29T13:30:18.711568+00:00,55.479011,3254,0.178725,31,>20,persists_next_observation,"[1.76, 3.44, 4.9]","[1.76, 3.44, 4.91]","[1.55, 3.4, 5.25]","[1.55, 3.4, 5.25]",2026-09-29T12:54:07+08:00,2026-09-29T13:30:18.890293+00:00,Selling,0,1,-0.06980725882025185,"[{""change_induced_ev_gain"": 0.0003240981470990445, ""delta_q"": 0.0002090955787735771, ""proxy_implied_ev"": -0.17115847326697564, ""q_current"": 0.5347364688600157, ""q_previous"": 0.5345273732812421, ""side"": ""H"", ""sporttery_odds"": 1.55}, {""change_induced_ev_gain"": 0.00036372905330848135, ""delta_q"": 0.00010697913332602393, ""proxy_implied_ev"": -0.06980725882025185, ""q_current"": 0.2735861003469848, ""q_previous"": 0.27347912121365875, ""side"": ""D"", ""sporttery_odds"": 3.4}]",18881.288432,right_censored
2300,UsxpFQlm,2041785,geo=mx|serial=2609081259,2026-09-29T13:29:23.232557+00:00,2026-09-29T13:30:18.711568+00:00,55.479011,3254,0.178725,31,>20,persists_next_observation,"[3.1, 3.22, 2.31]","[3.09, 3.22, 2.32]","[3.15, 2.92, 2.13]","[3.15, 2.92, 2.13]",2026-09-29T20:57:13+08:00,2026-09-29T13:30:18.890293+00:00,Selling,0,1,-0.04299646183252659,"[{""change_induced_ev_gain"": 0.003822651961755391, ""delta_q"": 0.0012135403053191718, ""proxy_implied_ev"": -0.04299646183252659, ""q_current"": 0.30381064703729316, ""q_previous"": 0.302597106731974, ""side"": ""H"", ""sporttery_odds"": 3.15}, {""change_induced_ev_gain"": 0.000656427313745278, ""delta_q"": 0.0002248038745703007, ""proxy_implied_ev"": -0.14868860059376143, ""q_current"": 0.29154499979665705, ""q_previous"": 0.29132019592208674, ""side"": ""D"", ""sporttery_odds"": 2.92}]",18881.288432,right_censored
2302,KxQwPbIi,2041781,geo=mx|serial=2609081259,2026-09-29T13:29:23.232557+00:00,2026-09-29T13:30:18.711568+00:00,55.479011,3254,0.178725,31,>20,persists_next_observation,"[4.33, 3.44, 1.86]","[4.34, 3.44, 1.86]","[4.16, 3.25, 1.72]","[4.16, 3.25, 1.72]",2026-09-29T19:45:13+08:00,2026-09-29T13:30:18.890293+00:00,Selling,1,1,-0.10765499789118493,"[{""change_induced_ev_gain"": 0.0004482753118925237, ""delta_q"": 0.0001379308651976996, ""proxy_implied_ev"": -0.10765499789118493, ""q_current"": 0.2745676929565585, ""q_previous"": 0.2744297620913608, ""side"": ""D"", ""sporttery_odds"": 3.25}, {""change_induced_ev_gain"": 0.00043876846408697824, ""delta_q"": 0.00025509794423661525, ""proxy_implied_ev"": -0.12657950231969628, ""q_current"": 0.5078026149304091, ""q_previous"": 0.5075475169861725, ""side"": ""A"", ""sporttery_odds"": 1.72}]",18881.288432,right_censored
2304,hOq1JfnT,2041783,geo=mx|serial=2609081259,2026-09-29T13:29:23.232557+00:00,2026-09-29T13:30:18.711568+00:00,55.479011,3254,0.178725,31,>20,persists_next_observation,"[1.62, 3.59, 6.17]","[1.62, 3.59, 6.16]","[1.44, 3.62, 6.3]","[1.44, 3.62, 6.3]",2026-09-29T19:44:45+08:00,2026-09-29T13:30:18.890293+00:00,Selling,0,1,-0.033497232876278815,"[{""change_induced_ev_gain"": 0.0013264700859328736, ""delta_q"": 0.00021055080729093234, ""proxy_implied_ev"": -0.033497232876278815, ""q_current"": 0.15341313763868591, ""q_previous"": 0.15320258683139498, ""side"": ""A"", ""sporttery_odds"": 6.3}]",18881.288432,right_censored
2305,2T1rwtCi,2041786,geo=mx|serial=2609081259,2026-09-29T13:29:23.232557+00:00,2026-09-29T13:30:18.711568+00:00,55.479011,3254,0.178725,31,>20,persists_next_observation,"[1.21, 6.92, 12.11]","[1.21, 6.91, 12.11]","[1.11, 6.6, 13.0]","[1.11, 6.6, 13.0]",2026-09-29T20:55:42+08:00,2026-09-29T13:30:18.890293+00:00,Selling,0,1,-0.0935742584186785,"[{""change_induced_ev_gain"": 0.0011301950226170808, ""delta_q"": 0.0001712416700934971, ""proxy_implied_ev"": -0.0935742584186785, ""q_current"": 0.13733723357292751, ""q_previous"": 0.13716599190283402, ""side"": ""D"", ""sporttery_odds"": 6.6}]",18881.288432,right_censored
2330,hSJlvG55,2041787,geo=mx|serial=2609081259,2026-09-29T13:31:26.982391+00:00,2026-09-29T13:32:16.978200+00:00,49.995809,3259,0.229848,31,>20,persists_next_observation,"[1.76, 3.44, 4.91]","[1.76, 3.44, 4.9]","[1.55, 3.4, 5.25]","[1.55, 3.4, 5.25]",2026-09-29T12:54:07+08:00,2026-09-29T13:32:17.208048+00:00,Selling,0,1,0.007965903901770544,"[{""change_induced_ev_gain"": 0.0016593922385233426, ""delta_q"": 0.0003160747120996843, ""proxy_implied_ev"": 0.007965903901770544, ""q_current"": 0.19199350550509917, ""q_previous"": 0.19167743079299948, ""side"": ""A"", ""sporttery_odds"": 5.25}]",18763.0218,right_censored
2331,UsxpFQlm,2041785,geo=mx|serial=2609081259,2026-09-29T13:31:26.982391+00:00,2026-09-29T13:32:16.978200+00:00,49.995809,3259,0.229848,31,>20,persists_next_observation,"[3.09, 3.22, 2.32]","[3.1, 3.22, 2.31]","[3.15, 2.92, 2.13]","[3.15, 2.92, 2.13]",2026-09-29T20:57:13+08:00,2026-09-29T13:32:17.208048+00:00,Selling,0,1,-0.1350438546531496,"[{""change_induced_ev_gain"": 0.0030636731031641034, ""delta_q"": 0.0014383441798892505, ""proxy_implied_ev"": -0.1350438546531496, ""q_current"": 0.40608269734593916, ""q_previous"": 0.4046443531660499, ""side"": ""A"", ""sporttery_odds"": 2.13}]",18763.0218,right_censored
2333,KxQwPbIi,2041781,geo=mx|serial=2609081259,2026-09-29T13:31:26.982391+00:00,2026-09-29T13:32:16.978200+00:00,49.995809,3259,0.229848,31,>20,persists_next_observation,"[4.34, 3.44, 1.86]","[4.33, 3.44, 1.86]","[4.16, 3.25, 1.72]","[4.16, 3.25, 1.72]",2026-09-29T19:45:13+08:00,2026-09-29T13:32:17.208048+00:00,Selling,1,1,-0.09302548096253827,"[{""change_induced_ev_gain"": 0.0016349998472465189, ""delta_q"": 0.00039302880943425933, ""proxy_implied_ev"": -0.09302548096253827, ""q_current"": 0.21802272092246675, ""q_previous"": 0.21762969211303249, ""side"": ""H"", ""sporttery_odds"": 4.16}]",18763.0218,right_censored
2334,xb24bvhD,2041784,geo=mx|serial=2609081259,2026-09-29T13:31:26.982391+00:00,2026-09-29T13:32:16.978200+00:00,49.995809,3259,0.229848,31,>20,persists_next_observation,"[1.24, 5.81, 11.77]","[1.24, 5.76, 11.88]","[1.17, 5.25, 12.0]","[1.17, 5.25, 12.0]",2026-09-29T17:30:42+08:00,2026-09-29T13:32:17.208048+00:00,Selling,0,1,-0.14355764630840384,"[{""change_induced_ev_gain"": 0.0068056709058352954, ""delta_q"": 0.0012963182677781515, ""proxy_implied_ev"": -0.14355764630840384, ""q_current"": 0.16313187689363737, ""q_previous"": 0.16183555862585922, ""side"": ""D"", ""sporttery_odds"": 5.25}]",27.821233,ended
2335,hOq1JfnT,2041783,geo=mx|serial=2609081259,2026-09-29T13:31:26.982391+00:00,2026-09-29T13:32:16.978200+00:00,49.995809,3259,0.229848,31,>20,persists_next_observation,"[1.62, 3.59, 6.16]","[1.62, 3.59, 6.17]","[1.44, 3.62, 6.3]","[1.44, 3.62, 6.3]",2026-09-29T19:44:45+08:00,2026-09-29T13:32:17.208048+00:00,Selling,0,1,-0.046840930943192305,"[{""change_induced_ev_gain"": 0.00020891812924599406, ""delta_q"": 0.000145082034198607, ""proxy_implied_ev"": -0.1597689237780383, ""q_current"": 0.5834938029319179, ""q_previous"": 0.5833487208977193, ""side"": ""H"", ""sporttery_odds"": 1.44}, {""change_induced_ev_gain"": 0.00023699695859441872, ""delta_q"": 6.546877309238086e-05, ""proxy_implied_ev"": -0.046840930943192305, ""q_current"": 0.2633036102366872, ""q_previous"": 0.2632381414635948, ""side"": ""D"", ""sporttery_odds"": 3.62}]",18763.0218,right_censored
2336,2T1rwtCi,2041786,geo=mx|serial=2609081259,2026-09-29T13:31:26.982391+00:00,2026-09-29T13:32:16.978200+00:00,49.995809,3259,0.229848,31,>20,persists_next_observation,"[1.21, 6.91, 12.11]","[1.21, 6.92, 12.11]","[1.11, 6.6, 13.0]","[1.11, 6.6, 13.0]",2026-09-29T20:55:42+08:00,2026-09-29T13:32:17.208048+00:00,Selling,0,1,0.0189473684210526,"[{""change_induced_ev_gain"": 0.00017281138540272358, ""delta_q"": 0.00015568593279524645, ""proxy_implied_ev"": -0.12925668016194314, ""q_current"": 0.7844534412955466, ""q_previous"": 0.7842977553627514, ""side"": ""H"", ""sporttery_odds"": 1.11}, {""change_induced_ev_gain"": 0.0002022245848776194, ""delta_q"": 1.5555737298278416e-05, ""proxy_implied_ev"": 0.0189473684210526, ""q_current"": 0.07838056680161944, ""q_previous"": 0.07836501106432116, ""side"": ""A"", ""sporttery_odds"": 13.0}]",18763.0218,right_censored
2361,hSJlvG55,2041787,geo=mx|serial=2609081259,2026-09-29T13:34:35.562248+00:00,2026-09-29T13:35:22.017318+00:00,46.45507,3266,0.124073,31,>20,one_step_reversion,"[1.76, 3.44, 4.9]","[1.76, 3.44, 4.91]","[1.55, 3.4, 5.25]","[1.55, 3.4, 5.25]",2026-09-29T12:54:07+08:00,2026-09-29T13:35:22.141391+00:00,Selling,0,1,-0.06980725882025185,"[{""change_induced_ev_gain"": 0.0003240981470990445, ""delta_q"": 0.0002090955787735771, ""proxy_implied_ev"": -0.17115847326697564, ""q_current"": 0.5347364688600157, ""q_previous"": 0.5345273732812421, ""side"": ""H"", ""sporttery_odds"": 1.55}, {""change_induced_ev_gain"": 0.00036372905330848135, ""delta_q"": 0.00010697913332602393, ""proxy_implied_ev"": -0.06980725882025185, ""q_current"": 0.2735861003469848, ""q_previous"": 0.27347912121365875, ""side"": ""D"", ""sporttery_odds"": 3.4}]",18577.982682,right_censored
2362,UsxpFQlm,2041785,geo=mx|serial=2609081259,2026-09-29T13:34:35.562248+00:00,2026-09-29T13:35:22.017318+00:00,46.45507,3266,0.124073,31,>20,one_step_reversion,"[3.1, 3.22, 2.31]","[3.09, 3.22, 2.32]","[3.15, 2.92, 2.13]","[3.15, 2.92, 2.13]",2026-09-29T20:57:13+08:00,2026-09-29T13:35:22.141391+00:00,Selling,0,1,-0.04299646183252659,"[{""change_induced_ev_gain"": 0.003822651961755391, ""delta_q"": 0.0012135403053191718, ""proxy_implied_ev"": -0.04299646183252659, ""q_current"": 0.30381064703729316, ""q_previous"": 0.302597106731974, ""side"": ""H"", ""sporttery_odds"": 3.15}, {""change_induced_ev_gain"": 0.000656427313745278, ""delta_q"": 0.0002248038745703007, ""proxy_implied_ev"": -0.14868860059376143, ""q_current"": 0.29154499979665705, ""q_previous"": 0.29132019592208674, ""side"": ""D"", ""sporttery_odds"": 2.92}]",18577.982682,right_censored
2364,KxQwPbIi,2041781,geo=mx|serial=2609081259,2026-09-29T13:34:35.562248+00:00,2026-09-29T13:35:22.017318+00:00,46.45507,3266,0.124073,31,>20,one_step_reversion,"[4.33, 3.44, 1.86]","[4.34, 3.44, 1.86]","[4.16, 3.25, 1.72]","[4.16, 3.25, 1.72]",2026-09-29T19:45:13+08:00,2026-09-29T13:35:22.141391+00:00,Selling,1,1,-0.10765499789118493,"[{""change_induced_ev_gain"": 0.0004482753118925237, ""delta_q"": 0.0001379308651976996, ""proxy_implied_ev"": -0.10765499789118493, ""q_current"": 0.2745676929565585, ""q_previous"": 0.2744297620913608, ""side"": ""D"", ""sporttery_odds"": 3.25}, {""change_induced_ev_gain"": 0.00043876846408697824, ""delta_q"": 0.00025509794423661525, ""proxy_implied_ev"": -0.12657950231969628, ""q_current"": 0.5078026149304091, ""q_previous"": 0.5075475169861725, ""side"": ""A"", ""sporttery_odds"": 1.72}]",18577.982682,right_censored
2365,xb24bvhD,2041784,geo=mx|serial=2609081259,2026-09-29T13:34:35.562248+00:00,2026-09-29T13:35:22.017318+00:00,46.45507,3266,0.124073,31,>20,one_step_reversion,"[1.24, 5.76, 11.88]","[1.24, 5.81, 11.77]","[1.15, 5.5, 13.0]","[1.15, 5.5, 13.0]",2026-09-29T21:28:03+08:00,2026-09-29T13:35:22.141391+00:00,Selling,0,1,0.038525041887098155,"[{""change_induced_ev_gain"": 0.0005796229155032917, ""delta_q"": 0.0005040199265246015, ""proxy_implied_ev"": -0.12798041535590465, ""q_current"": 0.7582778996905177, ""q_previous"": 0.7577738797639931, ""side"": ""H"", ""sporttery_odds"": 1.15}, {""change_induced_ev_gain"": 0.010299878436293083, ""delta_q"": 0.0007922983412533141, ""proxy_implied_ev"": 0.038525041887098155, ""q_current"": 0.07988654168362294, ""q_previous"": 0.07909424334236963, ""side"": ""A"", ""sporttery_odds"": 13.0}]",18577.982682,right_censored
2366,hOq1JfnT,2041783,geo=mx|serial=2609081259,2026-09-29T13:34:35.562248+00:00,2026-09-29T13:35:22.017318+00:00,46.45507,3266,0.124073,31,>20,one_step_reversion,"[1.62, 3.59, 6.17]","[1.62, 3.59, 6.16]","[1.44, 3.62, 6.3]","[1.44, 3.62, 6.3]",2026-09-29T19:44:45+08:00,2026-09-29T13:35:22.141391+00:00,Selling,0,1,-0.033497232876278815,"[{""change_induced_ev_gain"": 0.0013264700859328736, ""delta_q"": 0.00021055080729093234, ""proxy_implied_ev"": -0.033497232876278815, ""q_current"": 0.15341313763868591, ""q_previous"": 0.15320258683139498, ""side"": ""A"", ""sporttery_odds"": 6.3}]",18577.982682,right_censored
2367,2T1rwtCi,2041786,geo=mx|serial=2609081259,2026-09-29T13:34:35.562248+00:00,2026-09-29T13:35:22.017318+00:00,46.45507,3266,0.124073,31,>20,one_step_reversion,"[1.21, 6.92, 12.11]","[1.21, 6.91, 12.11]","[1.11, 6.6, 13.0]","[1.11, 6.6, 13.0]",2026-09-29T20:55:42+08:00,2026-09-29T13:35:22.141391+00:00,Selling,0,1,-0.0935742584186785,"[{""change_induced_ev_gain"": 0.0011301950226170808, ""delta_q"": 0.0001712416700934971, ""proxy_implied_ev"": -0.0935742584186785, ""q_current"": 0.13733723357292751, ""q_previous"": 0.13716599190283402, ""side"": ""D"", ""sporttery_odds"": 6.6}]",18577.982682,right_censored
2392,hSJlvG55,2041787,geo=mx|serial=2609081259,2026-09-29T13:35:22.017318+00:00,2026-09-29T13:36:40.721690+00:00,78.704372,3269,0.261826,31,>20,persists_next_observation,"[1.76, 3.44, 4.91]","[1.76, 3.44, 4.9]","[1.55, 3.4, 5.25]","[1.55, 3.4, 5.25]",2026-09-29T12:54:07+08:00,2026-09-29T13:36:40.983516+00:00,Selling,0,1,0.007965903901770544,"[{""change_induced_ev_gain"": 0.0016593922385233426, ""delta_q"": 0.0003160747120996843, ""proxy_implied_ev"": 0.007965903901770544, ""q_current"": 0.19199350550509917, ""q_previous"": 0.19167743079299948, ""side"": ""A"", ""sporttery_odds"": 5.25}]",18499.27831,right_censored
2393,UsxpFQlm,2041785,geo=mx|serial=2609081259,2026-09-29T13:35:22.017318+00:00,2026-09-29T13:36:40.721690+00:00,78.704372,3269,0.261826,31,>20,persists_next_observation,"[3.09, 3.22, 2.32]","[3.1, 3.22, 2.31]","[3.15, 2.92, 2.13]","[3.15, 2.92, 2.13]",2026-09-29T20:57:13+08:00,2026-09-29T13:36:40.983516+00:00,Selling,0,1,-0.1350438546531496,"[{""change_induced_ev_gain"": 0.0030636731031641034, ""delta_q"": 0.0014383441798892505, ""proxy_implied_ev"": -0.1350438546531496, ""q_current"": 0.40608269734593916, ""q_previous"": 0.4046443531660499, ""side"": ""A"", ""sporttery_odds"": 2.13}]",18499.27831,right_censored
2395,KxQwPbIi,2041781,geo=mx|serial=2609081259,2026-09-29T13:35:22.017318+00:00,2026-09-29T13:36:40.721690+00:00,78.704372,3269,0.261826,31,>20,persists_next_observation,"[4.34, 3.44, 1.86]","[4.33, 3.44, 1.86]","[4.16, 3.25, 1.72]","[4.16, 3.25, 1.72]",2026-09-29T19:45:13+08:00,2026-09-29T13:36:40.983516+00:00,Selling,1,1,-0.09302548096253827,"[{""change_induced_ev_gain"": 0.0016349998472465189, ""delta_q"": 0.00039302880943425933, ""proxy_implied_ev"": -0.09302548096253827, ""q_current"": 0.21802272092246675, ""q_previous"": 0.21762969211303249, ""side"": ""H"", ""sporttery_odds"": 4.16}]",18499.27831,right_censored
2396,xb24bvhD,2041784,geo=mx|serial=2609081259,2026-09-29T13:35:22.017318+00:00,2026-09-29T13:36:40.721690+00:00,78.704372,3269,0.261826,31,>20,persists_next_observation,"[1.24, 5.81, 11.77]","[1.24, 5.76, 11.88]","[1.15, 5.5, 13.0]","[1.15, 5.5, 13.0]",2026-09-29T21:28:03+08:00,2026-09-29T13:36:40.983516+00:00,Selling,0,1,-0.10277467708499444,"[{""change_induced_ev_gain"": 0.007129750472779833, ""delta_q"": 0.0012963182677781515, ""proxy_implied_ev"": -0.10277467708499444, ""q_current"": 0.16313187689363737, ""q_previous"": 0.16183555862585922, ""side"": ""D"", ""sporttery_odds"": 5.5}]",18499.27831,right_censored
2397,hOq1JfnT,2041783,geo=mx|serial=2609081259,2026-09-29T13:35:22.017318+00:00,2026-09-29T13:36:40.721690+00:00,78.704372,3269,0.261826,31,>20,persists_next_observation,"[1.62, 3.59, 6.16]","[1.62, 3.59, 6.17]","[1.44, 3.62, 6.3]","[1.44, 3.62, 6.3]",2026-09-29T19:44:45+08:00,2026-09-29T13:36:40.983516+00:00,Selling,0,1,-0.046840930943192305,"[{""change_induced_ev_gain"": 0.00020891812924599406, ""delta_q"": 0.000145082034198607, ""proxy_implied_ev"": -0.1597689237780383, ""q_current"": 0.5834938029319179, ""q_previous"": 0.5833487208977193, ""side"": ""H"", ""sporttery_odds"": 1.44}, {""change_induced_ev_gain"": 0.00023699695859441872, ""delta_q"": 6.546877309238086e-05, ""proxy_implied_ev"": -0.046840930943192305, ""q_current"": 0.2633036102366872, ""q_previous"": 0.2632381414635948, ""side"": ""D"", ""sporttery_odds"": 3.62}]",18499.27831,right_censored
2398,2T1rwtCi,2041786,geo=mx|serial=2609081259,2026-09-29T13:35:22.017318+00:00,2026-09-29T13:36:40.721690+00:00,78.704372,3269,0.261826,31,>20,persists_next_observation,"[1.21, 6.91, 12.11]","[1.21, 6.92, 12.11]","[1.11, 6.6, 13.0]","[1.11, 6.6, 13.0]",2026-09-29T20:55:42+08:00,2026-09-29T13:36:40.983516+00:00,Selling,0,1,0.0189473684210526,"[{""change_induced_ev_gain"": 0.00017281138540272358, ""delta_q"": 0.00015568593279524645, ""proxy_implied_ev"": -0.12925668016194314, ""q_current"": 0.7844534412955466, ""q_previous"": 0.7842977553627514, ""side"": ""H"", ""sporttery_odds"": 1.11}, {""change_induced_ev_gain"": 0.0002022245848776194, ""delta_q"": 1.5555737298278416e-05, ""proxy_implied_ev"": 0.0189473684210526, ""q_current"": 0.07838056680161944, ""q_previous"": 0.07836501106432116, ""side"": ""A"", ""sporttery_odds"": 13.0}]",18499.27831,right_censored
2423,hSJlvG55,2041787,geo=mx|serial=2609081259,2026-09-29T13:38:31.056067+00:00,2026-09-29T13:39:20.560009+00:00,49.503942,3276,0.143985,31,>20,persists_next_observation,"[1.76, 3.44, 4.9]","[1.76, 3.44, 4.91]","[1.55, 3.4, 5.25]","[1.55, 3.4, 5.25]",2026-09-29T12:54:07+08:00,2026-09-29T13:39:20.703994+00:00,Selling,0,1,-0.06980725882025185,"[{""change_induced_ev_gain"": 0.0003240981470990445, ""delta_q"": 0.0002090955787735771, ""proxy_implied_ev"": -0.17115847326697564, ""q_current"": 0.5347364688600157, ""q_previous"": 0.5345273732812421, ""side"": ""H"", ""sporttery_odds"": 1.55}, {""change_induced_ev_gain"": 0.00036372905330848135, ""delta_q"": 0.00010697913332602393, ""proxy_implied_ev"": -0.06980725882025185, ""q_current"": 0.2735861003469848, ""q_previous"": 0.27347912121365875, ""side"": ""D"", ""sporttery_odds"": 3.4}]",18339.439991,right_censored
2424,UsxpFQlm,2041785,geo=mx|serial=2609081259,2026-09-29T13:38:31.056067+00:00,2026-09-29T13:39:20.560009+00:00,49.503942,3276,0.143985,31,>20,persists_next_observation,"[3.1, 3.22, 2.31]","[3.09, 3.22, 2.32]","[3.15, 2.92, 2.13]","[3.15, 2.92, 2.13]",2026-09-29T20:57:13+08:00,2026-09-29T13:39:20.703994+00:00,Selling,0,1,-0.04299646183252659,"[{""change_induced_ev_gain"": 0.003822651961755391, ""delta_q"": 0.0012135403053191718, ""proxy_implied_ev"": -0.04299646183252659, ""q_current"": 0.30381064703729316, ""q_previous"": 0.302597106731974, ""side"": ""H"", ""sporttery_odds"": 3.15}, {""change_induced_ev_gain"": 0.000656427313745278, ""delta_q"": 0.0002248038745703007, ""proxy_implied_ev"": -0.14868860059376143, ""q_current"": 0.29154499979665705, ""q_previous"": 0.29132019592208674, ""side"": ""D"", ""sporttery_odds"": 2.92}]",18339.439991,right_censored
2426,KxQwPbIi,2041781,geo=mx|serial=2609081259,2026-09-29T13:38:31.056067+00:00,2026-09-29T13:39:20.560009+00:00,49.503942,3276,0.143985,31,>20,persists_next_observation,"[4.33, 3.44, 1.86]","[4.34, 3.44, 1.86]","[4.16, 3.25, 1.72]","[4.16, 3.25, 1.72]",2026-09-29T19:45:13+08:00,2026-09-29T13:39:20.703994+00:00,Selling,1,1,-0.10765499789118493,"[{""change_induced_ev_gain"": 0.0004482753118925237, ""delta_q"": 0.0001379308651976996, ""proxy_implied_ev"": -0.10765499789118493, ""q_current"": 0.2745676929565585, ""q_previous"": 0.2744297620913608, ""side"": ""D"", ""sporttery_odds"": 3.25}, {""change_induced_ev_gain"": 0.00043876846408697824, ""delta_q"": 0.00025509794423661525, ""proxy_implied_ev"": -0.12657950231969628, ""q_current"": 0.5078026149304091, ""q_previous"": 0.5075475169861725, ""side"": ""A"", ""sporttery_odds"": 1.72}]",18339.439991,right_censored
2427,xb24bvhD,2041784,geo=mx|serial=2609081259,2026-09-29T13:38:31.056067+00:00,2026-09-29T13:39:20.560009+00:00,49.503942,3276,0.143985,31,>20,persists_next_observation,"[1.24, 5.76, 11.88]","[1.24, 5.81, 11.77]","[1.15, 5.5, 13.0]","[1.15, 5.5, 13.0]",2026-09-29T21:28:03+08:00,2026-09-29T13:39:20.703994+00:00,Selling,0,1,0.038525041887098155,"[{""change_induced_ev_gain"": 0.0005796229155032917, ""delta_q"": 0.0005040199265246015, ""proxy_implied_ev"": -0.12798041535590465, ""q_current"": 0.7582778996905177, ""q_previous"": 0.7577738797639931, ""side"": ""H"", ""sporttery_odds"": 1.15}, {""change_induced_ev_gain"": 0.010299878436293083, ""delta_q"": 0.0007922983412533141, ""proxy_implied_ev"": 0.038525041887098155, ""q_current"": 0.07988654168362294, ""q_previous"": 0.07909424334236963, ""side"": ""A"", ""sporttery_odds"": 13.0}]",18339.439991,right_censored
2428,hOq1JfnT,2041783,geo=mx|serial=2609081259,2026-09-29T13:38:31.056067+00:00,2026-09-29T13:39:20.560009+00:00,49.503942,3276,0.143985,31,>20,persists_next_observation,"[1.62, 3.59, 6.17]","[1.62, 3.59, 6.16]","[1.44, 3.62, 6.3]","[1.44, 3.62, 6.3]",2026-09-29T19:44:45+08:00,2026-09-29T13:39:20.703994+00:00,Selling,0,1,-0.033497232876278815,"[{""change_induced_ev_gain"": 0.0013264700859328736, ""delta_q"": 0.00021055080729093234, ""proxy_implied_ev"": -0.033497232876278815, ""q_current"": 0.15341313763868591, ""q_previous"": 0.15320258683139498, ""side"": ""A"", ""sporttery_odds"": 6.3}]",18339.439991,right_censored
2429,2T1rwtCi,2041786,geo=mx|serial=2609081259,2026-09-29T13:38:31.056067+00:00,2026-09-29T13:39:20.560009+00:00,49.503942,3276,0.143985,31,>20,persists_next_observation,"[1.21, 6.92, 12.11]","[1.21, 6.91, 12.11]","[1.11, 6.6, 13.0]","[1.11, 6.6, 13.0]",2026-09-29T20:55:42+08:00,2026-09-29T13:39:20.703994+00:00,Selling,0,1,-0.0935742584186785,"[{""change_induced_ev_gain"": 0.0011301950226170808, ""delta_q"": 0.0001712416700934971, ""proxy_implied_ev"": -0.0935742584186785, ""q_current"": 0.13733723357292751, ""q_previous"": 0.13716599190283402, ""side"": ""D"", ""sporttery_odds"": 6.6}]",18339.439991,right_censored
2454,hSJlvG55,2041787,geo=mx|serial=2609081259,2026-09-29T13:40:39.797577+00:00,2026-09-29T13:41:15.850214+00:00,36.052637,3281,0.236394,31,>20,one_step_reversion,"[1.76, 3.44, 4.91]","[1.76, 3.44, 4.9]","[1.55, 3.4, 5.25]","[1.55, 3.4, 5.25]",2026-09-29T12:54:07+08:00,2026-09-29T13:41:16.086608+00:00,Selling,0,1,0.007965903901770544,"[{""change_induced_ev_gain"": 0.0016593922385233426, ""delta_q"": 0.0003160747120996843, ""proxy_implied_ev"": 0.007965903901770544, ""q_current"": 0.19199350550509917, ""q_previous"": 0.19167743079299948, ""side"": ""A"", ""sporttery_odds"": 5.25}]",18224.149786,right_censored
2455,UsxpFQlm,2041785,geo=mx|serial=2609081259,2026-09-29T13:40:39.797577+00:00,2026-09-29T13:41:15.850214+00:00,36.052637,3281,0.236394,31,>20,one_step_reversion,"[3.09, 3.22, 2.32]","[3.1, 3.22, 2.31]","[3.15, 2.92, 2.13]","[3.15, 2.92, 2.13]",2026-09-29T20:57:13+08:00,2026-09-29T13:41:16.086608+00:00,Selling,0,1,-0.1350438546531496,"[{""change_induced_ev_gain"": 0.0030636731031641034, ""delta_q"": 0.0014383441798892505, ""proxy_implied_ev"": -0.1350438546531496, ""q_current"": 0.40608269734593916, ""q_previous"": 0.4046443531660499, ""side"": ""A"", ""sporttery_odds"": 2.13}]",18224.149786,right_censored
2457,KxQwPbIi,2041781,geo=mx|serial=2609081259,2026-09-29T13:40:39.797577+00:00,2026-09-29T13:41:15.850214+00:00,36.052637,3281,0.236394,31,>20,one_step_reversion,"[4.34, 3.44, 1.86]","[4.33, 3.44, 1.86]","[4.16, 3.25, 1.72]","[4.16, 3.25, 1.72]",2026-09-29T19:45:13+08:00,2026-09-29T13:41:16.086608+00:00,Selling,1,1,-0.09302548096253827,"[{""change_induced_ev_gain"": 0.0016349998472465189, ""delta_q"": 0.00039302880943425933, ""proxy_implied_ev"": -0.09302548096253827, ""q_current"": 0.21802272092246675, ""q_previous"": 0.21762969211303249, ""side"": ""H"", ""sporttery_odds"": 4.16}]",18224.149786,right_censored
2458,xb24bvhD,2041784,geo=mx|serial=2609081259,2026-09-29T13:40:39.797577+00:00,2026-09-29T13:41:15.850214+00:00,36.052637,3281,0.236394,31,>20,one_step_reversion,"[1.24, 5.81, 11.77]","[1.24, 5.76, 11.88]","[1.15, 5.5, 13.0]","[1.15, 5.5, 13.0]",2026-09-29T21:28:03+08:00,2026-09-29T13:41:16.086608+00:00,Selling,0,1,-0.10277467708499444,"[{""change_induced_ev_gain"": 0.007129750472779833, ""delta_q"": 0.0012963182677781515, ""proxy_implied_ev"": -0.10277467708499444, ""q_current"": 0.16313187689363737, ""q_previous"": 0.16183555862585922, ""side"": ""D"", ""sporttery_odds"": 5.5}]",18224.149786,right_censored
2459,hOq1JfnT,2041783,geo=mx|serial=2609081259,2026-09-29T13:40:39.797577+00:00,2026-09-29T13:41:15.850214+00:00,36.052637,3281,0.236394,31,>20,one_step_reversion,"[1.62, 3.59, 6.16]","[1.62, 3.59, 6.17]","[1.44, 3.62, 6.3]","[1.44, 3.62, 6.3]",2026-09-29T19:44:45+08:00,2026-09-29T13:41:16.086608+00:00,Selling,0,1,-0.046840930943192305,"[{""change_induced_ev_gain"": 0.00020891812924599406, ""delta_q"": 0.000145082034198607, ""proxy_implied_ev"": -0.1597689237780383, ""q_current"": 0.5834938029319179, ""q_previous"": 0.5833487208977193, ""side"": ""H"", ""sporttery_odds"": 1.44}, {""change_induced_ev_gain"": 0.00023699695859441872, ""delta_q"": 6.546877309238086e-05, ""proxy_implied_ev"": -0.046840930943192305, ""q_current"": 0.2633036102366872, ""q_previous"": 0.2632381414635948, ""side"": ""D"", ""sporttery_odds"": 3.62}]",18224.149786,right_censored
2460,2T1rwtCi,2041786,geo=mx|serial=2609081259,2026-09-29T13:40:39.797577+00:00,2026-09-29T13:41:15.850214+00:00,36.052637,3281,0.236394,31,>20,one_step_reversion,"[1.21, 6.91, 12.11]","[1.21, 6.92, 12.11]","[1.11, 6.6, 13.0]","[1.11, 6.6, 13.0]",2026-09-29T20:55:42+08:00,2026-09-29T13:41:16.086608+00:00,Selling,0,1,0.0189473684210526,"[{""change_induced_ev_gain"": 0.00017281138540272358, ""delta_q"": 0.00015568593279524645, ""proxy_implied_ev"": -0.12925668016194314, ""q_current"": 0.7844534412955466, ""q_previous"": 0.7842977553627514, ""side"": ""H"", ""sporttery_odds"": 1.11}, {""change_induced_ev_gain"": 0.0002022245848776194, ""delta_q"": 1.5555737298278416e-05, ""proxy_implied_ev"": 0.0189473684210526, ""q_current"": 0.07838056680161944, ""q_previous"": 0.07836501106432116, ""side"": ""A"", ""sporttery_odds"": 13.0}]",18224.149786,right_censored
2485,hSJlvG55,2041787,geo=mx|serial=2609081259,2026-09-29T13:41:15.850214+00:00,2026-09-29T13:42:39.019161+00:00,83.168947,3284,0.162945,31,>20,one_step_reversion,"[1.76, 3.44, 4.9]","[1.76, 3.44, 4.91]","[1.55, 3.4, 5.25]","[1.55, 3.4, 5.25]",2026-09-29T12:54:07+08:00,2026-09-29T13:42:39.182106+00:00,Selling,0,1,-0.06980725882025185,"[{""change_induced_ev_gain"": 0.0003240981470990445, ""delta_q"": 0.0002090955787735771, ""proxy_implied_ev"": -0.17115847326697564, ""q_current"": 0.5347364688600157, ""q_previous"": 0.5345273732812421, ""side"": ""H"", ""sporttery_odds"": 1.55}, {""change_induced_ev_gain"": 0.00036372905330848135, ""delta_q"": 0.00010697913332602393, ""proxy_implied_ev"": -0.06980725882025185, ""q_current"": 0.2735861003469848, ""q_previous"": 0.27347912121365875, ""side"": ""D"", ""sporttery_odds"": 3.4}]",18140.980839,right_censored
2486,UsxpFQlm,2041785,geo=mx|serial=2609081259,2026-09-29T13:41:15.850214+00:00,2026-09-29T13:42:39.019161+00:00,83.168947,3284,0.162945,31,>20,one_step_reversion,"[3.1, 3.22, 2.31]","[3.09, 3.22, 2.32]","[3.15, 2.92, 2.13]","[3.15, 2.92, 2.13]",2026-09-29T20:57:13+08:00,2026-09-29T13:42:39.182106+00:00,Selling,0,1,-0.04299646183252659,"[{""change_induced_ev_gain"": 0.003822651961755391, ""delta_q"": 0.0012135403053191718, ""proxy_implied_ev"": -0.04299646183252659, ""q_current"": 0.30381064703729316, ""q_previous"": 0.302597106731974, ""side"": ""H"", ""sporttery_odds"": 3.15}, {""change_induced_ev_gain"": 0.000656427313745278, ""delta_q"": 0.0002248038745703007, ""proxy_implied_ev"": -0.14868860059376143, ""q_current"": 0.29154499979665705, ""q_previous"": 0.29132019592208674, ""side"": ""D"", ""sporttery_odds"": 2.92}]",18140.980839,right_censored
2488,KxQwPbIi,2041781,geo=mx|serial=2609081259,2026-09-29T13:41:15.850214+00:00,2026-09-29T13:42:39.019161+00:00,83.168947,3284,0.162945,31,>20,one_step_reversion,"[4.33, 3.44, 1.86]","[4.34, 3.44, 1.86]","[4.16, 3.25, 1.72]","[4.16, 3.25, 1.72]",2026-09-29T19:45:13+08:00,2026-09-29T13:42:39.182106+00:00,Selling,1,1,-0.10765499789118493,"[{""change_induced_ev_gain"": 0.0004482753118925237, ""delta_q"": 0.0001379308651976996, ""proxy_implied_ev"": -0.10765499789118493, ""q_current"": 0.2745676929565585, ""q_previous"": 0.2744297620913608, ""side"": ""D"", ""sporttery_odds"": 3.25}, {""change_induced_ev_gain"": 0.00043876846408697824, ""delta_q"": 0.00025509794423661525, ""proxy_implied_ev"": -0.12657950231969628, ""q_current"": 0.5078026149304091, ""q_previous"": 0.5075475169861725, ""side"": ""A"", ""sporttery_odds"": 1.72}]",18140.980839,right_censored
2489,xb24bvhD,2041784,geo=mx|serial=2609081259,2026-09-29T13:41:15.850214+00:00,2026-09-29T13:42:39.019161+00:00,83.168947,3284,0.162945,31,>20,one_step_reversion,"[1.24, 5.76, 11.88]","[1.24, 5.81, 11.77]","[1.15, 5.5, 13.0]","[1.15, 5.5, 13.0]",2026-09-29T21:28:03+08:00,2026-09-29T13:42:39.182106+00:00,Selling,0,1,0.038525041887098155,"[{""change_induced_ev_gain"": 0.0005796229155032917, ""delta_q"": 0.0005040199265246015, ""proxy_implied_ev"": -0.12798041535590465, ""q_current"": 0.7582778996905177, ""q_previous"": 0.7577738797639931, ""side"": ""H"", ""sporttery_odds"": 1.15}, {""change_induced_ev_gain"": 0.010299878436293083, ""delta_q"": 0.0007922983412533141, ""proxy_implied_ev"": 0.038525041887098155, ""q_current"": 0.07988654168362294, ""q_previous"": 0.07909424334236963, ""side"": ""A"", ""sporttery_odds"": 13.0}]",18140.980839,right_censored
2490,hOq1JfnT,2041783,geo=mx|serial=2609081259,2026-09-29T13:41:15.850214+00:00,2026-09-29T13:42:39.019161+00:00,83.168947,3284,0.162945,31,>20,one_step_reversion,"[1.62, 3.59, 6.17]","[1.62, 3.59, 6.16]","[1.44, 3.62, 6.3]","[1.44, 3.62, 6.3]",2026-09-29T19:44:45+08:00,2026-09-29T13:42:39.182106+00:00,Selling,0,1,-0.033497232876278815,"[{""change_induced_ev_gain"": 0.0013264700859328736, ""delta_q"": 0.00021055080729093234, ""proxy_implied_ev"": -0.033497232876278815, ""q_current"": 0.15341313763868591, ""q_previous"": 0.15320258683139498, ""side"": ""A"", ""sporttery_odds"": 6.3}]",18140.980839,right_censored
2491,2T1rwtCi,2041786,geo=mx|serial=2609081259,2026-09-29T13:41:15.850214+00:00,2026-09-29T13:42:39.019161+00:00,83.168947,3284,0.162945,31,>20,one_step_reversion,"[1.21, 6.92, 12.11]","[1.21, 6.91, 12.11]","[1.11, 6.6, 13.0]","[1.11, 6.6, 13.0]",2026-09-29T20:55:42+08:00,2026-09-29T13:42:39.182106+00:00,Selling,0,1,-0.0935742584186785,"[{""change_induced_ev_gain"": 0.0011301950226170808, ""delta_q"": 0.0001712416700934971, ""proxy_implied_ev"": -0.0935742584186785, ""q_current"": 0.13733723357292751, ""q_previous"": 0.13716599190283402, ""side"": ""D"", ""sporttery_odds"": 6.6}]",18140.980839,right_censored
2516,hSJlvG55,2041787,geo=mx|serial=2609081259,2026-09-29T13:42:39.019161+00:00,2026-09-29T13:43:30.405963+00:00,51.386802,3287,0.15023,31,>20,one_step_reversion,"[1.76, 3.44, 4.91]","[1.76, 3.44, 4.9]","[1.55, 3.4, 5.25]","[1.55, 3.4, 5.25]",2026-09-29T12:54:07+08:00,2026-09-29T13:43:30.556193+00:00,Selling,0,1,0.007965903901770544,"[{""change_induced_ev_gain"": 0.0016593922385233426, ""delta_q"": 0.0003160747120996843, ""proxy_implied_ev"": 0.007965903901770544, ""q_current"": 0.19199350550509917, ""q_previous"": 0.19167743079299948, ""side"": ""A"", ""sporttery_odds"": 5.25}]",18089.594037,right_censored
2517,UsxpFQlm,2041785,geo=mx|serial=2609081259,2026-09-29T13:42:39.019161+00:00,2026-09-29T13:43:30.405963+00:00,51.386802,3287,0.15023,31,>20,one_step_reversion,"[3.09, 3.22, 2.32]","[3.1, 3.22, 2.31]","[3.15, 2.92, 2.13]","[3.15, 2.92, 2.13]",2026-09-29T20:57:13+08:00,2026-09-29T13:43:30.556193+00:00,Selling,0,1,-0.1350438546531496,"[{""change_induced_ev_gain"": 0.0030636731031641034, ""delta_q"": 0.0014383441798892505, ""proxy_implied_ev"": -0.1350438546531496, ""q_current"": 0.40608269734593916, ""q_previous"": 0.4046443531660499, ""side"": ""A"", ""sporttery_odds"": 2.13}]",18089.594037,right_censored
2519,KxQwPbIi,2041781,geo=mx|serial=2609081259,2026-09-29T13:42:39.019161+00:00,2026-09-29T13:43:30.405963+00:00,51.386802,3287,0.15023,31,>20,one_step_reversion,"[4.34, 3.44, 1.86]","[4.33, 3.44, 1.86]","[4.16, 3.25, 1.72]","[4.16, 3.25, 1.72]",2026-09-29T19:45:13+08:00,2026-09-29T13:43:30.556193+00:00,Selling,1,1,-0.09302548096253827,"[{""change_induced_ev_gain"": 0.0016349998472465189, ""delta_q"": 0.00039302880943425933, ""proxy_implied_ev"": -0.09302548096253827, ""q_current"": 0.21802272092246675, ""q_previous"": 0.21762969211303249, ""side"": ""H"", ""sporttery_odds"": 4.16}]",18089.594037,right_censored
2520,xb24bvhD,2041784,geo=mx|serial=2609081259,2026-09-29T13:42:39.019161+00:00,2026-09-29T13:43:30.405963+00:00,51.386802,3287,0.15023,31,>20,one_step_reversion,"[1.24, 5.81, 11.77]","[1.24, 5.76, 11.88]","[1.15, 5.5, 13.0]","[1.15, 5.5, 13.0]",2026-09-29T21:28:03+08:00,2026-09-29T13:43:30.556193+00:00,Selling,0,1,-0.10277467708499444,"[{""change_induced_ev_gain"": 0.007129750472779833, ""delta_q"": 0.0012963182677781515, ""proxy_implied_ev"": -0.10277467708499444, ""q_current"": 0.16313187689363737, ""q_previous"": 0.16183555862585922, ""side"": ""D"", ""sporttery_odds"": 5.5}]",18089.594037,right_censored
2521,hOq1JfnT,2041783,geo=mx|serial=2609081259,2026-09-29T13:42:39.019161+00:00,2026-09-29T13:43:30.405963+00:00,51.386802,3287,0.15023,31,>20,one_step_reversion,"[1.62, 3.59, 6.16]","[1.62, 3.59, 6.17]","[1.44, 3.62, 6.3]","[1.44, 3.62, 6.3]",2026-09-29T19:44:45+08:00,2026-09-29T13:43:30.556193+00:00,Selling,0,1,-0.046840930943192305,"[{""change_induced_ev_gain"": 0.00020891812924599406, ""delta_q"": 0.000145082034198607, ""proxy_implied_ev"": -0.1597689237780383, ""q_current"": 0.5834938029319179, ""q_previous"": 0.5833487208977193, ""side"": ""H"", ""sporttery_odds"": 1.44}, {""change_induced_ev_gain"": 0.00023699695859441872, ""delta_q"": 6.546877309238086e-05, ""proxy_implied_ev"": -0.046840930943192305, ""q_current"": 0.2633036102366872, ""q_previous"": 0.2632381414635948, ""side"": ""D"", ""sporttery_odds"": 3.62}]",18089.594037,right_censored
2522,2T1rwtCi,2041786,geo=mx|serial=2609081259,2026-09-29T13:42:39.019161+00:00,2026-09-29T13:43:30.405963+00:00,51.386802,3287,0.15023,31,>20,one_step_reversion,"[1.21, 6.91, 12.11]","[1.21, 6.92, 12.11]","[1.11, 6.6, 13.0]","[1.11, 6.6, 13.0]",2026-09-29T20:55:42+08:00,2026-09-29T13:43:30.556193+00:00,Selling,0,1,0.0189473684210526,"[{""change_induced_ev_gain"": 0.00017281138540272358, ""delta_q"": 0.00015568593279524645, ""proxy_implied_ev"": -0.12925668016194314, ""q_current"": 0.7844534412955466, ""q_previous"": 0.7842977553627514, ""side"": ""H"", ""sporttery_odds"": 1.11}, {""change_induced_ev_gain"": 0.0002022245848776194, ""delta_q"": 1.5555737298278416e-05, ""proxy_implied_ev"": 0.0189473684210526, ""q_current"": 0.07838056680161944, ""q_previous"": 0.07836501106432116, ""side"": ""A"", ""sporttery_odds"": 13.0}]",18089.594037,right_censored
2547,hSJlvG55,2041787,geo=mx|serial=2609081259,2026-09-29T13:43:30.405963+00:00,2026-09-29T13:44:22.575006+00:00,52.169043,3290,0.207171,31,>20,persists_next_observation,"[1.76, 3.44, 4.9]","[1.76, 3.44, 4.91]","[1.55, 3.4, 5.25]","[1.55, 3.4, 5.25]",2026-09-29T12:54:07+08:00,2026-09-29T13:44:22.782177+00:00,Selling,0,1,-0.06980725882025185,"[{""change_induced_ev_gain"": 0.0003240981470990445, ""delta_q"": 0.0002090955787735771, ""proxy_implied_ev"": -0.17115847326697564, ""q_current"": 0.5347364688600157, ""q_previous"": 0.5345273732812421, ""side"": ""H"", ""sporttery_odds"": 1.55}, {""change_induced_ev_gain"": 0.00036372905330848135, ""delta_q"": 0.00010697913332602393, ""proxy_implied_ev"": -0.06980725882025185, ""q_current"": 0.2735861003469848, ""q_previous"": 0.27347912121365875, ""side"": ""D"", ""sporttery_odds"": 3.4}]",18037.424994,right_censored
2548,UsxpFQlm,2041785,geo=mx|serial=2609081259,2026-09-29T13:43:30.405963+00:00,2026-09-29T13:44:22.575006+00:00,52.169043,3290,0.207171,31,>20,persists_next_observation,"[3.1, 3.22, 2.31]","[3.09, 3.22, 2.32]","[3.15, 2.92, 2.13]","[3.15, 2.92, 2.13]",2026-09-29T20:57:13+08:00,2026-09-29T13:44:22.782177+00:00,Selling,0,1,-0.04299646183252659,"[{""change_induced_ev_gain"": 0.003822651961755391, ""delta_q"": 0.0012135403053191718, ""proxy_implied_ev"": -0.04299646183252659, ""q_current"": 0.30381064703729316, ""q_previous"": 0.302597106731974, ""side"": ""H"", ""sporttery_odds"": 3.15}, {""change_induced_ev_gain"": 0.000656427313745278, ""delta_q"": 0.0002248038745703007, ""proxy_implied_ev"": -0.14868860059376143, ""q_current"": 0.29154499979665705, ""q_previous"": 0.29132019592208674, ""side"": ""D"", ""sporttery_odds"": 2.92}]",18037.424994,right_censored
2550,KxQwPbIi,2041781,geo=mx|serial=2609081259,2026-09-29T13:43:30.405963+00:00,2026-09-29T13:44:22.575006+00:00,52.169043,3290,0.207171,31,>20,persists_next_observation,"[4.33, 3.44, 1.86]","[4.34, 3.44, 1.86]","[4.16, 3.25, 1.72]","[4.16, 3.25, 1.72]",2026-09-29T19:45:13+08:00,2026-09-29T13:44:22.782177+00:00,Selling,1,1,-0.10765499789118493,"[{""change_induced_ev_gain"": 0.0004482753118925237, ""delta_q"": 0.0001379308651976996, ""proxy_implied_ev"": -0.10765499789118493, ""q_current"": 0.2745676929565585, ""q_previous"": 0.2744297620913608, ""side"": ""D"", ""sporttery_odds"": 3.25}, {""change_induced_ev_gain"": 0.00043876846408697824, ""delta_q"": 0.00025509794423661525, ""proxy_implied_ev"": -0.12657950231969628, ""q_current"": 0.5078026149304091, ""q_previous"": 0.5075475169861725, ""side"": ""A"", ""sporttery_odds"": 1.72}]",18037.424994,right_censored
2551,xb24bvhD,2041784,geo=mx|serial=2609081259,2026-09-29T13:43:30.405963+00:00,2026-09-29T13:44:22.575006+00:00,52.169043,3290,0.207171,31,>20,persists_next_observation,"[1.24, 5.76, 11.88]","[1.24, 5.81, 11.77]","[1.15, 5.5, 13.0]","[1.15, 5.5, 13.0]",2026-09-29T21:28:03+08:00,2026-09-29T13:44:22.782177+00:00,Selling,0,1,0.038525041887098155,"[{""change_induced_ev_gain"": 0.0005796229155032917, ""delta_q"": 0.0005040199265246015, ""proxy_implied_ev"": -0.12798041535590465, ""q_current"": 0.7582778996905177, ""q_previous"": 0.7577738797639931, ""side"": ""H"", ""sporttery_odds"": 1.15}, {""change_induced_ev_gain"": 0.010299878436293083, ""delta_q"": 0.0007922983412533141, ""proxy_implied_ev"": 0.038525041887098155, ""q_current"": 0.07988654168362294, ""q_previous"": 0.07909424334236963, ""side"": ""A"", ""sporttery_odds"": 13.0}]",18037.424994,right_censored
2552,hOq1JfnT,2041783,geo=mx|serial=2609081259,2026-09-29T13:43:30.405963+00:00,2026-09-29T13:44:22.575006+00:00,52.169043,3290,0.207171,31,>20,persists_next_observation,"[1.62, 3.59, 6.17]","[1.62, 3.59, 6.16]","[1.44, 3.62, 6.3]","[1.44, 3.62, 6.3]",2026-09-29T19:44:45+08:00,2026-09-29T13:44:22.782177+00:00,Selling,0,1,-0.033497232876278815,"[{""change_induced_ev_gain"": 0.0013264700859328736, ""delta_q"": 0.00021055080729093234, ""proxy_implied_ev"": -0.033497232876278815, ""q_current"": 0.15341313763868591, ""q_previous"": 0.15320258683139498, ""side"": ""A"", ""sporttery_odds"": 6.3}]",18037.424994,right_censored
2553,2T1rwtCi,2041786,geo=mx|serial=2609081259,2026-09-29T13:43:30.405963+00:00,2026-09-29T13:44:22.575006+00:00,52.169043,3290,0.207171,31,>20,persists_next_observation,"[1.21, 6.92, 12.11]","[1.21, 6.91, 12.11]","[1.11, 6.6, 13.0]","[1.11, 6.6, 13.0]",2026-09-29T20:55:42+08:00,2026-09-29T13:44:22.782177+00:00,Selling,0,1,-0.0935742584186785,"[{""change_induced_ev_gain"": 0.0011301950226170808, ""delta_q"": 0.0001712416700934971, ""proxy_implied_ev"": -0.0935742584186785, ""q_current"": 0.13733723357292751, ""q_previous"": 0.13716599190283402, ""side"": ""D"", ""sporttery_odds"": 6.6}]",18037.424994,right_censored
2578,hSJlvG55,2041787,geo=mx|serial=2609081259,2026-09-29T13:47:27.732736+00:00,2026-09-29T13:48:31.252115+00:00,63.519379,3299,0.264,31,>20,persists_next_observation,"[1.76, 3.44, 4.91]","[1.76, 3.44, 4.9]","[1.55, 3.4, 5.25]","[1.55, 3.4, 5.25]",2026-09-29T12:54:07+08:00,2026-09-29T13:48:31.516115+00:00,Selling,0,1,0.007965903901770544,"[{""change_induced_ev_gain"": 0.0016593922385233426, ""delta_q"": 0.0003160747120996843, ""proxy_implied_ev"": 0.007965903901770544, ""q_current"": 0.19199350550509917, ""q_previous"": 0.19167743079299948, ""side"": ""A"", ""sporttery_odds"": 5.25}]",17788.747885,right_censored
2579,UsxpFQlm,2041785,geo=mx|serial=2609081259,2026-09-29T13:47:27.732736+00:00,2026-09-29T13:48:31.252115+00:00,63.519379,3299,0.264,31,>20,persists_next_observation,"[3.09, 3.22, 2.32]","[3.1, 3.22, 2.31]","[3.15, 2.92, 2.13]","[3.15, 2.92, 2.13]",2026-09-29T20:57:13+08:00,2026-09-29T13:48:31.516115+00:00,Selling,0,1,-0.1350438546531496,"[{""change_induced_ev_gain"": 0.0030636731031641034, ""delta_q"": 0.0014383441798892505, ""proxy_implied_ev"": -0.1350438546531496, ""q_current"": 0.40608269734593916, ""q_previous"": 0.4046443531660499, ""side"": ""A"", ""sporttery_odds"": 2.13}]",17788.747885,right_censored
2581,KxQwPbIi,2041781,geo=mx|serial=2609081259,2026-09-29T13:47:27.732736+00:00,2026-09-29T13:48:31.252115+00:00,63.519379,3299,0.264,31,>20,persists_next_observation,"[4.34, 3.44, 1.86]","[4.33, 3.44, 1.86]","[4.16, 3.25, 1.72]","[4.16, 3.25, 1.72]",2026-09-29T19:45:13+08:00,2026-09-29T13:48:31.516115+00:00,Selling,1,1,-0.09302548096253827,"[{""change_induced_ev_gain"": 0.0016349998472465189, ""delta_q"": 0.00039302880943425933, ""proxy_implied_ev"": -0.09302548096253827, ""q_current"": 0.21802272092246675, ""q_previous"": 0.21762969211303249, ""side"": ""H"", ""sporttery_odds"": 4.16}]",17788.747885,right_censored
2582,xb24bvhD,2041784,geo=mx|serial=2609081259,2026-09-29T13:47:27.732736+00:00,2026-09-29T13:48:31.252115+00:00,63.519379,3299,0.264,31,>20,persists_next_observation,"[1.24, 5.81, 11.77]","[1.24, 5.76, 11.88]","[1.15, 5.5, 13.0]","[1.15, 5.5, 13.0]",2026-09-29T21:28:03+08:00,2026-09-29T13:48:31.516115+00:00,Selling,0,1,-0.10277467708499444,"[{""change_induced_ev_gain"": 0.007129750472779833, ""delta_q"": 0.0012963182677781515, ""proxy_implied_ev"": -0.10277467708499444, ""q_current"": 0.16313187689363737, ""q_previous"": 0.16183555862585922, ""side"": ""D"", ""sporttery_odds"": 5.5}]",17788.747885,right_censored
2583,hOq1JfnT,2041783,geo=mx|serial=2609081259,2026-09-29T13:47:27.732736+00:00,2026-09-29T13:48:31.252115+00:00,63.519379,3299,0.264,31,>20,persists_next_observation,"[1.62, 3.59, 6.16]","[1.62, 3.59, 6.17]","[1.44, 3.62, 6.3]","[1.44, 3.62, 6.3]",2026-09-29T19:44:45+08:00,2026-09-29T13:48:31.516115+00:00,Selling,0,1,-0.046840930943192305,"[{""change_induced_ev_gain"": 0.00020891812924599406, ""delta_q"": 0.000145082034198607, ""proxy_implied_ev"": -0.1597689237780383, ""q_current"": 0.5834938029319179, ""q_previous"": 0.5833487208977193, ""side"": ""H"", ""sporttery_odds"": 1.44}, {""change_induced_ev_gain"": 0.00023699695859441872, ""delta_q"": 6.546877309238086e-05, ""proxy_implied_ev"": -0.046840930943192305, ""q_current"": 0.2633036102366872, ""q_previous"": 0.2632381414635948, ""side"": ""D"", ""sporttery_odds"": 3.62}]",17788.747885,right_censored
2584,2T1rwtCi,2041786,geo=mx|serial=2609081259,2026-09-29T13:47:27.732736+00:00,2026-09-29T13:48:31.252115+00:00,63.519379,3299,0.264,31,>20,persists_next_observation,"[1.21, 6.91, 12.11]","[1.21, 6.92, 12.11]","[1.11, 6.6, 13.0]","[1.11, 6.6, 13.0]",2026-09-29T20:55:42+08:00,2026-09-29T13:48:31.516115+00:00,Selling,0,1,0.0189473684210526,"[{""change_induced_ev_gain"": 0.00017281138540272358, ""delta_q"": 0.00015568593279524645, ""proxy_implied_ev"": -0.12925668016194314, ""q_current"": 0.7844534412955466, ""q_previous"": 0.7842977553627514, ""side"": ""H"", ""sporttery_odds"": 1.11}, {""change_induced_ev_gain"": 0.0002022245848776194, ""delta_q"": 1.5555737298278416e-05, ""proxy_implied_ev"": 0.0189473684210526, ""q_current"": 0.07838056680161944, ""q_previous"": 0.07836501106432116, ""side"": ""A"", ""sporttery_odds"": 13.0}]",17788.747885,right_censored
2609,hSJlvG55,2041787,geo=mx|serial=2609081259,2026-09-29T13:51:35.965657+00:00,2026-09-29T13:54:08.926120+00:00,152.960463,3310,0.144578,31,>20,persists_next_observation,"[1.76, 3.44, 4.9]","[1.76, 3.44, 4.91]","[1.55, 3.4, 5.25]","[1.55, 3.4, 5.25]",2026-09-29T12:54:07+08:00,2026-09-29T13:54:09.070698+00:00,Selling,0,1,-0.06980725882025185,"[{""change_induced_ev_gain"": 0.0003240981470990445, ""delta_q"": 0.0002090955787735771, ""proxy_implied_ev"": -0.17115847326697564, ""q_current"": 0.5347364688600157, ""q_previous"": 0.5345273732812421, ""side"": ""H"", ""sporttery_odds"": 1.55}, {""change_induced_ev_gain"": 0.00036372905330848135, ""delta_q"": 0.00010697913332602393, ""proxy_implied_ev"": -0.06980725882025185, ""q_current"": 0.2735861003469848, ""q_previous"": 0.27347912121365875, ""side"": ""D"", ""sporttery_odds"": 3.4}]",17451.07388,right_censored
2610,UsxpFQlm,2041785,geo=mx|serial=2609081259,2026-09-29T13:51:35.965657+00:00,2026-09-29T13:54:08.926120+00:00,152.960463,3310,0.144578,31,>20,persists_next_observation,"[3.1, 3.22, 2.31]","[3.09, 3.22, 2.32]","[3.15, 2.92, 2.13]","[3.15, 2.92, 2.13]",2026-09-29T20:57:13+08:00,2026-09-29T13:54:09.070698+00:00,Selling,0,1,-0.04299646183252659,"[{""change_induced_ev_gain"": 0.003822651961755391, ""delta_q"": 0.0012135403053191718, ""proxy_implied_ev"": -0.04299646183252659, ""q_current"": 0.30381064703729316, ""q_previous"": 0.302597106731974, ""side"": ""H"", ""sporttery_odds"": 3.15}, {""change_induced_ev_gain"": 0.000656427313745278, ""delta_q"": 0.0002248038745703007, ""proxy_implied_ev"": -0.14868860059376143, ""q_current"": 0.29154499979665705, ""q_previous"": 0.29132019592208674, ""side"": ""D"", ""sporttery_odds"": 2.92}]",17451.07388,right_censored
2612,KxQwPbIi,2041781,geo=mx|serial=2609081259,2026-09-29T13:51:35.965657+00:00,2026-09-29T13:54:08.926120+00:00,152.960463,3310,0.144578,31,>20,persists_next_observation,"[4.33, 3.44, 1.86]","[4.34, 3.44, 1.86]","[4.16, 3.25, 1.72]","[4.16, 3.25, 1.72]",2026-09-29T19:45:13+08:00,2026-09-29T13:54:09.070698+00:00,Selling,1,1,-0.10765499789118493,"[{""change_induced_ev_gain"": 0.0004482753118925237, ""delta_q"": 0.0001379308651976996, ""proxy_implied_ev"": -0.10765499789118493, ""q_current"": 0.2745676929565585, ""q_previous"": 0.2744297620913608, ""side"": ""D"", ""sporttery_odds"": 3.25}, {""change_induced_ev_gain"": 0.00043876846408697824, ""delta_q"": 0.00025509794423661525, ""proxy_implied_ev"": -0.12657950231969628, ""q_current"": 0.5078026149304091, ""q_previous"": 0.5075475169861725, ""side"": ""A"", ""sporttery_odds"": 1.72}]",17451.07388,right_censored
2613,xb24bvhD,2041784,geo=mx|serial=2609081259,2026-09-29T13:51:35.965657+00:00,2026-09-29T13:54:08.926120+00:00,152.960463,3310,0.144578,31,>20,persists_next_observation,"[1.24, 5.76, 11.88]","[1.24, 5.81, 11.77]","[1.15, 5.5, 13.0]","[1.15, 5.5, 13.0]",2026-09-29T21:28:03+08:00,2026-09-29T13:54:09.070698+00:00,Selling,0,1,0.038525041887098155,"[{""change_induced_ev_gain"": 0.0005796229155032917, ""delta_q"": 0.0005040199265246015, ""proxy_implied_ev"": -0.12798041535590465, ""q_current"": 0.7582778996905177, ""q_previous"": 0.7577738797639931, ""side"": ""H"", ""sporttery_odds"": 1.15}, {""change_induced_ev_gain"": 0.010299878436293083, ""delta_q"": 0.0007922983412533141, ""proxy_implied_ev"": 0.038525041887098155, ""q_current"": 0.07988654168362294, ""q_previous"": 0.07909424334236963, ""side"": ""A"", ""sporttery_odds"": 13.0}]",17451.07388,right_censored
2614,hOq1JfnT,2041783,geo=mx|serial=2609081259,2026-09-29T13:51:35.965657+00:00,2026-09-29T13:54:08.926120+00:00,152.960463,3310,0.144578,31,>20,persists_next_observation,"[1.62, 3.59, 6.17]","[1.62, 3.59, 6.16]","[1.44, 3.62, 6.3]","[1.44, 3.62, 6.3]",2026-09-29T19:44:45+08:00,2026-09-29T13:54:09.070698+00:00,Selling,0,1,-0.033497232876278815,"[{""change_induced_ev_gain"": 0.0013264700859328736, ""delta_q"": 0.00021055080729093234, ""proxy_implied_ev"": -0.033497232876278815, ""q_current"": 0.15341313763868591, ""q_previous"": 0.15320258683139498, ""side"": ""A"", ""sporttery_odds"": 6.3}]",17451.07388,right_censored
2615,2T1rwtCi,2041786,geo=mx|serial=2609081259,2026-09-29T13:51:35.965657+00:00,2026-09-29T13:54:08.926120+00:00,152.960463,3310,0.144578,31,>20,persists_next_observation,"[1.21, 6.92, 12.11]","[1.21, 6.91, 12.11]","[1.11, 6.6, 13.0]","[1.11, 6.6, 13.0]",2026-09-29T20:55:42+08:00,2026-09-29T13:54:09.070698+00:00,Selling,0,1,-0.0935742584186785,"[{""change_induced_ev_gain"": 0.0011301950226170808, ""delta_q"": 0.0001712416700934971, ""proxy_implied_ev"": -0.0935742584186785, ""q_current"": 0.13733723357292751, ""q_previous"": 0.13716599190283402, ""side"": ""D"", ""sporttery_odds"": 6.6}]",17451.07388,right_censored
2640,hSJlvG55,2041787,geo=mx|serial=2609081259,2026-09-29T14:01:37.250678+00:00,2026-09-29T14:02:35.569773+00:00,58.319095,3327,0.257,31,>20,persists_next_observation,"[1.76, 3.44, 4.91]","[1.76, 3.44, 4.9]","[1.55, 3.4, 5.25]","[1.55, 3.4, 5.25]",2026-09-29T12:54:07+08:00,2026-09-29T14:02:35.826773+00:00,Selling,0,1,0.007965903901770544,"[{""change_induced_ev_gain"": 0.0016593922385233426, ""delta_q"": 0.0003160747120996843, ""proxy_implied_ev"": 0.007965903901770544, ""q_current"": 0.19199350550509917, ""q_previous"": 0.19167743079299948, ""side"": ""A"", ""sporttery_odds"": 5.25}]",16944.430227,right_censored
2641,UsxpFQlm,2041785,geo=mx|serial=2609081259,2026-09-29T14:01:37.250678+00:00,2026-09-29T14:02:35.569773+00:00,58.319095,3327,0.257,31,>20,persists_next_observation,"[3.09, 3.22, 2.32]","[3.1, 3.22, 2.31]","[3.15, 2.92, 2.13]","[3.15, 2.92, 2.13]",2026-09-29T20:57:13+08:00,2026-09-29T14:02:35.826773+00:00,Selling,0,1,-0.1350438546531496,"[{""change_induced_ev_gain"": 0.0030636731031641034, ""delta_q"": 0.0014383441798892505, ""proxy_implied_ev"": -0.1350438546531496, ""q_current"": 0.40608269734593916, ""q_previous"": 0.4046443531660499, ""side"": ""A"", ""sporttery_odds"": 2.13}]",16944.430227,right_censored
2643,KxQwPbIi,2041781,geo=mx|serial=2609081259,2026-09-29T14:01:37.250678+00:00,2026-09-29T14:02:35.569773+00:00,58.319095,3327,0.257,31,>20,persists_next_observation,"[4.34, 3.44, 1.86]","[4.33, 3.44, 1.86]","[4.16, 3.25, 1.72]","[4.16, 3.25, 1.72]",2026-09-29T19:45:13+08:00,2026-09-29T14:02:35.826773+00:00,Selling,1,1,-0.09302548096253827,"[{""change_induced_ev_gain"": 0.0016349998472465189, ""delta_q"": 0.00039302880943425933, ""proxy_implied_ev"": -0.09302548096253827, ""q_current"": 0.21802272092246675, ""q_previous"": 0.21762969211303249, ""side"": ""H"", ""sporttery_odds"": 4.16}]",16944.430227,right_censored
2644,xb24bvhD,2041784,geo=mx|serial=2609081259,2026-09-29T14:01:37.250678+00:00,2026-09-29T14:02:35.569773+00:00,58.319095,3327,0.257,31,>20,persists_next_observation,"[1.24, 5.81, 11.77]","[1.24, 5.76, 11.88]","[1.15, 5.5, 13.0]","[1.15, 5.5, 13.0]",2026-09-29T21:28:03+08:00,2026-09-29T14:02:35.826773+00:00,Selling,0,1,-0.10277467708499444,"[{""change_induced_ev_gain"": 0.007129750472779833, ""delta_q"": 0.0012963182677781515, ""proxy_implied_ev"": -0.10277467708499444, ""q_current"": 0.16313187689363737, ""q_previous"": 0.16183555862585922, ""side"": ""D"", ""sporttery_odds"": 5.5}]",16944.430227,right_censored
2645,hOq1JfnT,2041783,geo=mx|serial=2609081259,2026-09-29T14:01:37.250678+00:00,2026-09-29T14:02:35.569773+00:00,58.319095,3327,0.257,31,>20,persists_next_observation,"[1.62, 3.59, 6.16]","[1.62, 3.59, 6.17]","[1.44, 3.62, 6.3]","[1.44, 3.62, 6.3]",2026-09-29T19:44:45+08:00,2026-09-29T14:02:35.826773+00:00,Selling,0,1,-0.046840930943192305,"[{""change_induced_ev_gain"": 0.00020891812924599406, ""delta_q"": 0.000145082034198607, ""proxy_implied_ev"": -0.1597689237780383, ""q_current"": 0.5834938029319179, ""q_previous"": 0.5833487208977193, ""side"": ""H"", ""sporttery_odds"": 1.44}, {""change_induced_ev_gain"": 0.00023699695859441872, ""delta_q"": 6.546877309238086e-05, ""proxy_implied_ev"": -0.046840930943192305, ""q_current"": 0.2633036102366872, ""q_previous"": 0.2632381414635948, ""side"": ""D"", ""sporttery_odds"": 3.62}]",16944.430227,right_censored
2646,2T1rwtCi,2041786,geo=mx|serial=2609081259,2026-09-29T14:01:37.250678+00:00,2026-09-29T14:02:35.569773+00:00,58.319095,3327,0.257,31,>20,persists_next_observation,"[1.21, 6.91, 12.11]","[1.21, 6.92, 12.11]","[1.11, 6.6, 13.0]","[1.11, 6.6, 13.0]",2026-09-29T20:55:42+08:00,2026-09-29T14:02:35.826773+00:00,Selling,0,1,0.0189473684210526,"[{""change_induced_ev_gain"": 0.00017281138540272358, ""delta_q"": 0.00015568593279524645, ""proxy_implied_ev"": -0.12925668016194314, ""q_current"": 0.7844534412955466, ""q_previous"": 0.7842977553627514, ""side"": ""H"", ""sporttery_odds"": 1.11}, {""change_induced_ev_gain"": 0.0002022245848776194, ""delta_q"": 1.5555737298278416e-05, ""proxy_implied_ev"": 0.0189473684210526, ""q_current"": 0.07838056680161944, ""q_previous"": 0.07836501106432116, ""side"": ""A"", ""sporttery_odds"": 13.0}]",16944.430227,right_censored
2671,hSJlvG55,2041787,geo=mx|serial=2609081259,2026-09-29T14:04:29.527059+00:00,2026-09-29T14:05:19.592601+00:00,50.065542,3334,0.189495,31,>20,one_step_reversion,"[1.76, 3.44, 4.9]","[1.76, 3.44, 4.91]","[1.55, 3.4, 5.25]","[1.55, 3.4, 5.25]",2026-09-29T12:54:07+08:00,2026-09-29T14:05:19.782096+00:00,Selling,0,1,-0.06980725882025185,"[{""change_induced_ev_gain"": 0.0003240981470990445, ""delta_q"": 0.0002090955787735771, ""proxy_implied_ev"": -0.17115847326697564, ""q_current"": 0.5347364688600157, ""q_previous"": 0.5345273732812421, ""side"": ""H"", ""sporttery_odds"": 1.55}, {""change_induced_ev_gain"": 0.00036372905330848135, ""delta_q"": 0.00010697913332602393, ""proxy_implied_ev"": -0.06980725882025185, ""q_current"": 0.2735861003469848, ""q_previous"": 0.27347912121365875, ""side"": ""D"", ""sporttery_odds"": 3.4}]",16780.407399,right_censored
2672,UsxpFQlm,2041785,geo=mx|serial=2609081259,2026-09-29T14:04:29.527059+00:00,2026-09-29T14:05:19.592601+00:00,50.065542,3334,0.189495,31,>20,one_step_reversion,"[3.1, 3.22, 2.31]","[3.09, 3.22, 2.32]","[3.15, 2.92, 2.13]","[3.15, 2.92, 2.13]",2026-09-29T20:57:13+08:00,2026-09-29T14:05:19.782096+00:00,Selling,0,1,-0.04299646183252659,"[{""change_induced_ev_gain"": 0.003822651961755391, ""delta_q"": 0.0012135403053191718, ""proxy_implied_ev"": -0.04299646183252659, ""q_current"": 0.30381064703729316, ""q_previous"": 0.302597106731974, ""side"": ""H"", ""sporttery_odds"": 3.15}, {""change_induced_ev_gain"": 0.000656427313745278, ""delta_q"": 0.0002248038745703007, ""proxy_implied_ev"": -0.14868860059376143, ""q_current"": 0.29154499979665705, ""q_previous"": 0.29132019592208674, ""side"": ""D"", ""sporttery_odds"": 2.92}]",16780.407399,right_censored
2674,KxQwPbIi,2041781,geo=mx|serial=2609081259,2026-09-29T14:04:29.527059+00:00,2026-09-29T14:05:19.592601+00:00,50.065542,3334,0.189495,31,>20,one_step_reversion,"[4.33, 3.44, 1.86]","[4.34, 3.44, 1.86]","[4.16, 3.25, 1.72]","[4.16, 3.25, 1.72]",2026-09-29T19:45:13+08:00,2026-09-29T14:05:19.782096+00:00,Selling,1,1,-0.10765499789118493,"[{""change_induced_ev_gain"": 0.0004482753118925237, ""delta_q"": 0.0001379308651976996, ""proxy_implied_ev"": -0.10765499789118493, ""q_current"": 0.2745676929565585, ""q_previous"": 0.2744297620913608, ""side"": ""D"", ""sporttery_odds"": 3.25}, {""change_induced_ev_gain"": 0.00043876846408697824, ""delta_q"": 0.00025509794423661525, ""proxy_implied_ev"": -0.12657950231969628, ""q_current"": 0.5078026149304091, ""q_previous"": 0.5075475169861725, ""side"": ""A"", ""sporttery_odds"": 1.72}]",16780.407399,right_censored
2675,xb24bvhD,2041784,geo=mx|serial=2609081259,2026-09-29T14:04:29.527059+00:00,2026-09-29T14:05:19.592601+00:00,50.065542,3334,0.189495,31,>20,one_step_reversion,"[1.24, 5.76, 11.88]","[1.24, 5.81, 11.77]","[1.15, 5.5, 13.0]","[1.15, 5.5, 13.0]",2026-09-29T21:28:03+08:00,2026-09-29T14:05:19.782096+00:00,Selling,0,1,0.038525041887098155,"[{""change_induced_ev_gain"": 0.0005796229155032917, ""delta_q"": 0.0005040199265246015, ""proxy_implied_ev"": -0.12798041535590465, ""q_current"": 0.7582778996905177, ""q_previous"": 0.7577738797639931, ""side"": ""H"", ""sporttery_odds"": 1.15}, {""change_induced_ev_gain"": 0.010299878436293083, ""delta_q"": 0.0007922983412533141, ""proxy_implied_ev"": 0.038525041887098155, ""q_current"": 0.07988654168362294, ""q_previous"": 0.07909424334236963, ""side"": ""A"", ""sporttery_odds"": 13.0}]",16780.407399,right_censored
2676,hOq1JfnT,2041783,geo=mx|serial=2609081259,2026-09-29T14:04:29.527059+00:00,2026-09-29T14:05:19.592601+00:00,50.065542,3334,0.189495,31,>20,one_step_reversion,"[1.62, 3.59, 6.17]","[1.62, 3.59, 6.16]","[1.44, 3.62, 6.3]","[1.44, 3.62, 6.3]",2026-09-29T19:44:45+08:00,2026-09-29T14:05:19.782096+00:00,Selling,0,1,-0.033497232876278815,"[{""change_induced_ev_gain"": 0.0013264700859328736, ""delta_q"": 0.00021055080729093234, ""proxy_implied_ev"": -0.033497232876278815, ""q_current"": 0.15341313763868591, ""q_previous"": 0.15320258683139498, ""side"": ""A"", ""sporttery_odds"": 6.3}]",16780.407399,right_censored
2677,2T1rwtCi,2041786,geo=mx|serial=2609081259,2026-09-29T14:04:29.527059+00:00,2026-09-29T14:05:19.592601+00:00,50.065542,3334,0.189495,31,>20,one_step_reversion,"[1.21, 6.92, 12.11]","[1.21, 6.91, 12.11]","[1.11, 6.6, 13.0]","[1.11, 6.6, 13.0]",2026-09-29T20:55:42+08:00,2026-09-29T14:05:19.782096+00:00,Selling,0,1,-0.0935742584186785,"[{""change_induced_ev_gain"": 0.0011301950226170808, ""delta_q"": 0.0001712416700934971, ""proxy_implied_ev"": -0.0935742584186785, ""q_current"": 0.13733723357292751, ""q_previous"": 0.13716599190283402, ""side"": ""D"", ""sporttery_odds"": 6.6}]",16780.407399,right_censored
2702,hSJlvG55,2041787,geo=mx|serial=2609081259,2026-09-29T14:05:19.592601+00:00,2026-09-29T14:06:20.547652+00:00,60.955051,3337,0.118781,31,>20,persists_next_observation,"[1.76, 3.44, 4.91]","[1.76, 3.44, 4.9]","[1.55, 3.4, 5.25]","[1.55, 3.4, 5.25]",2026-09-29T12:54:07+08:00,2026-09-29T14:06:20.666433+00:00,Selling,0,1,0.007965903901770544,"[{""change_induced_ev_gain"": 0.0016593922385233426, ""delta_q"": 0.0003160747120996843, ""proxy_implied_ev"": 0.007965903901770544, ""q_current"": 0.19199350550509917, ""q_previous"": 0.19167743079299948, ""side"": ""A"", ""sporttery_odds"": 5.25}]",16719.452348,right_censored
2703,UsxpFQlm,2041785,geo=mx|serial=2609081259,2026-09-29T14:05:19.592601+00:00,2026-09-29T14:06:20.547652+00:00,60.955051,3337,0.118781,31,>20,persists_next_observation,"[3.09, 3.22, 2.32]","[3.1, 3.22, 2.31]","[3.15, 2.92, 2.13]","[3.15, 2.92, 2.13]",2026-09-29T20:57:13+08:00,2026-09-29T14:06:20.666433+00:00,Selling,0,1,-0.1350438546531496,"[{""change_induced_ev_gain"": 0.0030636731031641034, ""delta_q"": 0.0014383441798892505, ""proxy_implied_ev"": -0.1350438546531496, ""q_current"": 0.40608269734593916, ""q_previous"": 0.4046443531660499, ""side"": ""A"", ""sporttery_odds"": 2.13}]",16719.452348,right_censored
2705,KxQwPbIi,2041781,geo=mx|serial=2609081259,2026-09-29T14:05:19.592601+00:00,2026-09-29T14:06:20.547652+00:00,60.955051,3337,0.118781,31,>20,persists_next_observation,"[4.34, 3.44, 1.86]","[4.33, 3.44, 1.86]","[4.16, 3.25, 1.72]","[4.16, 3.25, 1.72]",2026-09-29T19:45:13+08:00,2026-09-29T14:06:20.666433+00:00,Selling,1,1,-0.09302548096253827,"[{""change_induced_ev_gain"": 0.0016349998472465189, ""delta_q"": 0.00039302880943425933, ""proxy_implied_ev"": -0.09302548096253827, ""q_current"": 0.21802272092246675, ""q_previous"": 0.21762969211303249, ""side"": ""H"", ""sporttery_odds"": 4.16}]",16719.452348,right_censored
2706,xb24bvhD,2041784,geo=mx|serial=2609081259,2026-09-29T14:05:19.592601+00:00,2026-09-29T14:06:20.547652+00:00,60.955051,3337,0.118781,31,>20,persists_next_observation,"[1.24, 5.81, 11.77]","[1.24, 5.76, 11.88]","[1.15, 5.5, 13.0]","[1.15, 5.5, 13.0]",2026-09-29T21:28:03+08:00,2026-09-29T14:06:20.666433+00:00,Selling,0,1,-0.10277467708499444,"[{""change_induced_ev_gain"": 0.007129750472779833, ""delta_q"": 0.0012963182677781515, ""proxy_implied_ev"": -0.10277467708499444, ""q_current"": 0.16313187689363737, ""q_previous"": 0.16183555862585922, ""side"": ""D"", ""sporttery_odds"": 5.5}]",16719.452348,right_censored
2707,hOq1JfnT,2041783,geo=mx|serial=2609081259,2026-09-29T14:05:19.592601+00:00,2026-09-29T14:06:20.547652+00:00,60.955051,3337,0.118781,31,>20,persists_next_observation,"[1.62, 3.59, 6.16]","[1.62, 3.59, 6.17]","[1.44, 3.62, 6.3]","[1.44, 3.62, 6.3]",2026-09-29T19:44:45+08:00,2026-09-29T14:06:20.666433+00:00,Selling,0,1,-0.046840930943192305,"[{""change_induced_ev_gain"": 0.00020891812924599406, ""delta_q"": 0.000145082034198607, ""proxy_implied_ev"": -0.1597689237780383, ""q_current"": 0.5834938029319179, ""q_previous"": 0.5833487208977193, ""side"": ""H"", ""sporttery_odds"": 1.44}, {""change_induced_ev_gain"": 0.00023699695859441872, ""delta_q"": 6.546877309238086e-05, ""proxy_implied_ev"": -0.046840930943192305, ""q_current"": 0.2633036102366872, ""q_previous"": 0.2632381414635948, ""side"": ""D"", ""sporttery_odds"": 3.62}]",16719.452348,right_censored
2708,2T1rwtCi,2041786,geo=mx|serial=2609081259,2026-09-29T14:05:19.592601+00:00,2026-09-29T14:06:20.547652+00:00,60.955051,3337,0.118781,31,>20,persists_next_observation,"[1.21, 6.91, 12.11]","[1.21, 6.92, 12.11]","[1.11, 6.6, 13.0]","[1.11, 6.6, 13.0]",2026-09-29T20:55:42+08:00,2026-09-29T14:06:20.666433+00:00,Selling,0,1,0.0189473684210526,"[{""change_induced_ev_gain"": 0.00017281138540272358, ""delta_q"": 0.00015568593279524645, ""proxy_implied_ev"": -0.12925668016194314, ""q_current"": 0.7844534412955466, ""q_previous"": 0.7842977553627514, ""side"": ""H"", ""sporttery_odds"": 1.11}, {""change_induced_ev_gain"": 0.0002022245848776194, ""delta_q"": 1.5555737298278416e-05, ""proxy_implied_ev"": 0.0189473684210526, ""q_current"": 0.07838056680161944, ""q_previous"": 0.07836501106432116, ""side"": ""A"", ""sporttery_odds"": 13.0}]",16719.452348,right_censored
2733,hSJlvG55,2041787,geo=mx|serial=2609081259,2026-09-29T14:08:36.334759+00:00,2026-09-29T14:09:40.333158+00:00,63.998399,3344,0.613326,31,>20,one_step_reversion,"[1.76, 3.44, 4.9]","[1.76, 3.44, 4.91]","[1.55, 3.4, 5.25]","[1.55, 3.4, 5.25]",2026-09-29T12:54:07+08:00,2026-09-29T14:09:40.946484+00:00,Selling,0,1,-0.06980725882025185,"[{""change_induced_ev_gain"": 0.0003240981470990445, ""delta_q"": 0.0002090955787735771, ""proxy_implied_ev"": -0.17115847326697564, ""q_current"": 0.5347364688600157, ""q_previous"": 0.5345273732812421, ""side"": ""H"", ""sporttery_odds"": 1.55}, {""change_induced_ev_gain"": 0.00036372905330848135, ""delta_q"": 0.00010697913332602393, ""proxy_implied_ev"": -0.06980725882025185, ""q_current"": 0.2735861003469848, ""q_previous"": 0.27347912121365875, ""side"": ""D"", ""sporttery_odds"": 3.4}]",16519.666842,right_censored
2734,UsxpFQlm,2041785,geo=mx|serial=2609081259,2026-09-29T14:08:36.334759+00:00,2026-09-29T14:09:40.333158+00:00,63.998399,3344,0.613326,31,>20,one_step_reversion,"[3.1, 3.22, 2.31]","[3.09, 3.22, 2.32]","[3.15, 2.92, 2.13]","[3.15, 2.92, 2.13]",2026-09-29T20:57:13+08:00,2026-09-29T14:09:40.946484+00:00,Selling,0,1,-0.04299646183252659,"[{""change_induced_ev_gain"": 0.003822651961755391, ""delta_q"": 0.0012135403053191718, ""proxy_implied_ev"": -0.04299646183252659, ""q_current"": 0.30381064703729316, ""q_previous"": 0.302597106731974, ""side"": ""H"", ""sporttery_odds"": 3.15}, {""change_induced_ev_gain"": 0.000656427313745278, ""delta_q"": 0.0002248038745703007, ""proxy_implied_ev"": -0.14868860059376143, ""q_current"": 0.29154499979665705, ""q_previous"": 0.29132019592208674, ""side"": ""D"", ""sporttery_odds"": 2.92}]",16519.666842,right_censored
2736,KxQwPbIi,2041781,geo=mx|serial=2609081259,2026-09-29T14:08:36.334759+00:00,2026-09-29T14:09:40.333158+00:00,63.998399,3344,0.613326,31,>20,one_step_reversion,"[4.33, 3.44, 1.86]","[4.34, 3.44, 1.86]","[4.16, 3.25, 1.72]","[4.16, 3.25, 1.72]",2026-09-29T19:45:13+08:00,2026-09-29T14:09:40.946484+00:00,Selling,1,1,-0.10765499789118493,"[{""change_induced_ev_gain"": 0.0004482753118925237, ""delta_q"": 0.0001379308651976996, ""proxy_implied_ev"": -0.10765499789118493, ""q_current"": 0.2745676929565585, ""q_previous"": 0.2744297620913608, ""side"": ""D"", ""sporttery_odds"": 3.25}, {""change_induced_ev_gain"": 0.00043876846408697824, ""delta_q"": 0.00025509794423661525, ""proxy_implied_ev"": -0.12657950231969628, ""q_current"": 0.5078026149304091, ""q_previous"": 0.5075475169861725, ""side"": ""A"", ""sporttery_odds"": 1.72}]",16519.666842,right_censored
2737,xb24bvhD,2041784,geo=mx|serial=2609081259,2026-09-29T14:08:36.334759+00:00,2026-09-29T14:09:40.333158+00:00,63.998399,3344,0.613326,31,>20,one_step_reversion,"[1.24, 5.76, 11.88]","[1.24, 5.81, 11.77]","[1.15, 5.5, 13.0]","[1.15, 5.5, 13.0]",2026-09-29T21:28:03+08:00,2026-09-29T14:09:40.946484+00:00,Selling,0,1,0.038525041887098155,"[{""change_induced_ev_gain"": 0.0005796229155032917, ""delta_q"": 0.0005040199265246015, ""proxy_implied_ev"": -0.12798041535590465, ""q_current"": 0.7582778996905177, ""q_previous"": 0.7577738797639931, ""side"": ""H"", ""sporttery_odds"": 1.15}, {""change_induced_ev_gain"": 0.010299878436293083, ""delta_q"": 0.0007922983412533141, ""proxy_implied_ev"": 0.038525041887098155, ""q_current"": 0.07988654168362294, ""q_previous"": 0.07909424334236963, ""side"": ""A"", ""sporttery_odds"": 13.0}]",16519.666842,right_censored
2738,hOq1JfnT,2041783,geo=mx|serial=2609081259,2026-09-29T14:08:36.334759+00:00,2026-09-29T14:09:40.333158+00:00,63.998399,3344,0.613326,31,>20,one_step_reversion,"[1.62, 3.59, 6.17]","[1.62, 3.59, 6.16]","[1.44, 3.62, 6.3]","[1.44, 3.62, 6.3]",2026-09-29T19:44:45+08:00,2026-09-29T14:09:40.946484+00:00,Selling,0,1,-0.033497232876278815,"[{""change_induced_ev_gain"": 0.0013264700859328736, ""delta_q"": 0.00021055080729093234, ""proxy_implied_ev"": -0.033497232876278815, ""q_current"": 0.15341313763868591, ""q_previous"": 0.15320258683139498, ""side"": ""A"", ""sporttery_odds"": 6.3}]",16519.666842,right_censored
2739,2T1rwtCi,2041786,geo=mx|serial=2609081259,2026-09-29T14:08:36.334759+00:00,2026-09-29T14:09:40.333158+00:00,63.998399,3344,0.613326,31,>20,one_step_reversion,"[1.21, 6.92, 12.11]","[1.21, 6.91, 12.11]","[1.11, 6.6, 13.0]","[1.11, 6.6, 13.0]",2026-09-29T20:55:42+08:00,2026-09-29T14:09:40.946484+00:00,Selling,0,1,-0.0935742584186785,"[{""change_induced_ev_gain"": 0.0011301950226170808, ""delta_q"": 0.0001712416700934971, ""proxy_implied_ev"": -0.0935742584186785, ""q_current"": 0.13733723357292751, ""q_previous"": 0.13716599190283402, ""side"": ""D"", ""sporttery_odds"": 6.6}]",16519.666842,right_censored
2764,hSJlvG55,2041787,geo=mx|serial=2609081259,2026-09-29T14:09:40.333158+00:00,2026-09-29T14:10:31.744262+00:00,51.411104,3347,0.203835,31,>20,persists_next_observation,"[1.76, 3.44, 4.91]","[1.76, 3.44, 4.9]","[1.55, 3.4, 5.25]","[1.55, 3.4, 5.25]",2026-09-29T12:54:07+08:00,2026-09-29T14:10:31.948097+00:00,Selling,0,1,0.007965903901770544,"[{""change_induced_ev_gain"": 0.0016593922385233426, ""delta_q"": 0.0003160747120996843, ""proxy_implied_ev"": 0.007965903901770544, ""q_current"": 0.19199350550509917, ""q_previous"": 0.19167743079299948, ""side"": ""A"", ""sporttery_odds"": 5.25}]",16468.255738,right_censored
2765,UsxpFQlm,2041785,geo=mx|serial=2609081259,2026-09-29T14:09:40.333158+00:00,2026-09-29T14:10:31.744262+00:00,51.411104,3347,0.203835,31,>20,persists_next_observation,"[3.09, 3.22, 2.32]","[3.1, 3.22, 2.31]","[3.15, 2.92, 2.13]","[3.15, 2.92, 2.13]",2026-09-29T20:57:13+08:00,2026-09-29T14:10:31.948097+00:00,Selling,0,1,-0.1350438546531496,"[{""change_induced_ev_gain"": 0.0030636731031641034, ""delta_q"": 0.0014383441798892505, ""proxy_implied_ev"": -0.1350438546531496, ""q_current"": 0.40608269734593916, ""q_previous"": 0.4046443531660499, ""side"": ""A"", ""sporttery_odds"": 2.13}]",16468.255738,right_censored
2767,KxQwPbIi,2041781,geo=mx|serial=2609081259,2026-09-29T14:09:40.333158+00:00,2026-09-29T14:10:31.744262+00:00,51.411104,3347,0.203835,31,>20,persists_next_observation,"[4.34, 3.44, 1.86]","[4.33, 3.44, 1.86]","[4.16, 3.25, 1.72]","[4.16, 3.25, 1.72]",2026-09-29T19:45:13+08:00,2026-09-29T14:10:31.948097+00:00,Selling,1,1,-0.09302548096253827,"[{""change_induced_ev_gain"": 0.0016349998472465189, ""delta_q"": 0.00039302880943425933, ""proxy_implied_ev"": -0.09302548096253827, ""q_current"": 0.21802272092246675, ""q_previous"": 0.21762969211303249, ""side"": ""H"", ""sporttery_odds"": 4.16}]",16468.255738,right_censored
2768,xb24bvhD,2041784,geo=mx|serial=2609081259,2026-09-29T14:09:40.333158+00:00,2026-09-29T14:10:31.744262+00:00,51.411104,3347,0.203835,31,>20,persists_next_observation,"[1.24, 5.81, 11.77]","[1.24, 5.76, 11.88]","[1.15, 5.5, 13.0]","[1.15, 5.5, 13.0]",2026-09-29T21:28:03+08:00,2026-09-29T14:10:31.948097+00:00,Selling,0,1,-0.10277467708499444,"[{""change_induced_ev_gain"": 0.007129750472779833, ""delta_q"": 0.0012963182677781515, ""proxy_implied_ev"": -0.10277467708499444, ""q_current"": 0.16313187689363737, ""q_previous"": 0.16183555862585922, ""side"": ""D"", ""sporttery_odds"": 5.5}]",16468.255738,right_censored
2769,hOq1JfnT,2041783,geo=mx|serial=2609081259,2026-09-29T14:09:40.333158+00:00,2026-09-29T14:10:31.744262+00:00,51.411104,3347,0.203835,31,>20,persists_next_observation,"[1.62, 3.59, 6.16]","[1.62, 3.59, 6.17]","[1.44, 3.62, 6.3]","[1.44, 3.62, 6.3]",2026-09-29T19:44:45+08:00,2026-09-29T14:10:31.948097+00:00,Selling,0,1,-0.046840930943192305,"[{""change_induced_ev_gain"": 0.00020891812924599406, ""delta_q"": 0.000145082034198607, ""proxy_implied_ev"": -0.1597689237780383, ""q_current"": 0.5834938029319179, ""q_previous"": 0.5833487208977193, ""side"": ""H"", ""sporttery_odds"": 1.44}, {""change_induced_ev_gain"": 0.00023699695859441872, ""delta_q"": 6.546877309238086e-05, ""proxy_implied_ev"": -0.046840930943192305, ""q_current"": 0.2633036102366872, ""q_previous"": 0.2632381414635948, ""side"": ""D"", ""sporttery_odds"": 3.62}]",16468.255738,right_censored
2770,2T1rwtCi,2041786,geo=mx|serial=2609081259,2026-09-29T14:09:40.333158+00:00,2026-09-29T14:10:31.744262+00:00,51.411104,3347,0.203835,31,>20,persists_next_observation,"[1.21, 6.91, 12.11]","[1.21, 6.92, 12.11]","[1.11, 6.6, 13.0]","[1.11, 6.6, 13.0]",2026-09-29T20:55:42+08:00,2026-09-29T14:10:31.948097+00:00,Selling,0,1,0.0189473684210526,"[{""change_induced_ev_gain"": 0.00017281138540272358, ""delta_q"": 0.00015568593279524645, ""proxy_implied_ev"": -0.12925668016194314, ""q_current"": 0.7844534412955466, ""q_previous"": 0.7842977553627514, ""side"": ""H"", ""sporttery_odds"": 1.11}, {""change_induced_ev_gain"": 0.0002022245848776194, ""delta_q"": 1.5555737298278416e-05, ""proxy_implied_ev"": 0.0189473684210526, ""q_current"": 0.07838056680161944, ""q_previous"": 0.07836501106432116, ""side"": ""A"", ""sporttery_odds"": 13.0}]",16468.255738,right_censored
2795,hSJlvG55,2041787,geo=mx|serial=2609081259,2026-09-29T14:13:41.338204+00:00,2026-09-29T14:14:09.004354+00:00,27.66615,3356,0.288836,31,>20,persists_next_observation,"[1.76, 3.44, 4.9]","[1.76, 3.44, 4.91]","[1.55, 3.4, 5.25]","[1.55, 3.4, 5.25]",2026-09-29T12:54:07+08:00,2026-09-29T14:14:09.293190+00:00,Selling,0,1,-0.06980725882025185,"[{""change_induced_ev_gain"": 0.0003240981470990445, ""delta_q"": 0.0002090955787735771, ""proxy_implied_ev"": -0.17115847326697564, ""q_current"": 0.5347364688600157, ""q_previous"": 0.5345273732812421, ""side"": ""H"", ""sporttery_odds"": 1.55}, {""change_induced_ev_gain"": 0.00036372905330848135, ""delta_q"": 0.00010697913332602393, ""proxy_implied_ev"": -0.06980725882025185, ""q_current"": 0.2735861003469848, ""q_previous"": 0.27347912121365875, ""side"": ""D"", ""sporttery_odds"": 3.4}]",16250.995646,right_censored
2796,UsxpFQlm,2041785,geo=mx|serial=2609081259,2026-09-29T14:13:41.338204+00:00,2026-09-29T14:14:09.004354+00:00,27.66615,3356,0.288836,31,>20,persists_next_observation,"[3.1, 3.22, 2.31]","[3.09, 3.22, 2.32]","[3.15, 2.92, 2.13]","[3.15, 2.92, 2.13]",2026-09-29T20:57:13+08:00,2026-09-29T14:14:09.293190+00:00,Selling,0,1,-0.04299646183252659,"[{""change_induced_ev_gain"": 0.003822651961755391, ""delta_q"": 0.0012135403053191718, ""proxy_implied_ev"": -0.04299646183252659, ""q_current"": 0.30381064703729316, ""q_previous"": 0.302597106731974, ""side"": ""H"", ""sporttery_odds"": 3.15}, {""change_induced_ev_gain"": 0.000656427313745278, ""delta_q"": 0.0002248038745703007, ""proxy_implied_ev"": -0.14868860059376143, ""q_current"": 0.29154499979665705, ""q_previous"": 0.29132019592208674, ""side"": ""D"", ""sporttery_odds"": 2.92}]",16250.995646,right_censored
2798,KxQwPbIi,2041781,geo=mx|serial=2609081259,2026-09-29T14:13:41.338204+00:00,2026-09-29T14:14:09.004354+00:00,27.66615,3356,0.288836,31,>20,persists_next_observation,"[4.33, 3.44, 1.86]","[4.34, 3.44, 1.86]","[4.16, 3.25, 1.72]","[4.16, 3.25, 1.72]",2026-09-29T19:45:13+08:00,2026-09-29T14:14:09.293190+00:00,Selling,1,1,-0.10765499789118493,"[{""change_induced_ev_gain"": 0.0004482753118925237, ""delta_q"": 0.0001379308651976996, ""proxy_implied_ev"": -0.10765499789118493, ""q_current"": 0.2745676929565585, ""q_previous"": 0.2744297620913608, ""side"": ""D"", ""sporttery_odds"": 3.25}, {""change_induced_ev_gain"": 0.00043876846408697824, ""delta_q"": 0.00025509794423661525, ""proxy_implied_ev"": -0.12657950231969628, ""q_current"": 0.5078026149304091, ""q_previous"": 0.5075475169861725, ""side"": ""A"", ""sporttery_odds"": 1.72}]",16250.995646,right_censored
2799,xb24bvhD,2041784,geo=mx|serial=2609081259,2026-09-29T14:13:41.338204+00:00,2026-09-29T14:14:09.004354+00:00,27.66615,3356,0.288836,31,>20,persists_next_observation,"[1.24, 5.76, 11.88]","[1.24, 5.81, 11.77]","[1.15, 5.5, 13.0]","[1.15, 5.5, 13.0]",2026-09-29T21:28:03+08:00,2026-09-29T14:14:09.293190+00:00,Selling,0,1,0.038525041887098155,"[{""change_induced_ev_gain"": 0.0005796229155032917, ""delta_q"": 0.0005040199265246015, ""proxy_implied_ev"": -0.12798041535590465, ""q_current"": 0.7582778996905177, ""q_previous"": 0.7577738797639931, ""side"": ""H"", ""sporttery_odds"": 1.15}, {""change_induced_ev_gain"": 0.010299878436293083, ""delta_q"": 0.0007922983412533141, ""proxy_implied_ev"": 0.038525041887098155, ""q_current"": 0.07988654168362294, ""q_previous"": 0.07909424334236963, ""side"": ""A"", ""sporttery_odds"": 13.0}]",16250.995646,right_censored
2800,hOq1JfnT,2041783,geo=mx|serial=2609081259,2026-09-29T14:13:41.338204+00:00,2026-09-29T14:14:09.004354+00:00,27.66615,3356,0.288836,31,>20,persists_next_observation,"[1.62, 3.59, 6.17]","[1.62, 3.59, 6.16]","[1.44, 3.62, 6.3]","[1.44, 3.62, 6.3]",2026-09-29T19:44:45+08:00,2026-09-29T14:14:09.293190+00:00,Selling,0,1,-0.033497232876278815,"[{""change_induced_ev_gain"": 0.0013264700859328736, ""delta_q"": 0.00021055080729093234, ""proxy_implied_ev"": -0.033497232876278815, ""q_current"": 0.15341313763868591, ""q_previous"": 0.15320258683139498, ""side"": ""A"", ""sporttery_odds"": 6.3}]",16250.995646,right_censored
2801,2T1rwtCi,2041786,geo=mx|serial=2609081259,2026-09-29T14:13:41.338204+00:00,2026-09-29T14:14:09.004354+00:00,27.66615,3356,0.288836,31,>20,persists_next_observation,"[1.21, 6.92, 12.11]","[1.21, 6.91, 12.11]","[1.11, 6.6, 13.0]","[1.11, 6.6, 13.0]",2026-09-29T20:55:42+08:00,2026-09-29T14:14:09.293190+00:00,Selling,0,1,-0.0935742584186785,"[{""change_induced_ev_gain"": 0.0011301950226170808, ""delta_q"": 0.0001712416700934971, ""proxy_implied_ev"": -0.0935742584186785, ""q_current"": 0.13733723357292751, ""q_previous"": 0.13716599190283402, ""side"": ""D"", ""sporttery_odds"": 6.6}]",16250.995646,right_censored
2826,hSJlvG55,2041787,geo=mx|serial=2609081259,2026-09-29T14:15:38.384289+00:00,2026-09-29T14:16:27.095176+00:00,48.710887,3361,0.142018,31,>20,one_step_reversion,"[1.76, 3.44, 4.91]","[1.76, 3.44, 4.9]","[1.55, 3.4, 5.25]","[1.55, 3.4, 5.25]",2026-09-29T12:54:07+08:00,2026-09-29T14:16:27.237194+00:00,Selling,0,1,0.007965903901770544,"[{""change_induced_ev_gain"": 0.0016593922385233426, ""delta_q"": 0.0003160747120996843, ""proxy_implied_ev"": 0.007965903901770544, ""q_current"": 0.19199350550509917, ""q_previous"": 0.19167743079299948, ""side"": ""A"", ""sporttery_odds"": 5.25}]",16112.904824,right_censored
2827,UsxpFQlm,2041785,geo=mx|serial=2609081259,2026-09-29T14:15:38.384289+00:00,2026-09-29T14:16:27.095176+00:00,48.710887,3361,0.142018,31,>20,one_step_reversion,"[3.09, 3.22, 2.32]","[3.1, 3.22, 2.31]","[3.15, 2.92, 2.13]","[3.15, 2.92, 2.13]",2026-09-29T20:57:13+08:00,2026-09-29T14:16:27.237194+00:00,Selling,0,1,-0.1350438546531496,"[{""change_induced_ev_gain"": 0.0030636731031641034, ""delta_q"": 0.0014383441798892505, ""proxy_implied_ev"": -0.1350438546531496, ""q_current"": 0.40608269734593916, ""q_previous"": 0.4046443531660499, ""side"": ""A"", ""sporttery_odds"": 2.13}]",16112.904824,right_censored
2829,KxQwPbIi,2041781,geo=mx|serial=2609081259,2026-09-29T14:15:38.384289+00:00,2026-09-29T14:16:27.095176+00:00,48.710887,3361,0.142018,31,>20,one_step_reversion,"[4.34, 3.44, 1.86]","[4.33, 3.44, 1.86]","[4.16, 3.25, 1.72]","[4.16, 3.25, 1.72]",2026-09-29T19:45:13+08:00,2026-09-29T14:16:27.237194+00:00,Selling,1,1,-0.09302548096253827,"[{""change_induced_ev_gain"": 0.0016349998472465189, ""delta_q"": 0.00039302880943425933, ""proxy_implied_ev"": -0.09302548096253827, ""q_current"": 0.21802272092246675, ""q_previous"": 0.21762969211303249, ""side"": ""H"", ""sporttery_odds"": 4.16}]",16112.904824,right_censored
2830,xb24bvhD,2041784,geo=mx|serial=2609081259,2026-09-29T14:15:38.384289+00:00,2026-09-29T14:16:27.095176+00:00,48.710887,3361,0.142018,31,>20,one_step_reversion,"[1.24, 5.81, 11.77]","[1.24, 5.76, 11.88]","[1.15, 5.5, 13.0]","[1.15, 5.5, 13.0]",2026-09-29T21:28:03+08:00,2026-09-29T14:16:27.237194+00:00,Selling,0,1,-0.10277467708499444,"[{""change_induced_ev_gain"": 0.007129750472779833, ""delta_q"": 0.0012963182677781515, ""proxy_implied_ev"": -0.10277467708499444, ""q_current"": 0.16313187689363737, ""q_previous"": 0.16183555862585922, ""side"": ""D"", ""sporttery_odds"": 5.5}]",16112.904824,right_censored
2831,hOq1JfnT,2041783,geo=mx|serial=2609081259,2026-09-29T14:15:38.384289+00:00,2026-09-29T14:16:27.095176+00:00,48.710887,3361,0.142018,31,>20,one_step_reversion,"[1.62, 3.59, 6.16]","[1.62, 3.59, 6.17]","[1.44, 3.62, 6.3]","[1.44, 3.62, 6.3]",2026-09-29T19:44:45+08:00,2026-09-29T14:16:27.237194+00:00,Selling,0,1,-0.046840930943192305,"[{""change_induced_ev_gain"": 0.00020891812924599406, ""delta_q"": 0.000145082034198607, ""proxy_implied_ev"": -0.1597689237780383, ""q_current"": 0.5834938029319179, ""q_previous"": 0.5833487208977193, ""side"": ""H"", ""sporttery_odds"": 1.44}, {""change_induced_ev_gain"": 0.00023699695859441872, ""delta_q"": 6.546877309238086e-05, ""proxy_implied_ev"": -0.046840930943192305, ""q_current"": 0.2633036102366872, ""q_previous"": 0.2632381414635948, ""side"": ""D"", ""sporttery_odds"": 3.62}]",16112.904824,right_censored
2832,2T1rwtCi,2041786,geo=mx|serial=2609081259,2026-09-29T14:15:38.384289+00:00,2026-09-29T14:16:27.095176+00:00,48.710887,3361,0.142018,31,>20,one_step_reversion,"[1.21, 6.91, 12.11]","[1.21, 6.92, 12.11]","[1.11, 6.6, 13.0]","[1.11, 6.6, 13.0]",2026-09-29T20:55:42+08:00,2026-09-29T14:16:27.237194+00:00,Selling,0,1,0.0189473684210526,"[{""change_induced_ev_gain"": 0.00017281138540272358, ""delta_q"": 0.00015568593279524645, ""proxy_implied_ev"": -0.12925668016194314, ""q_current"": 0.7844534412955466, ""q_previous"": 0.7842977553627514, ""side"": ""H"", ""sporttery_odds"": 1.11}, {""change_induced_ev_gain"": 0.0002022245848776194, ""delta_q"": 1.5555737298278416e-05, ""proxy_implied_ev"": 0.0189473684210526, ""q_current"": 0.07838056680161944, ""q_previous"": 0.07836501106432116, ""side"": ""A"", ""sporttery_odds"": 13.0}]",16112.904824,right_censored
2857,hSJlvG55,2041787,geo=mx|serial=2609081259,2026-09-29T14:16:27.095176+00:00,2026-09-29T14:17:34.411202+00:00,67.316026,3364,0.159097,31,>20,one_step_reversion,"[1.76, 3.44, 4.9]","[1.76, 3.44, 4.91]","[1.55, 3.4, 5.25]","[1.55, 3.4, 5.25]",2026-09-29T12:54:07+08:00,2026-09-29T14:17:34.570299+00:00,Selling,0,1,-0.06980725882025185,"[{""change_induced_ev_gain"": 0.0003240981470990445, ""delta_q"": 0.0002090955787735771, ""proxy_implied_ev"": -0.17115847326697564, ""q_current"": 0.5347364688600157, ""q_previous"": 0.5345273732812421, ""side"": ""H"", ""sporttery_odds"": 1.55}, {""change_induced_ev_gain"": 0.00036372905330848135, ""delta_q"": 0.00010697913332602393, ""proxy_implied_ev"": -0.06980725882025185, ""q_current"": 0.2735861003469848, ""q_previous"": 0.27347912121365875, ""side"": ""D"", ""sporttery_odds"": 3.4}]",16045.588798,right_censored
2858,UsxpFQlm,2041785,geo=mx|serial=2609081259,2026-09-29T14:16:27.095176+00:00,2026-09-29T14:17:34.411202+00:00,67.316026,3364,0.159097,31,>20,one_step_reversion,"[3.1, 3.22, 2.31]","[3.09, 3.22, 2.32]","[3.15, 2.92, 2.13]","[3.15, 2.92, 2.13]",2026-09-29T20:57:13+08:00,2026-09-29T14:17:34.570299+00:00,Selling,0,1,-0.04299646183252659,"[{""change_induced_ev_gain"": 0.003822651961755391, ""delta_q"": 0.0012135403053191718, ""proxy_implied_ev"": -0.04299646183252659, ""q_current"": 0.30381064703729316, ""q_previous"": 0.302597106731974, ""side"": ""H"", ""sporttery_odds"": 3.15}, {""change_induced_ev_gain"": 0.000656427313745278, ""delta_q"": 0.0002248038745703007, ""proxy_implied_ev"": -0.14868860059376143, ""q_current"": 0.29154499979665705, ""q_previous"": 0.29132019592208674, ""side"": ""D"", ""sporttery_odds"": 2.92}]",16045.588798,right_censored
2860,KxQwPbIi,2041781,geo=mx|serial=2609081259,2026-09-29T14:16:27.095176+00:00,2026-09-29T14:17:34.411202+00:00,67.316026,3364,0.159097,31,>20,one_step_reversion,"[4.33, 3.44, 1.86]","[4.34, 3.44, 1.86]","[4.16, 3.25, 1.72]","[4.16, 3.25, 1.72]",2026-09-29T19:45:13+08:00,2026-09-29T14:17:34.570299+00:00,Selling,1,1,-0.10765499789118493,"[{""change_induced_ev_gain"": 0.0004482753118925237, ""delta_q"": 0.0001379308651976996, ""proxy_implied_ev"": -0.10765499789118493, ""q_current"": 0.2745676929565585, ""q_previous"": 0.2744297620913608, ""side"": ""D"", ""sporttery_odds"": 3.25}, {""change_induced_ev_gain"": 0.00043876846408697824, ""delta_q"": 0.00025509794423661525, ""proxy_implied_ev"": -0.12657950231969628, ""q_current"": 0.5078026149304091, ""q_previous"": 0.5075475169861725, ""side"": ""A"", ""sporttery_odds"": 1.72}]",16045.588798,right_censored
2861,xb24bvhD,2041784,geo=mx|serial=2609081259,2026-09-29T14:16:27.095176+00:00,2026-09-29T14:17:34.411202+00:00,67.316026,3364,0.159097,31,>20,one_step_reversion,"[1.24, 5.76, 11.88]","[1.24, 5.81, 11.77]","[1.15, 5.5, 13.0]","[1.15, 5.5, 13.0]",2026-09-29T21:28:03+08:00,2026-09-29T14:17:34.570299+00:00,Selling,0,1,0.038525041887098155,"[{""change_induced_ev_gain"": 0.0005796229155032917, ""delta_q"": 0.0005040199265246015, ""proxy_implied_ev"": -0.12798041535590465, ""q_current"": 0.7582778996905177, ""q_previous"": 0.7577738797639931, ""side"": ""H"", ""sporttery_odds"": 1.15}, {""change_induced_ev_gain"": 0.010299878436293083, ""delta_q"": 0.0007922983412533141, ""proxy_implied_ev"": 0.038525041887098155, ""q_current"": 0.07988654168362294, ""q_previous"": 0.07909424334236963, ""side"": ""A"", ""sporttery_odds"": 13.0}]",16045.588798,right_censored
2862,hOq1JfnT,2041783,geo=mx|serial=2609081259,2026-09-29T14:16:27.095176+00:00,2026-09-29T14:17:34.411202+00:00,67.316026,3364,0.159097,31,>20,one_step_reversion,"[1.62, 3.59, 6.17]","[1.62, 3.59, 6.16]","[1.44, 3.62, 6.3]","[1.44, 3.62, 6.3]",2026-09-29T19:44:45+08:00,2026-09-29T14:17:34.570299+00:00,Selling,0,1,-0.033497232876278815,"[{""change_induced_ev_gain"": 0.0013264700859328736, ""delta_q"": 0.00021055080729093234, ""proxy_implied_ev"": -0.033497232876278815, ""q_current"": 0.15341313763868591, ""q_previous"": 0.15320258683139498, ""side"": ""A"", ""sporttery_odds"": 6.3}]",16045.588798,right_censored
2863,2T1rwtCi,2041786,geo=mx|serial=2609081259,2026-09-29T14:16:27.095176+00:00,2026-09-29T14:17:34.411202+00:00,67.316026,3364,0.159097,31,>20,one_step_reversion,"[1.21, 6.92, 12.11]","[1.21, 6.91, 12.11]","[1.11, 6.6, 13.0]","[1.11, 6.6, 13.0]",2026-09-29T20:55:42+08:00,2026-09-29T14:17:34.570299+00:00,Selling,0,1,-0.0935742584186785,"[{""change_induced_ev_gain"": 0.0011301950226170808, ""delta_q"": 0.0001712416700934971, ""proxy_implied_ev"": -0.0935742584186785, ""q_current"": 0.13733723357292751, ""q_previous"": 0.13716599190283402, ""side"": ""D"", ""sporttery_odds"": 6.6}]",16045.588798,right_censored
2888,hSJlvG55,2041787,geo=mx|serial=2609081259,2026-09-29T14:17:34.411202+00:00,2026-09-29T14:18:42.057175+00:00,67.645973,3367,0.139964,31,>20,one_step_reversion,"[1.76, 3.44, 4.91]","[1.76, 3.44, 4.9]","[1.55, 3.4, 5.25]","[1.55, 3.4, 5.25]",2026-09-29T12:54:07+08:00,2026-09-29T14:18:42.197139+00:00,Selling,0,1,0.007965903901770544,"[{""change_induced_ev_gain"": 0.0016593922385233426, ""delta_q"": 0.0003160747120996843, ""proxy_implied_ev"": 0.007965903901770544, ""q_current"": 0.19199350550509917, ""q_previous"": 0.19167743079299948, ""side"": ""A"", ""sporttery_odds"": 5.25}]",15977.942825,right_censored
2889,UsxpFQlm,2041785,geo=mx|serial=2609081259,2026-09-29T14:17:34.411202+00:00,2026-09-29T14:18:42.057175+00:00,67.645973,3367,0.139964,31,>20,one_step_reversion,"[3.09, 3.22, 2.32]","[3.1, 3.22, 2.31]","[3.15, 2.92, 2.13]","[3.15, 2.92, 2.13]",2026-09-29T20:57:13+08:00,2026-09-29T14:18:42.197139+00:00,Selling,0,1,-0.1350438546531496,"[{""change_induced_ev_gain"": 0.0030636731031641034, ""delta_q"": 0.0014383441798892505, ""proxy_implied_ev"": -0.1350438546531496, ""q_current"": 0.40608269734593916, ""q_previous"": 0.4046443531660499, ""side"": ""A"", ""sporttery_odds"": 2.13}]",15977.942825,right_censored
2891,KxQwPbIi,2041781,geo=mx|serial=2609081259,2026-09-29T14:17:34.411202+00:00,2026-09-29T14:18:42.057175+00:00,67.645973,3367,0.139964,31,>20,one_step_reversion,"[4.34, 3.44, 1.86]","[4.33, 3.44, 1.86]","[4.16, 3.25, 1.72]","[4.16, 3.25, 1.72]",2026-09-29T19:45:13+08:00,2026-09-29T14:18:42.197139+00:00,Selling,1,1,-0.09302548096253827,"[{""change_induced_ev_gain"": 0.0016349998472465189, ""delta_q"": 0.00039302880943425933, ""proxy_implied_ev"": -0.09302548096253827, ""q_current"": 0.21802272092246675, ""q_previous"": 0.21762969211303249, ""side"": ""H"", ""sporttery_odds"": 4.16}]",15977.942825,right_censored
2892,xb24bvhD,2041784,geo=mx|serial=2609081259,2026-09-29T14:17:34.411202+00:00,2026-09-29T14:18:42.057175+00:00,67.645973,3367,0.139964,31,>20,one_step_reversion,"[1.24, 5.81, 11.77]","[1.24, 5.76, 11.88]","[1.15, 5.5, 13.0]","[1.15, 5.5, 13.0]",2026-09-29T21:28:03+08:00,2026-09-29T14:18:42.197139+00:00,Selling,0,1,-0.10277467708499444,"[{""change_induced_ev_gain"": 0.007129750472779833, ""delta_q"": 0.0012963182677781515, ""proxy_implied_ev"": -0.10277467708499444, ""q_current"": 0.16313187689363737, ""q_previous"": 0.16183555862585922, ""side"": ""D"", ""sporttery_odds"": 5.5}]",15977.942825,right_censored
2893,hOq1JfnT,2041783,geo=mx|serial=2609081259,2026-09-29T14:17:34.411202+00:00,2026-09-29T14:18:42.057175+00:00,67.645973,3367,0.139964,31,>20,one_step_reversion,"[1.62, 3.59, 6.16]","[1.62, 3.59, 6.17]","[1.44, 3.62, 6.3]","[1.44, 3.62, 6.3]",2026-09-29T19:44:45+08:00,2026-09-29T14:18:42.197139+00:00,Selling,0,1,-0.046840930943192305,"[{""change_induced_ev_gain"": 0.00020891812924599406, ""delta_q"": 0.000145082034198607, ""proxy_implied_ev"": -0.1597689237780383, ""q_current"": 0.5834938029319179, ""q_previous"": 0.5833487208977193, ""side"": ""H"", ""sporttery_odds"": 1.44}, {""change_induced_ev_gain"": 0.00023699695859441872, ""delta_q"": 6.546877309238086e-05, ""proxy_implied_ev"": -0.046840930943192305, ""q_current"": 0.2633036102366872, ""q_previous"": 0.2632381414635948, ""side"": ""D"", ""sporttery_odds"": 3.62}]",15977.942825,right_censored
2894,2T1rwtCi,2041786,geo=mx|serial=2609081259,2026-09-29T14:17:34.411202+00:00,2026-09-29T14:18:42.057175+00:00,67.645973,3367,0.139964,31,>20,one_step_reversion,"[1.21, 6.91, 12.11]","[1.21, 6.92, 12.11]","[1.11, 6.6, 13.0]","[1.11, 6.6, 13.0]",2026-09-29T20:55:42+08:00,2026-09-29T14:18:42.197139+00:00,Selling,0,1,0.0189473684210526,"[{""change_induced_ev_gain"": 0.00017281138540272358, ""delta_q"": 0.00015568593279524645, ""proxy_implied_ev"": -0.12925668016194314, ""q_current"": 0.7844534412955466, ""q_previous"": 0.7842977553627514, ""side"": ""H"", ""sporttery_odds"": 1.11}, {""change_induced_ev_gain"": 0.0002022245848776194, ""delta_q"": 1.5555737298278416e-05, ""proxy_implied_ev"": 0.0189473684210526, ""q_current"": 0.07838056680161944, ""q_previous"": 0.07836501106432116, ""side"": ""A"", ""sporttery_odds"": 13.0}]",15977.942825,right_censored
2919,hSJlvG55,2041787,geo=mx|serial=2609081259,2026-09-29T14:18:42.057175+00:00,2026-09-29T14:19:25.149950+00:00,43.092775,3370,0.137415,31,>20,persists_next_observation,"[1.76, 3.44, 4.9]","[1.76, 3.44, 4.91]","[1.55, 3.4, 5.25]","[1.55, 3.4, 5.25]",2026-09-29T12:54:07+08:00,2026-09-29T14:19:25.287365+00:00,Selling,0,1,-0.06980725882025185,"[{""change_induced_ev_gain"": 0.0003240981470990445, ""delta_q"": 0.0002090955787735771, ""proxy_implied_ev"": -0.17115847326697564, ""q_current"": 0.5347364688600157, ""q_previous"": 0.5345273732812421, ""side"": ""H"", ""sporttery_odds"": 1.55}, {""change_induced_ev_gain"": 0.00036372905330848135, ""delta_q"": 0.00010697913332602393, ""proxy_implied_ev"": -0.06980725882025185, ""q_current"": 0.2735861003469848, ""q_previous"": 0.27347912121365875, ""side"": ""D"", ""sporttery_odds"": 3.4}]",15934.85005,right_censored
2920,UsxpFQlm,2041785,geo=mx|serial=2609081259,2026-09-29T14:18:42.057175+00:00,2026-09-29T14:19:25.149950+00:00,43.092775,3370,0.137415,31,>20,persists_next_observation,"[3.1, 3.22, 2.31]","[3.09, 3.22, 2.32]","[3.15, 2.92, 2.13]","[3.15, 2.92, 2.13]",2026-09-29T20:57:13+08:00,2026-09-29T14:19:25.287365+00:00,Selling,0,1,-0.04299646183252659,"[{""change_induced_ev_gain"": 0.003822651961755391, ""delta_q"": 0.0012135403053191718, ""proxy_implied_ev"": -0.04299646183252659, ""q_current"": 0.30381064703729316, ""q_previous"": 0.302597106731974, ""side"": ""H"", ""sporttery_odds"": 3.15}, {""change_induced_ev_gain"": 0.000656427313745278, ""delta_q"": 0.0002248038745703007, ""proxy_implied_ev"": -0.14868860059376143, ""q_current"": 0.29154499979665705, ""q_previous"": 0.29132019592208674, ""side"": ""D"", ""sporttery_odds"": 2.92}]",15934.85005,right_censored
2922,KxQwPbIi,2041781,geo=mx|serial=2609081259,2026-09-29T14:18:42.057175+00:00,2026-09-29T14:19:25.149950+00:00,43.092775,3370,0.137415,31,>20,persists_next_observation,"[4.33, 3.44, 1.86]","[4.34, 3.44, 1.86]","[4.16, 3.25, 1.72]","[4.16, 3.25, 1.72]",2026-09-29T19:45:13+08:00,2026-09-29T14:19:25.287365+00:00,Selling,1,1,-0.10765499789118493,"[{""change_induced_ev_gain"": 0.0004482753118925237, ""delta_q"": 0.0001379308651976996, ""proxy_implied_ev"": -0.10765499789118493, ""q_current"": 0.2745676929565585, ""q_previous"": 0.2744297620913608, ""side"": ""D"", ""sporttery_odds"": 3.25}, {""change_induced_ev_gain"": 0.00043876846408697824, ""delta_q"": 0.00025509794423661525, ""proxy_implied_ev"": -0.12657950231969628, ""q_current"": 0.5078026149304091, ""q_previous"": 0.5075475169861725, ""side"": ""A"", ""sporttery_odds"": 1.72}]",15934.85005,right_censored
2923,xb24bvhD,2041784,geo=mx|serial=2609081259,2026-09-29T14:18:42.057175+00:00,2026-09-29T14:19:25.149950+00:00,43.092775,3370,0.137415,31,>20,persists_next_observation,"[1.24, 5.76, 11.88]","[1.24, 5.81, 11.77]","[1.15, 5.5, 13.0]","[1.15, 5.5, 13.0]",2026-09-29T21:28:03+08:00,2026-09-29T14:19:25.287365+00:00,Selling,0,1,0.038525041887098155,"[{""change_induced_ev_gain"": 0.0005796229155032917, ""delta_q"": 0.0005040199265246015, ""proxy_implied_ev"": -0.12798041535590465, ""q_current"": 0.7582778996905177, ""q_previous"": 0.7577738797639931, ""side"": ""H"", ""sporttery_odds"": 1.15}, {""change_induced_ev_gain"": 0.010299878436293083, ""delta_q"": 0.0007922983412533141, ""proxy_implied_ev"": 0.038525041887098155, ""q_current"": 0.07988654168362294, ""q_previous"": 0.07909424334236963, ""side"": ""A"", ""sporttery_odds"": 13.0}]",15934.85005,right_censored
2924,hOq1JfnT,2041783,geo=mx|serial=2609081259,2026-09-29T14:18:42.057175+00:00,2026-09-29T14:19:25.149950+00:00,43.092775,3370,0.137415,31,>20,persists_next_observation,"[1.62, 3.59, 6.17]","[1.62, 3.59, 6.16]","[1.44, 3.62, 6.3]","[1.44, 3.62, 6.3]",2026-09-29T19:44:45+08:00,2026-09-29T14:19:25.287365+00:00,Selling,0,1,-0.033497232876278815,"[{""change_induced_ev_gain"": 0.0013264700859328736, ""delta_q"": 0.00021055080729093234, ""proxy_implied_ev"": -0.033497232876278815, ""q_current"": 0.15341313763868591, ""q_previous"": 0.15320258683139498, ""side"": ""A"", ""sporttery_odds"": 6.3}]",15934.85005,right_censored
2925,2T1rwtCi,2041786,geo=mx|serial=2609081259,2026-09-29T14:18:42.057175+00:00,2026-09-29T14:19:25.149950+00:00,43.092775,3370,0.137415,31,>20,persists_next_observation,"[1.21, 6.92, 12.11]","[1.21, 6.91, 12.11]","[1.11, 6.6, 13.0]","[1.11, 6.6, 13.0]",2026-09-29T20:55:42+08:00,2026-09-29T14:19:25.287365+00:00,Selling,0,1,-0.0935742584186785,"[{""change_induced_ev_gain"": 0.0011301950226170808, ""delta_q"": 0.0001712416700934971, ""proxy_implied_ev"": -0.0935742584186785, ""q_current"": 0.13733723357292751, ""q_previous"": 0.13716599190283402, ""side"": ""D"", ""sporttery_odds"": 6.6}]",15934.85005,right_censored
2953,hSJlvG55,2041787,geo=mx|serial=2608290548,2026-09-29T13:28:33.962749+00:00,2026-09-29T14:25:29.000954+00:00,3415.038205,3383,0.250009,56,>20,persists_next_observation,"[1.76, 3.44, 4.89]","[1.76, 3.43, 4.91]","[1.55, 3.4, 5.25]","[1.55, 3.4, 5.25]",2026-09-29T12:54:07+08:00,2026-09-29T14:25:29.250963+00:00,Selling,0,1,-0.06783884364381643,"[{""change_induced_ev_gain"": 0.0026970748376208163, ""delta_q"": 0.0007932573051825931, ""proxy_implied_ev"": -0.06783884364381643, ""q_current"": 0.27416504598711283, ""q_previous"": 0.27337178868193024, ""side"": ""D"", ""sporttery_odds"": 3.4}]",15570.999046,right_censored
2954,AeCCmlWQ,2041782,geo=mx|serial=2608290548,2026-09-29T13:28:33.962749+00:00,2026-09-29T14:25:29.000954+00:00,3415.038205,3383,0.250009,56,>20,persists_next_observation,"[9.51, 5.48, 1.3]","[9.7, 5.47, 1.3]","[9.45, 5.45, 1.19]","[9.45, 5.45, 1.19]",2026-09-29T13:07:34+08:00,2026-09-29T14:25:29.250963+00:00,Selling,0,1,-0.05572272602363271,"[{""change_induced_ev_gain"": 0.003262522950554954, ""delta_q"": 0.0005986280643220099, ""proxy_implied_ev"": -0.05572272602363271, ""q_current"": 0.1732618851332784, ""q_previous"": 0.17266325706895638, ""side"": ""D"", ""sporttery_odds"": 5.45}, {""change_induced_ev_gain"": 0.0014168899230542797, ""delta_q"": 0.0011906638008859494, ""proxy_implied_ev"": -0.1324510854630393, ""q_current"": 0.7290327012915636, ""q_previous"": 0.7278420374906777, ""side"": ""A"", ""sporttery_odds"": 1.19}]",15570.999046,right_censored
2955,UsxpFQlm,2041785,geo=mx|serial=2608290548,2026-09-29T13:28:33.962749+00:00,2026-09-29T14:25:29.000954+00:00,3415.038205,3383,0.250009,56,>20,persists_next_observation,"[3.39, 3.28, 2.16]","[3.1, 3.23, 2.32]","[3.15, 2.92, 2.13]","[3.15, 2.92, 2.13]",2026-09-29T20:57:13+08:00,2026-09-29T14:25:29.250963+00:00,Selling,0,1,-0.04428429141732737,"[{""change_induced_ev_gain"": 0.08143966495724951, ""delta_q"": 0.025853861891190322, ""proxy_implied_ev"": -0.04428429141732737, ""q_current"": 0.3034018122484675, ""q_previous"": 0.2775479503572772, ""side"": ""H"", ""sporttery_odds"": 3.15}, {""change_induced_ev_gain"": 0.012657128100958188, ""delta_q"": 0.004334632911287051, ""proxy_implied_ev"": -0.14972346610739062, ""q_current"": 0.2911905937988388, ""q_previous"": 0.2868559608875518, ""side"": ""D"", ""sporttery_odds"": 2.92}]",15570.999046,right_censored
2957,KxQwPbIi,2041781,geo=mx|serial=2608290548,2026-09-29T13:28:33.962749+00:00,2026-09-29T14:25:29.000954+00:00,3415.038205,3383,0.250009,56,>20,persists_next_observation,"[4.26, 3.43, 1.87]","[4.36, 3.44, 1.86]","[4.16, 3.25, 1.72]","[4.16, 3.25, 1.72]",2026-09-29T19:45:13+08:00,2026-09-29T14:25:29.250963+00:00,Selling,1,1,-0.10676327847517808,"[{""change_induced_ev_gain"": 0.00022966098074261865, ""delta_q"": 7.066491715157497e-05, ""proxy_implied_ev"": -0.10676327847517808, ""q_current"": 0.27484206816148365, ""q_previous"": 0.2747714032443321, ""side"": ""D"", ""sporttery_odds"": 3.25}, {""change_induced_ev_gain"": 0.007426262768018832, ""delta_q"": 0.004317594632569088, ""proxy_implied_ev"": -0.12570669414093216, ""q_current"": 0.5083100615459697, ""q_previous"": 0.5039924669134006, ""side"": ""A"", ""sporttery_odds"": 1.72}]",15570.999046,right_censored
2959,hOq1JfnT,2041783,geo=mx|serial=2608290548,2026-09-29T13:28:33.962749+00:00,2026-09-29T14:25:29.000954+00:00,3415.038205,3383,0.250009,56,>20,persists_next_observation,"[1.63, 3.57, 6.06]","[1.61, 3.6, 6.35]","[1.44, 3.62, 6.3]","[1.44, 3.62, 6.3]",2026-09-29T19:44:45+08:00,2026-09-29T14:25:29.250963+00:00,Selling,0,1,-0.15332244499029057,"[{""change_induced_ev_gain"": 0.012165633314393727, ""delta_q"": 0.008448356468328977, ""proxy_implied_ev"": -0.15332244499029057, ""q_current"": 0.5879705243122982, ""q_previous"": 0.5795221678439693, ""side"": ""H"", ""sporttery_odds"": 1.44}]",15570.999046,right_censored
2960,2T1rwtCi,2041786,geo=mx|serial=2608290548,2026-09-29T13:28:33.962749+00:00,2026-09-29T14:25:29.000954+00:00,3415.038205,3383,0.250009,56,>20,persists_next_observation,"[1.22, 6.8, 11.9]","[1.21, 6.89, 12.23]","[1.11, 6.6, 13.0]","[1.11, 6.6, 13.0]",2026-09-29T20:55:42+08:00,2026-09-29T14:25:29.250963+00:00,Selling,0,1,-0.1291070382747096,"[{""change_induced_ev_gain"": 0.005012922393923609, ""delta_q"": 0.00451614630083208, ""proxy_implied_ev"": -0.1291070382747096, ""q_current"": 0.7845882538065678, ""q_previous"": 0.7800721075057357, ""side"": ""H"", ""sporttery_odds"": 1.11}]",15570.999046,right_censored
3010,hSJlvG55,2041787,geo=mx|serial=2609081259,2026-09-29T14:29:01.490939+00:00,2026-09-29T14:29:52.099218+00:00,50.608279,3392,0.184652,56,>20,persists_next_observation,"[1.76, 3.44, 4.91]","[1.75, 3.44, 4.94]","[1.55, 3.4, 5.25]","[1.55, 3.4, 5.25]",2026-09-29T12:54:07+08:00,2026-09-29T14:29:52.283870+00:00,Selling,0,1,-0.16799605794318118,"[{""change_induced_ev_gain"": 0.003162415323794432, ""delta_q"": 0.0020402679508351174, ""proxy_implied_ev"": -0.16799605794318118, ""q_current"": 0.5367767368108508, ""q_previous"": 0.5347364688600157, ""side"": ""H"", ""sporttery_odds"": 1.55}]",15307.900782,right_censored
3011,AeCCmlWQ,2041782,geo=mx|serial=2609081259,2026-09-29T14:29:01.490939+00:00,2026-09-29T14:29:52.099218+00:00,50.608279,3392,0.184652,56,>20,persists_next_observation,"[9.61, 5.44, 1.3]","[9.73, 5.51, 1.3]","[9.45, 5.45, 1.19]","[9.45, 5.45, 1.19]",2026-09-29T13:07:34+08:00,2026-09-29T14:29:52.283870+00:00,Selling,0,1,-0.1310964217568299,"[{""change_induced_ev_gain"": 0.002974404512528135, ""delta_q"": 0.002499499590359777, ""proxy_implied_ev"": -0.1310964217568299, ""q_current"": 0.7301710741539245, ""q_previous"": 0.7276715745635647, ""side"": ""A"", ""sporttery_odds"": 1.19}]",15307.900782,right_censored
3012,UsxpFQlm,2041785,geo=mx|serial=2609081259,2026-09-29T14:29:01.490939+00:00,2026-09-29T14:29:52.099218+00:00,50.608279,3392,0.184652,56,>20,persists_next_observation,"[3.09, 3.22, 2.32]","[3.09, 3.24, 2.32]","[3.15, 2.92, 2.13]","[3.15, 2.92, 2.13]",2026-09-29T20:57:13+08:00,2026-09-29T14:29:52.283870+00:00,Selling,0,1,-0.04127107526359253,"[{""change_induced_ev_gain"": 0.001725386568933998, ""delta_q"": 0.000547741767915555, ""proxy_implied_ev"": -0.04127107526359253, ""q_current"": 0.3043583888052087, ""q_previous"": 0.30381064703729316, ""side"": ""H"", ""sporttery_odds"": 3.15}, {""change_induced_ev_gain"": 0.0015539103421938526, ""delta_q"": 0.0007295353719219966, ""proxy_implied_ev"": -0.13655361741411987, ""q_current"": 0.4053738885379719, ""q_previous"": 0.4046443531660499, ""side"": ""A"", ""sporttery_odds"": 2.13}]",15307.900782,right_censored
3014,KxQwPbIi,2041781,geo=mx|serial=2609081259,2026-09-29T14:29:01.490939+00:00,2026-09-29T14:29:52.099218+00:00,50.608279,3392,0.184652,56,>20,persists_next_observation,"[4.34, 3.44, 1.86]","[4.38, 3.44, 1.85]","[4.16, 3.25, 1.72]","[4.16, 3.25, 1.72]",2026-09-29T19:45:13+08:00,2026-09-29T14:29:52.283870+00:00,Selling,1,1,-0.12252290564836699,"[{""change_induced_ev_gain"": 0.004056596671329285, ""delta_q"": 0.0023584864368193514, ""proxy_implied_ev"": -0.12252290564836699, ""q_current"": 0.5101611013672285, ""q_previous"": 0.5078026149304091, ""side"": ""A"", ""sporttery_odds"": 1.72}]",15307.900782,right_censored
3015,xb24bvhD,2041784,geo=mx|serial=2609081259,2026-09-29T14:29:01.490939+00:00,2026-09-29T14:29:52.099218+00:00,50.608279,3392,0.184652,56,>20,persists_next_observation,"[1.24, 5.81, 11.77]","[1.24, 5.83, 11.81]","[1.15, 5.5, 13.0]","[1.15, 5.5, 13.0]",2026-09-29T21:28:03+08:00,2026-09-29T14:29:52.283870+00:00,Selling,0,1,-0.12725974611439506,"[{""change_induced_ev_gain"": 0.0007206692415096249, ""delta_q"": 0.0006266689056605435, ""proxy_implied_ev"": -0.12725974611439506, ""q_current"": 0.7589045685961783, ""q_previous"": 0.7582778996905177, ""side"": ""H"", ""sporttery_odds"": 1.15}]",15307.900782,right_censored
3016,hOq1JfnT,2041783,geo=mx|serial=2609081259,2026-09-29T14:29:01.490939+00:00,2026-09-29T14:29:52.099218+00:00,50.608279,3392,0.184652,56,>20,persists_next_observation,"[1.62, 3.59, 6.16]","[1.6, 3.61, 6.39]","[1.44, 3.62, 6.3]","[1.44, 3.62, 6.3]",2026-09-29T19:44:45+08:00,2026-09-29T14:29:52.283870+00:00,Selling,0,1,-0.1497424740003942,"[{""change_induced_ev_gain"": 0.010235367906890058, ""delta_q"": 0.007107894379784763, ""proxy_implied_ev"": -0.1497424740003942, ""q_current"": 0.590456615277504, ""q_previous"": 0.5833487208977193, ""side"": ""H"", ""sporttery_odds"": 1.44}]",15307.900782,right_censored
3017,2T1rwtCi,2041786,geo=mx|serial=2609081259,2026-09-29T14:29:01.490939+00:00,2026-09-29T14:29:52.099218+00:00,50.608279,3392,0.184652,56,>20,persists_next_observation,"[1.21, 6.91, 12.11]","[1.21, 6.9, 12.2]","[1.11, 6.6, 13.0]","[1.11, 6.6, 13.0]",2026-09-29T20:55:42+08:00,2026-09-29T14:29:52.283870+00:00,Selling,0,1,-0.09191637695612864,"[{""change_induced_ev_gain"": 0.00033012626973647375, ""delta_q"": 0.000297411053816643, ""proxy_implied_ev"": -0.12909936527760946, ""q_current"": 0.784595166416568, ""q_previous"": 0.7842977553627514, ""side"": ""H"", ""sporttery_odds"": 1.11}, {""change_induced_ev_gain"": 0.001657881462549815, ""delta_q"": 0.0002511941609923962, ""proxy_implied_ev"": -0.09191637695612864, ""q_current"": 0.1375884277339199, ""q_previous"": 0.13733723357292751, ""side"": ""D"", ""sporttery_odds"": 6.6}]",15307.900782,right_censored
3070,hSJlvG55,2041787,geo=mx|serial=2608290548,2026-09-29T15:17:45.011927+00:00,2026-09-29T15:30:36.714126+00:00,771.702199,3511,0.175154,59,>20,persists_next_observation,"[1.76, 3.43, 4.91]","[1.75, 3.44, 4.99]","[1.55, 3.4, 5.25]","[1.55, 3.4, 5.25]",2026-09-29T12:54:07+08:00,2026-09-29T15:30:36.889280+00:00,Selling,0,1,-0.16640777489888192,"[{""change_induced_ev_gain"": 0.005411277947433036, ""delta_q"": 0.0034911470628600227, ""proxy_implied_ev"": -0.16640777489888192, ""q_current"": 0.5378014355491084, ""q_previous"": 0.5343102884862484, ""side"": ""H"", ""sporttery_odds"": 1.55}]",11663.285874,right_censored
3071,AeCCmlWQ,2041782,geo=mx|serial=2608290548,2026-09-29T15:17:45.011927+00:00,2026-09-29T15:30:36.714126+00:00,771.702199,3511,0.175154,59,>20,persists_next_observation,"[9.7, 5.47, 1.3]","[10.04, 5.67, 1.28]","[9.45, 5.45, 1.19]","[9.45, 5.45, 1.19]",2026-09-29T13:07:34+08:00,2026-09-29T15:30:36.889280+00:00,Selling,0,1,-0.12062874826703485,"[{""change_induced_ev_gain"": 0.011822337196004463, ""delta_q"": 0.00993473713949955, ""proxy_implied_ev"": -0.12062874826703485, ""q_current"": 0.7389674384310632, ""q_previous"": 0.7290327012915636, ""side"": ""A"", ""sporttery_odds"": 1.19}]",11663.285874,right_censored
3072,UsxpFQlm,2041785,geo=mx|serial=2608290548,2026-09-29T15:17:45.011927+00:00,2026-09-29T15:30:36.714126+00:00,771.702199,3511,0.175154,59,>20,persists_next_observation,"[3.1, 3.23, 2.32]","[3.08, 3.23, 2.32]","[3.15, 2.92, 2.13]","[3.15, 2.92, 2.13]",2026-09-29T20:57:13+08:00,2026-09-29T15:30:36.889280+00:00,Selling,0,1,-0.03996974084497884,"[{""change_induced_ev_gain"": 0.004314550572348472, ""delta_q"": 0.0013696985943963402, ""proxy_implied_ev"": -0.03996974084497884, ""q_current"": 0.30477151084286386, ""q_previous"": 0.3034018122484675, ""side"": ""H"", ""sporttery_odds"": 3.15}]",11663.285874,right_censored
3074,KxQwPbIi,2041781,geo=mx|serial=2608290548,2026-09-29T15:17:45.011927+00:00,2026-09-29T15:30:36.714126+00:00,771.702199,3511,0.175154,59,>20,persists_next_observation,"[4.36, 3.44, 1.86]","[4.47, 3.44, 1.83]","[4.16, 3.25, 1.72]","[4.16, 3.25, 1.72]",2026-09-29T19:45:13+08:00,2026-09-29T15:30:36.889280+00:00,Selling,1,1,-0.11402896278653785,"[{""change_induced_ev_gain"": 0.011677731354394342, ""delta_q"": 0.006789378694415316, ""proxy_implied_ev"": -0.11402896278653785, ""q_current"": 0.515099440240385, ""q_previous"": 0.5083100615459697, ""side"": ""A"", ""sporttery_odds"": 1.72}]",11663.285874,right_censored
3075,xb24bvhD,2041784,geo=mx|serial=2608290548,2026-09-29T15:17:45.011927+00:00,2026-09-29T15:30:36.714126+00:00,771.702199,3511,0.175154,59,>20,persists_next_observation,"[1.24, 5.83, 11.81]","[1.23, 5.96, 12.41]","[1.15, 5.5, 13.0]","[1.15, 5.5, 13.0]",2026-09-29T21:28:03+08:00,2026-09-29T15:30:36.889280+00:00,Selling,0,1,-0.1191043375687536,"[{""change_induced_ev_gain"": 0.0081554085456415, ""delta_q"": 0.0070916596049056535, ""proxy_implied_ev"": -0.1191043375687536, ""q_current"": 0.7659962282010839, ""q_previous"": 0.7589045685961783, ""side"": ""H"", ""sporttery_odds"": 1.15}]",11663.285874,right_censored
3076,hOq1JfnT,2041783,geo=mx|serial=2608290548,2026-09-29T15:17:45.011927+00:00,2026-09-29T15:30:36.714126+00:00,771.702199,3511,0.175154,59,>20,persists_next_observation,"[1.61, 3.6, 6.35]","[1.6, 3.62, 6.41]","[1.44, 3.62, 6.3]","[1.44, 3.62, 6.3]",2026-09-29T19:44:45+08:00,2026-09-29T15:30:36.889280+00:00,Selling,0,1,-0.14873438941002037,"[{""change_induced_ev_gain"": 0.004588055580270147, ""delta_q"": 0.0031861497085209356, ""proxy_implied_ev"": -0.14873438941002037, ""q_current"": 0.5911566740208192, ""q_previous"": 0.5879705243122982, ""side"": ""H"", ""sporttery_odds"": 1.44}]",11663.285874,right_censored
3077,2T1rwtCi,2041786,geo=mx|serial=2608290548,2026-09-29T15:17:45.011927+00:00,2026-09-29T15:30:36.714126+00:00,771.702199,3511,0.175154,59,>20,persists_next_observation,"[1.21, 6.89, 12.23]","[1.2, 7.01, 12.29]","[1.11, 6.6, 13.0]","[1.11, 6.6, 13.0]",2026-09-29T20:55:42+08:00,2026-09-29T15:30:36.889280+00:00,Selling,0,1,-0.12517443961325703,"[{""change_induced_ev_gain"": 0.003932598661452635, ""delta_q"": 0.003542881676984355, ""proxy_implied_ev"": -0.12517443961325703, ""q_current"": 0.7881311354835522, ""q_previous"": 0.7845882538065678, ""side"": ""H"", ""sporttery_odds"": 1.11}]",11663.285874,right_censored
3118,hSJlvG55,2041787,geo=mx|serial=2608290548,2026-09-29T16:20:45.398998+00:00,2026-09-29T16:21:38.843094+00:00,53.444096,3612,0.230382,58,>20,persists_next_observation,"[1.75, 3.44, 4.99]","[1.74, 3.42, 5.03]","[1.55, 3.4, 5.25]","[1.55, 3.4, 5.25]",2026-09-29T12:54:07+08:00,2026-09-29T16:21:39.073476+00:00,Selling,0,1,-0.0673273657289003,"[{""change_induced_ev_gain"": 0.00212407548561287, ""delta_q"": 0.001370371281040561, ""proxy_implied_ev"": -0.16428369941326904, ""q_current"": 0.539171806830149, ""q_previous"": 0.5378014355491084, ""side"": ""H"", ""sporttery_odds"": 1.55}, {""change_induced_ev_gain"": 0.002463755923077793, ""delta_q"": 0.0007246340950228802, ""proxy_implied_ev"": -0.0673273657289003, ""q_current"": 0.2743154806679705, ""q_previous"": 0.27359084657294763, ""side"": ""D"", ""sporttery_odds"": 3.4}]",8601.156906,right_censored
3119,AeCCmlWQ,2041782,geo=mx|serial=2608290548,2026-09-29T16:20:45.398998+00:00,2026-09-29T16:21:38.843094+00:00,53.444096,3612,0.230382,58,>20,persists_next_observation,"[10.04, 5.67, 1.28]","[10.12, 5.83, 1.27]","[9.45, 5.45, 1.19]","[9.45, 5.45, 1.19]",2026-09-29T13:07:34+08:00,2026-09-29T16:21:39.073476+00:00,Selling,0,1,-0.1141435927329254,"[{""change_induced_ev_gain"": 0.006485155534109513, ""delta_q"": 0.005449710532865137, ""proxy_implied_ev"": -0.1141435927329254, ""q_current"": 0.7444171489639283, ""q_previous"": 0.7389674384310632, ""side"": ""A"", ""sporttery_odds"": 1.19}]",8601.156906,right_censored
3120,UsxpFQlm,2041785,geo=mx|serial=2608290548,2026-09-29T16:20:45.398998+00:00,2026-09-29T16:21:38.843094+00:00,53.444096,3612,0.230382,58,>20,persists_next_observation,"[3.08, 3.23, 2.32]","[3.09, 3.21, 2.32]","[3.15, 2.92, 2.13]","[3.15, 2.92, 2.13]",2026-09-29T20:57:13+08:00,2026-09-29T16:21:39.073476+00:00,Selling,0,1,-0.1468114400303242,"[{""change_induced_ev_gain"": 0.004583897456864527, ""delta_q"": 0.001569827896186482, ""proxy_implied_ev"": -0.1468114400303242, ""q_current"": 0.2921878630033136, ""q_previous"": 0.29061803510712714, ""side"": ""D"", ""sporttery_odds"": 2.92}]",8601.156906,right_censored
3122,KxQwPbIi,2041781,geo=mx|serial=2608290548,2026-09-29T16:20:45.398998+00:00,2026-09-29T16:21:38.843094+00:00,53.444096,3612,0.230382,58,>20,persists_next_observation,"[4.47, 3.44, 1.83]","[4.46, 3.47, 1.83]","[4.16, 3.25, 1.72]","[4.16, 3.25, 1.72]",2026-09-29T19:45:13+08:00,2026-09-29T16:21:39.073476+00:00,Selling,1,1,-0.11234576381964845,"[{""change_induced_ev_gain"": 0.003637334035580482, ""delta_q"": 0.000874359143168385, ""proxy_implied_ev"": -0.1191033776731435, ""q_current"": 0.2117539957516482, ""q_previous"": 0.2108796366084798, ""side"": ""H"", ""sporttery_odds"": 4.16}, {""change_induced_ev_gain"": 0.0016831989668893853, ""delta_q"": 0.0009786040505170845, ""proxy_implied_ev"": -0.11234576381964845, ""q_current"": 0.5160780442909021, ""q_previous"": 0.515099440240385, ""side"": ""A"", ""sporttery_odds"": 1.72}]",8601.156906,right_censored
3123,xb24bvhD,2041784,geo=mx|serial=2608290548,2026-09-29T16:20:45.398998+00:00,2026-09-29T16:21:38.843094+00:00,53.444096,3612,0.230382,58,>20,persists_next_observation,"[1.23, 5.96, 12.41]","[1.21, 6.24, 12.69]","[1.15, 5.5, 13.0]","[1.15, 5.5, 13.0]",2026-09-29T21:28:03+08:00,2026-09-29T16:21:39.073476+00:00,Selling,0,1,-0.10801609154194936,"[{""change_induced_ev_gain"": 0.011088246026804222, ""delta_q"": 0.00964195306678628, ""proxy_implied_ev"": -0.10801609154194936, ""q_current"": 0.7756381812678702, ""q_previous"": 0.7659962282010839, ""side"": ""H"", ""sporttery_odds"": 1.15}]",8601.156906,right_censored
3124,hOq1JfnT,2041783,geo=mx|serial=2608290548,2026-09-29T16:20:45.398998+00:00,2026-09-29T16:21:38.843094+00:00,53.444096,3612,0.230382,58,>20,persists_next_observation,"[1.6, 3.62, 6.41]","[1.59, 3.63, 6.53]","[1.44, 3.62, 6.3]","[1.44, 3.62, 6.3]",2026-09-29T19:44:45+08:00,2026-09-29T16:21:39.073476+00:00,Selling,0,1,-0.1436258947320883,"[{""change_induced_ev_gain"": 0.005108494677932107, ""delta_q"": 0.0035475657485639633, ""proxy_implied_ev"": -0.1436258947320883, ""q_current"": 0.5947042397693831, ""q_previous"": 0.5911566740208192, ""side"": ""H"", ""sporttery_odds"": 1.44}]",8601.156906,right_censored
3125,2T1rwtCi,2041786,geo=mx|serial=2608290548,2026-09-29T16:20:45.398998+00:00,2026-09-29T16:21:38.843094+00:00,53.444096,3612,0.230382,58,>20,persists_next_observation,"[1.2, 7.01, 12.29]","[1.21, 6.86, 12.01]","[1.11, 6.6, 13.0]","[1.11, 6.6, 13.0]",2026-09-29T20:55:42+08:00,2026-09-29T16:21:39.073476+00:00,Selling,0,1,0.02553190276113293,"[{""change_induced_ev_gain"": 0.021083113287842487, ""delta_q"": 0.0031944111042185586, ""proxy_implied_ev"": -0.08847486202888599, ""q_current"": 0.13810986938956274, ""q_previous"": 0.13491545828534418, ""side"": ""D"", ""sporttery_odds"": 6.6}, {""change_induced_ev_gain"": 0.025137621756786813, ""delta_q"": 0.001933663212060524, ""proxy_implied_ev"": 0.02553190276113293, ""q_current"": 0.07888706944316408, ""q_previous"": 0.07695340623110355, ""side"": ""A"", ""sporttery_odds"": 13.0}]",8601.156906,right_censored
3175,hSJlvG55,2041787,geo=mx|serial=2608290548,2026-09-29T16:23:36.863844+00:00,2026-09-29T16:24:49.048334+00:00,72.18449,3619,0.205143,56,>20,persists_next_observation,"[1.74, 3.42, 5.03]","[1.75, 3.44, 4.99]","[1.55, 3.4, 5.25]","[1.55, 3.4, 5.25]",2026-09-29T12:54:07+08:00,2026-09-29T16:24:49.253477+00:00,Selling,0,1,-0.009809481140794829,"[{""change_induced_ev_gain"": 0.010998778224332338, ""delta_q"": 0.0020950053760633025, ""proxy_implied_ev"": -0.009809481140794829, ""q_current"": 0.18860771787794384, ""q_previous"": 0.18651271250188053, ""side"": ""A"", ""sporttery_odds"": 5.25}]",8410.951666,right_censored
3176,AeCCmlWQ,2041782,geo=mx|serial=2608290548,2026-09-29T16:23:36.863844+00:00,2026-09-29T16:24:49.048334+00:00,72.18449,3619,0.205143,56,>20,persists_next_observation,"[10.12, 5.83, 1.27]","[10.04, 5.67, 1.28]","[9.45, 5.45, 1.19]","[9.45, 5.45, 1.19]",2026-09-29T13:07:34+08:00,2026-09-29T16:24:49.253477+00:00,Selling,0,1,-0.09082242495677317,"[{""change_induced_ev_gain"": 0.007475417887888795, ""delta_q"": 0.0007910495119459043, ""proxy_implied_ev"": -0.10970616182648008, ""q_current"": 0.09421098816651005, ""q_previous"": 0.09341993865456415, ""side"": ""H"", ""sporttery_odds"": 9.45}, {""change_induced_ev_gain"": 0.025389702564010654, ""delta_q"": 0.004658661020919386, ""proxy_implied_ev"": -0.09082242495677317, ""q_current"": 0.16682157340242693, ""q_previous"": 0.16216291238150754, ""side"": ""D"", ""sporttery_odds"": 5.45}]",8410.951666,right_censored
3177,UsxpFQlm,2041785,geo=mx|serial=2608290548,2026-09-29T16:23:36.863844+00:00,2026-09-29T16:24:49.048334+00:00,72.18449,3619,0.205143,56,>20,persists_next_observation,"[3.09, 3.21, 2.32]","[3.08, 3.23, 2.32]","[3.15, 2.92, 2.13]","[3.15, 2.92, 2.13]",2026-09-29T20:57:13+08:00,2026-09-29T16:24:49.253477+00:00,Selling,0,1,-0.03996974084497884,"[{""change_induced_ev_gain"": 0.003895121045634078, ""delta_q"": 0.0012365463636933582, ""proxy_implied_ev"": -0.03996974084497884, ""q_current"": 0.30477151084286386, ""q_previous"": 0.3035349644791705, ""side"": ""H"", ""sporttery_odds"": 3.15}, {""change_induced_ev_gain"": 0.0007098896642102353, ""delta_q"": 0.00033328153249306824, ""proxy_implied_ev"": -0.13817973287348095, ""q_current"": 0.40461045405000895, ""q_previous"": 0.4042771725175159, ""side"": ""A"", ""sporttery_odds"": 2.13}]",8410.951666,right_censored
3179,KxQwPbIi,2041781,geo=mx|serial=2608290548,2026-09-29T16:23:36.863844+00:00,2026-09-29T16:24:49.048334+00:00,72.18449,3619,0.205143,56,>20,persists_next_observation,"[4.46, 3.47, 1.83]","[4.47, 3.44, 1.83]","[4.16, 3.25, 1.72]","[4.16, 3.25, 1.72]",2026-09-29T19:45:13+08:00,2026-09-29T16:24:49.253477+00:00,Selling,1,1,-0.10943199975881102,"[{""change_induced_ev_gain"": 0.006022130379477145, ""delta_q"": 0.0018529631936852753, ""proxy_implied_ev"": -0.10943199975881102, ""q_current"": 0.2740209231511351, ""q_previous"": 0.2721679599574498, ""side"": ""D"", ""sporttery_odds"": 3.25}]",8410.951666,right_censored
3180,xb24bvhD,2041784,geo=mx|serial=2608290548,2026-09-29T16:23:36.863844+00:00,2026-09-29T16:24:49.048334+00:00,72.18449,3619,0.205143,56,>20,persists_next_observation,"[1.21, 6.24, 12.69]","[1.23, 5.96, 12.41]","[1.15, 5.5, 13.0]","[1.15, 5.5, 13.0]",2026-09-29T21:28:03+08:00,2026-09-29T16:24:49.253477+00:00,Selling,0,1,-0.013031451334783783,"[{""change_induced_ev_gain"": 0.04223403578925565, ""delta_q"": 0.007678915598046482, ""proxy_implied_ev"": -0.13054287184893743, ""q_current"": 0.15808311420928411, ""q_previous"": 0.15040419861123763, ""side"": ""D"", ""sporttery_odds"": 5.5}, {""change_induced_ev_gain"": 0.02551948709361665, ""delta_q"": 0.0019630374687397423, ""proxy_implied_ev"": -0.013031451334783783, ""q_current"": 0.07592065758963201, ""q_previous"": 0.07395762012089227, ""side"": ""A"", ""sporttery_odds"": 13.0}]",8410.951666,right_censored
3181,hOq1JfnT,2041783,geo=mx|serial=2608290548,2026-09-29T16:23:36.863844+00:00,2026-09-29T16:24:49.048334+00:00,72.18449,3619,0.205143,56,>20,persists_next_observation,"[1.59, 3.63, 6.53]","[1.6, 3.62, 6.41]","[1.44, 3.62, 6.3]","[1.44, 3.62, 6.3]",2026-09-29T19:44:45+08:00,2026-09-29T16:24:49.253477+00:00,Selling,0,1,-0.05414932156668928,"[{""change_induced_ev_gain"": 0.0028758400684027853, ""delta_q"": 0.0007944309581223163, ""proxy_implied_ev"": -0.05414932156668928, ""q_current"": 0.2612847177992571, ""q_previous"": 0.2604902868411348, ""side"": ""D"", ""sporttery_odds"": 3.62}, {""change_induced_ev_gain"": 0.017344749179780978, ""delta_q"": 0.002753134790441425, ""proxy_implied_ev"": -0.07038076846648089, ""q_current"": 0.14755860817992367, ""q_previous"": 0.14480547338948224, ""side"": ""A"", ""sporttery_odds"": 6.3}]",8410.951666,right_censored
3182,2T1rwtCi,2041786,geo=mx|serial=2608290548,2026-09-29T16:23:36.863844+00:00,2026-09-29T16:24:49.048334+00:00,72.18449,3619,0.205143,56,>20,persists_next_observation,"[1.21, 6.86, 12.01]","[1.2, 7.01, 12.29]","[1.11, 6.6, 13.0]","[1.11, 6.6, 13.0]",2026-09-29T20:55:42+08:00,2026-09-29T16:24:49.253477+00:00,Selling,0,1,-0.12517443961325703,"[{""change_induced_ev_gain"": 0.005692162491069613, ""delta_q"": 0.00512807431627893, ""proxy_implied_ev"": -0.12517443961325703, ""q_current"": 0.7881311354835522, ""q_previous"": 0.7830030611672733, ""side"": ""H"", ""sporttery_odds"": 1.11}]",8410.951666,right_censored
3231,hSJlvG55,2041787,geo=mx|serial=2608290548,2026-09-29T16:25:39.804842+00:00,2026-09-29T16:26:42.345148+00:00,62.540306,3624,0.426311,56,>20,persists_next_observation,"[1.75, 3.44, 4.99]","[1.74, 3.42, 5.03]","[1.55, 3.4, 5.25]","[1.55, 3.4, 5.25]",2026-09-29T12:54:07+08:00,2026-09-29T16:26:42.771459+00:00,Selling,0,1,-0.0673273657289003,"[{""change_induced_ev_gain"": 0.00212407548561287, ""delta_q"": 0.001370371281040561, ""proxy_implied_ev"": -0.16428369941326904, ""q_current"": 0.539171806830149, ""q_previous"": 0.5378014355491084, ""side"": ""H"", ""sporttery_odds"": 1.55}, {""change_induced_ev_gain"": 0.002463755923077793, ""delta_q"": 0.0007246340950228802, ""proxy_implied_ev"": -0.0673273657289003, ""q_current"": 0.2743154806679705, ""q_previous"": 0.27359084657294763, ""side"": ""D"", ""sporttery_odds"": 3.4}]",8297.654852,right_censored
3232,AeCCmlWQ,2041782,geo=mx|serial=2608290548,2026-09-29T16:25:39.804842+00:00,2026-09-29T16:26:42.345148+00:00,62.540306,3624,0.426311,56,>20,persists_next_observation,"[10.04, 5.67, 1.28]","[10.12, 5.83, 1.27]","[9.45, 5.45, 1.19]","[9.45, 5.45, 1.19]",2026-09-29T13:07:34+08:00,2026-09-29T16:26:42.771459+00:00,Selling,0,1,-0.1141435927329254,"[{""change_induced_ev_gain"": 0.006485155534109513, ""delta_q"": 0.005449710532865137, ""proxy_implied_ev"": -0.1141435927329254, ""q_current"": 0.7444171489639283, ""q_previous"": 0.7389674384310632, ""side"": ""A"", ""sporttery_odds"": 1.19}]",8297.654852,right_censored
3233,UsxpFQlm,2041785,geo=mx|serial=2608290548,2026-09-29T16:25:39.804842+00:00,2026-09-29T16:26:42.345148+00:00,62.540306,3624,0.426311,56,>20,persists_next_observation,"[3.08, 3.23, 2.32]","[3.09, 3.21, 2.32]","[3.15, 2.92, 2.13]","[3.15, 2.92, 2.13]",2026-09-29T20:57:13+08:00,2026-09-29T16:26:42.771459+00:00,Selling,0,1,-0.1468114400303242,"[{""change_induced_ev_gain"": 0.004583897456864527, ""delta_q"": 0.001569827896186482, ""proxy_implied_ev"": -0.1468114400303242, ""q_current"": 0.2921878630033136, ""q_previous"": 0.29061803510712714, ""side"": ""D"", ""sporttery_odds"": 2.92}]",8297.654852,right_censored
3235,KxQwPbIi,2041781,geo=mx|serial=2608290548,2026-09-29T16:25:39.804842+00:00,2026-09-29T16:26:42.345148+00:00,62.540306,3624,0.426311,56,>20,persists_next_observation,"[4.47, 3.44, 1.83]","[4.46, 3.47, 1.83]","[4.16, 3.25, 1.72]","[4.16, 3.25, 1.72]",2026-09-29T19:45:13+08:00,2026-09-29T16:26:42.771459+00:00,Selling,1,1,-0.11234576381964845,"[{""change_induced_ev_gain"": 0.003637334035580482, ""delta_q"": 0.000874359143168385, ""proxy_implied_ev"": -0.1191033776731435, ""q_current"": 0.2117539957516482, ""q_previous"": 0.2108796366084798, ""side"": ""H"", ""sporttery_odds"": 4.16}, {""change_induced_ev_gain"": 0.0016831989668893853, ""delta_q"": 0.0009786040505170845, ""proxy_implied_ev"": -0.11234576381964845, ""q_current"": 0.5160780442909021, ""q_previous"": 0.515099440240385, ""side"": ""A"", ""sporttery_odds"": 1.72}]",8297.654852,right_censored
3236,xb24bvhD,2041784,geo=mx|serial=2608290548,2026-09-29T16:25:39.804842+00:00,2026-09-29T16:26:42.345148+00:00,62.540306,3624,0.426311,56,>20,persists_next_observation,"[1.23, 5.96, 12.41]","[1.21, 6.24, 12.69]","[1.15, 5.5, 13.0]","[1.15, 5.5, 13.0]",2026-09-29T21:28:03+08:00,2026-09-29T16:26:42.771459+00:00,Selling,0,1,-0.10801609154194936,"[{""change_induced_ev_gain"": 0.011088246026804222, ""delta_q"": 0.00964195306678628, ""proxy_implied_ev"": -0.10801609154194936, ""q_current"": 0.7756381812678702, ""q_previous"": 0.7659962282010839, ""side"": ""H"", ""sporttery_odds"": 1.15}]",8297.654852,right_censored
3237,hOq1JfnT,2041783,geo=mx|serial=2608290548,2026-09-29T16:25:39.804842+00:00,2026-09-29T16:26:42.345148+00:00,62.540306,3624,0.426311,56,>20,persists_next_observation,"[1.6, 3.62, 6.41]","[1.59, 3.63, 6.53]","[1.44, 3.62, 6.3]","[1.44, 3.62, 6.3]",2026-09-29T19:44:45+08:00,2026-09-29T16:26:42.771459+00:00,Selling,0,1,-0.1436258947320883,"[{""change_induced_ev_gain"": 0.005108494677932107, ""delta_q"": 0.0035475657485639633, ""proxy_implied_ev"": -0.1436258947320883, ""q_current"": 0.5947042397693831, ""q_previous"": 0.5911566740208192, ""side"": ""H"", ""sporttery_odds"": 1.44}]",8297.654852,right_censored
3238,2T1rwtCi,2041786,geo=mx|serial=2608290548,2026-09-29T16:25:39.804842+00:00,2026-09-29T16:26:42.345148+00:00,62.540306,3624,0.426311,56,>20,persists_next_observation,"[1.2, 7.01, 12.29]","[1.21, 6.86, 12.01]","[1.11, 6.6, 13.0]","[1.11, 6.6, 13.0]",2026-09-29T20:55:42+08:00,2026-09-29T16:26:42.771459+00:00,Selling,0,1,0.02553190276113293,"[{""change_induced_ev_gain"": 0.021083113287842487, ""delta_q"": 0.0031944111042185586, ""proxy_implied_ev"": -0.08847486202888599, ""q_current"": 0.13810986938956274, ""q_previous"": 0.13491545828534418, ""side"": ""D"", ""sporttery_odds"": 6.6}, {""change_induced_ev_gain"": 0.025137621756786813, ""delta_q"": 0.001933663212060524, ""proxy_implied_ev"": 0.02553190276113293, ""q_current"": 0.07888706944316408, ""q_previous"": 0.07695340623110355, ""side"": ""A"", ""sporttery_odds"": 13.0}]",8297.654852,right_censored
3287,hSJlvG55,2041787,geo=mx|serial=2608290548,2026-09-29T16:27:34.529949+00:00,2026-09-29T16:28:35.125331+00:00,60.595382,3629,0.198558,56,>20,one_step_reversion,"[1.74, 3.42, 5.03]","[1.75, 3.44, 4.99]","[1.55, 3.4, 5.25]","[1.55, 3.4, 5.25]",2026-09-29T12:54:07+08:00,2026-09-29T16:28:35.323889+00:00,Selling,0,1,-0.009809481140794829,"[{""change_induced_ev_gain"": 0.010998778224332338, ""delta_q"": 0.0020950053760633025, ""proxy_implied_ev"": -0.009809481140794829, ""q_current"": 0.18860771787794384, ""q_previous"": 0.18651271250188053, ""side"": ""A"", ""sporttery_odds"": 5.25}]",8184.874669,right_censored
3288,AeCCmlWQ,2041782,geo=mx|serial=2608290548,2026-09-29T16:27:34.529949+00:00,2026-09-29T16:28:35.125331+00:00,60.595382,3629,0.198558,56,>20,one_step_reversion,"[10.12, 5.83, 1.27]","[10.04, 5.67, 1.28]","[9.45, 5.45, 1.19]","[9.45, 5.45, 1.19]",2026-09-29T13:07:34+08:00,2026-09-29T16:28:35.323889+00:00,Selling,0,1,-0.09082242495677317,"[{""change_induced_ev_gain"": 0.007475417887888795, ""delta_q"": 0.0007910495119459043, ""proxy_implied_ev"": -0.10970616182648008, ""q_current"": 0.09421098816651005, ""q_previous"": 0.09341993865456415, ""side"": ""H"", ""sporttery_odds"": 9.45}, {""change_induced_ev_gain"": 0.025389702564010654, ""delta_q"": 0.004658661020919386, ""proxy_implied_ev"": -0.09082242495677317, ""q_current"": 0.16682157340242693, ""q_previous"": 0.16216291238150754, ""side"": ""D"", ""sporttery_odds"": 5.45}]",8184.874669,right_censored
3289,UsxpFQlm,2041785,geo=mx|serial=2608290548,2026-09-29T16:27:34.529949+00:00,2026-09-29T16:28:35.125331+00:00,60.595382,3629,0.198558,56,>20,one_step_reversion,"[3.09, 3.21, 2.32]","[3.08, 3.23, 2.32]","[3.15, 2.92, 2.13]","[3.15, 2.92, 2.13]",2026-09-29T20:57:13+08:00,2026-09-29T16:28:35.323889+00:00,Selling,0,1,-0.03996974084497884,"[{""change_induced_ev_gain"": 0.003895121045634078, ""delta_q"": 0.0012365463636933582, ""proxy_implied_ev"": -0.03996974084497884, ""q_current"": 0.30477151084286386, ""q_previous"": 0.3035349644791705, ""side"": ""H"", ""sporttery_odds"": 3.15}, {""change_induced_ev_gain"": 0.0007098896642102353, ""delta_q"": 0.00033328153249306824, ""proxy_implied_ev"": -0.13817973287348095, ""q_current"": 0.40461045405000895, ""q_previous"": 0.4042771725175159, ""side"": ""A"", ""sporttery_odds"": 2.13}]",8184.874669,right_censored
3291,KxQwPbIi,2041781,geo=mx|serial=2608290548,2026-09-29T16:27:34.529949+00:00,2026-09-29T16:28:35.125331+00:00,60.595382,3629,0.198558,56,>20,one_step_reversion,"[4.46, 3.47, 1.83]","[4.47, 3.44, 1.83]","[4.16, 3.25, 1.72]","[4.16, 3.25, 1.72]",2026-09-29T19:45:13+08:00,2026-09-29T16:28:35.323889+00:00,Selling,1,1,-0.10943199975881102,"[{""change_induced_ev_gain"": 0.006022130379477145, ""delta_q"": 0.0018529631936852753, ""proxy_implied_ev"": -0.10943199975881102, ""q_current"": 0.2740209231511351, ""q_previous"": 0.2721679599574498, ""side"": ""D"", ""sporttery_odds"": 3.25}]",8184.874669,right_censored
3292,xb24bvhD,2041784,geo=mx|serial=2608290548,2026-09-29T16:27:34.529949+00:00,2026-09-29T16:28:35.125331+00:00,60.595382,3629,0.198558,56,>20,one_step_reversion,"[1.21, 6.24, 12.69]","[1.23, 5.96, 12.41]","[1.15, 5.5, 13.0]","[1.15, 5.5, 13.0]",2026-09-29T21:28:03+08:00,2026-09-29T16:28:35.323889+00:00,Selling,0,1,-0.013031451334783783,"[{""change_induced_ev_gain"": 0.04223403578925565, ""delta_q"": 0.007678915598046482, ""proxy_implied_ev"": -0.13054287184893743, ""q_current"": 0.15808311420928411, ""q_previous"": 0.15040419861123763, ""side"": ""D"", ""sporttery_odds"": 5.5}, {""change_induced_ev_gain"": 0.02551948709361665, ""delta_q"": 0.0019630374687397423, ""proxy_implied_ev"": -0.013031451334783783, ""q_current"": 0.07592065758963201, ""q_previous"": 0.07395762012089227, ""side"": ""A"", ""sporttery_odds"": 13.0}]",8184.874669,right_censored
3293,hOq1JfnT,2041783,geo=mx|serial=2608290548,2026-09-29T16:27:34.529949+00:00,2026-09-29T16:28:35.125331+00:00,60.595382,3629,0.198558,56,>20,one_step_reversion,"[1.59, 3.63, 6.53]","[1.6, 3.62, 6.41]","[1.44, 3.62, 6.3]","[1.44, 3.62, 6.3]",2026-09-29T19:44:45+08:00,2026-09-29T16:28:35.323889+00:00,Selling,0,1,-0.05414932156668928,"[{""change_induced_ev_gain"": 0.0028758400684027853, ""delta_q"": 0.0007944309581223163, ""proxy_implied_ev"": -0.05414932156668928, ""q_current"": 0.2612847177992571, ""q_previous"": 0.2604902868411348, ""side"": ""D"", ""sporttery_odds"": 3.62}, {""change_induced_ev_gain"": 0.017344749179780978, ""delta_q"": 0.002753134790441425, ""proxy_implied_ev"": -0.07038076846648089, ""q_current"": 0.14755860817992367, ""q_previous"": 0.14480547338948224, ""side"": ""A"", ""sporttery_odds"": 6.3}]",8184.874669,right_censored
3294,2T1rwtCi,2041786,geo=mx|serial=2608290548,2026-09-29T16:27:34.529949+00:00,2026-09-29T16:28:35.125331+00:00,60.595382,3629,0.198558,56,>20,one_step_reversion,"[1.21, 6.86, 12.01]","[1.2, 7.01, 12.29]","[1.11, 6.6, 13.0]","[1.11, 6.6, 13.0]",2026-09-29T20:55:42+08:00,2026-09-29T16:28:35.323889+00:00,Selling,0,1,-0.12517443961325703,"[{""change_induced_ev_gain"": 0.005692162491069613, ""delta_q"": 0.00512807431627893, ""proxy_implied_ev"": -0.12517443961325703, ""q_current"": 0.7881311354835522, ""q_previous"": 0.7830030611672733, ""side"": ""H"", ""sporttery_odds"": 1.11}]",8184.874669,right_censored
3343,hSJlvG55,2041787,geo=mx|serial=2608290548,2026-09-29T16:28:35.125331+00:00,2026-09-29T16:29:30.429672+00:00,55.304341,3632,0.159143,56,>20,persists_next_observation,"[1.75, 3.44, 4.99]","[1.74, 3.42, 5.03]","[1.55, 3.4, 5.25]","[1.55, 3.4, 5.25]",2026-09-29T12:54:07+08:00,2026-09-29T16:29:30.588815+00:00,Selling,0,1,-0.0673273657289003,"[{""change_induced_ev_gain"": 0.00212407548561287, ""delta_q"": 0.001370371281040561, ""proxy_implied_ev"": -0.16428369941326904, ""q_current"": 0.539171806830149, ""q_previous"": 0.5378014355491084, ""side"": ""H"", ""sporttery_odds"": 1.55}, {""change_induced_ev_gain"": 0.002463755923077793, ""delta_q"": 0.0007246340950228802, ""proxy_implied_ev"": -0.0673273657289003, ""q_current"": 0.2743154806679705, ""q_previous"": 0.27359084657294763, ""side"": ""D"", ""sporttery_odds"": 3.4}]",8129.570328,right_censored
3344,AeCCmlWQ,2041782,geo=mx|serial=2608290548,2026-09-29T16:28:35.125331+00:00,2026-09-29T16:29:30.429672+00:00,55.304341,3632,0.159143,56,>20,persists_next_observation,"[10.04, 5.67, 1.28]","[10.12, 5.83, 1.27]","[9.45, 5.45, 1.19]","[9.45, 5.45, 1.19]",2026-09-29T13:07:34+08:00,2026-09-29T16:29:30.588815+00:00,Selling,0,1,-0.1141435927329254,"[{""change_induced_ev_gain"": 0.006485155534109513, ""delta_q"": 0.005449710532865137, ""proxy_implied_ev"": -0.1141435927329254, ""q_current"": 0.7444171489639283, ""q_previous"": 0.7389674384310632, ""side"": ""A"", ""sporttery_odds"": 1.19}]",8129.570328,right_censored
3345,UsxpFQlm,2041785,geo=mx|serial=2608290548,2026-09-29T16:28:35.125331+00:00,2026-09-29T16:29:30.429672+00:00,55.304341,3632,0.159143,56,>20,persists_next_observation,"[3.08, 3.23, 2.32]","[3.09, 3.21, 2.32]","[3.15, 2.92, 2.13]","[3.15, 2.92, 2.13]",2026-09-29T20:57:13+08:00,2026-09-29T16:29:30.588815+00:00,Selling,0,1,-0.1468114400303242,"[{""change_induced_ev_gain"": 0.004583897456864527, ""delta_q"": 0.001569827896186482, ""proxy_implied_ev"": -0.1468114400303242, ""q_current"": 0.2921878630033136, ""q_previous"": 0.29061803510712714, ""side"": ""D"", ""sporttery_odds"": 2.92}]",8129.570328,right_censored
3347,KxQwPbIi,2041781,geo=mx|serial=2608290548,2026-09-29T16:28:35.125331+00:00,2026-09-29T16:29:30.429672+00:00,55.304341,3632,0.159143,56,>20,persists_next_observation,"[4.47, 3.44, 1.83]","[4.46, 3.47, 1.83]","[4.16, 3.25, 1.72]","[4.16, 3.25, 1.72]",2026-09-29T19:45:13+08:00,2026-09-29T16:29:30.588815+00:00,Selling,1,1,-0.11234576381964845,"[{""change_induced_ev_gain"": 0.003637334035580482, ""delta_q"": 0.000874359143168385, ""proxy_implied_ev"": -0.1191033776731435, ""q_current"": 0.2117539957516482, ""q_previous"": 0.2108796366084798, ""side"": ""H"", ""sporttery_odds"": 4.16}, {""change_induced_ev_gain"": 0.0016831989668893853, ""delta_q"": 0.0009786040505170845, ""proxy_implied_ev"": -0.11234576381964845, ""q_current"": 0.5160780442909021, ""q_previous"": 0.515099440240385, ""side"": ""A"", ""sporttery_odds"": 1.72}]",8129.570328,right_censored
3348,xb24bvhD,2041784,geo=mx|serial=2608290548,2026-09-29T16:28:35.125331+00:00,2026-09-29T16:29:30.429672+00:00,55.304341,3632,0.159143,56,>20,persists_next_observation,"[1.23, 5.96, 12.41]","[1.21, 6.24, 12.69]","[1.15, 5.5, 13.0]","[1.15, 5.5, 13.0]",2026-09-29T21:28:03+08:00,2026-09-29T16:29:30.588815+00:00,Selling,0,1,-0.10801609154194936,"[{""change_induced_ev_gain"": 0.011088246026804222, ""delta_q"": 0.00964195306678628, ""proxy_implied_ev"": -0.10801609154194936, ""q_current"": 0.7756381812678702, ""q_previous"": 0.7659962282010839, ""side"": ""H"", ""sporttery_odds"": 1.15}]",8129.570328,right_censored
3349,hOq1JfnT,2041783,geo=mx|serial=2608290548,2026-09-29T16:28:35.125331+00:00,2026-09-29T16:29:30.429672+00:00,55.304341,3632,0.159143,56,>20,persists_next_observation,"[1.6, 3.62, 6.41]","[1.59, 3.63, 6.53]","[1.44, 3.62, 6.3]","[1.44, 3.62, 6.3]",2026-09-29T19:44:45+08:00,2026-09-29T16:29:30.588815+00:00,Selling,0,1,-0.1436258947320883,"[{""change_induced_ev_gain"": 0.005108494677932107, ""delta_q"": 0.0035475657485639633, ""proxy_implied_ev"": -0.1436258947320883, ""q_current"": 0.5947042397693831, ""q_previous"": 0.5911566740208192, ""side"": ""H"", ""sporttery_odds"": 1.44}]",8129.570328,right_censored
3350,2T1rwtCi,2041786,geo=mx|serial=2608290548,2026-09-29T16:28:35.125331+00:00,2026-09-29T16:29:30.429672+00:00,55.304341,3632,0.159143,56,>20,persists_next_observation,"[1.2, 7.01, 12.29]","[1.21, 6.86, 12.01]","[1.11, 6.6, 13.0]","[1.11, 6.6, 13.0]",2026-09-29T20:55:42+08:00,2026-09-29T16:29:30.588815+00:00,Selling,0,1,0.02553190276113293,"[{""change_induced_ev_gain"": 0.021083113287842487, ""delta_q"": 0.0031944111042185586, ""proxy_implied_ev"": -0.08847486202888599, ""q_current"": 0.13810986938956274, ""q_previous"": 0.13491545828534418, ""side"": ""D"", ""sporttery_odds"": 6.6}, {""change_induced_ev_gain"": 0.025137621756786813, ""delta_q"": 0.001933663212060524, ""proxy_implied_ev"": 0.02553190276113293, ""q_current"": 0.07888706944316408, ""q_previous"": 0.07695340623110355, ""side"": ""A"", ""sporttery_odds"": 13.0}]",8129.570328,right_censored
3405,hSJlvG55,2041787,geo=mx|serial=2609081259,2026-09-29T15:28:21.287262+00:00,2026-09-29T16:30:29.277230+00:00,3727.989968,3635,0.150371,68,>20,persists_next_observation,"[1.75, 3.44, 4.94]","[1.75, 3.41, 5.01]","[1.55, 3.4, 5.25]","[1.55, 3.4, 5.25]",2026-09-29T12:54:07+08:00,2026-09-29T16:30:29.427601+00:00,Selling,0,1,-0.06315703461128686,"[{""change_induced_ev_gain"": 0.00021177114688594178, ""delta_q"": 0.00013662654637802696, ""proxy_implied_ev"": -0.1677842867962953, ""q_current"": 0.5369133633572288, ""q_previous"": 0.5367767368108508, ""side"": ""H"", ""sporttery_odds"": 1.55}, {""change_induced_ev_gain"": 0.008406458404828654, ""delta_q"": 0.0024724877661260747, ""proxy_implied_ev"": -0.06315703461128686, ""q_current"": 0.27554204864373916, ""q_previous"": 0.2730695608776131, ""side"": ""D"", ""sporttery_odds"": 3.4}]",8070.72277,right_censored
3406,AeCCmlWQ,2041782,geo=mx|serial=2609081259,2026-09-29T15:28:21.287262+00:00,2026-09-29T16:30:29.277230+00:00,3727.989968,3635,0.150371,68,>20,persists_next_observation,"[9.73, 5.51, 1.3]","[10.06, 5.82, 1.27]","[9.45, 5.45, 1.19]","[9.45, 5.45, 1.19]",2026-09-29T13:07:34+08:00,2026-09-29T16:30:29.427601+00:00,Selling,0,1,-0.11488337940566695,"[{""change_induced_ev_gain"": 0.016213042351162964, ""delta_q"": 0.013624405337111734, ""proxy_implied_ev"": -0.11488337940566695, ""q_current"": 0.7437954794910362, ""q_previous"": 0.7301710741539245, ""side"": ""A"", ""sporttery_odds"": 1.19}]",8070.72277,right_censored
3407,UsxpFQlm,2041785,geo=mx|serial=2609081259,2026-09-29T15:28:21.287262+00:00,2026-09-29T16:30:29.277230+00:00,3727.989968,3635,0.150371,68,>20,persists_next_observation,"[3.09, 3.24, 2.32]","[3.09, 3.21, 2.32]","[3.15, 2.92, 2.13]","[3.15, 2.92, 2.13]",2026-09-29T20:57:13+08:00,2026-09-29T16:30:29.427601+00:00,Selling,0,1,-0.1468114400303242,"[{""change_induced_ev_gain"": 0.005606809811763171, ""delta_q"": 0.0019201403464942368, ""proxy_implied_ev"": -0.1468114400303242, ""q_current"": 0.2921878630033136, ""q_previous"": 0.2902677226568194, ""side"": ""D"", ""sporttery_odds"": 2.92}]",8070.72277,right_censored
3409,KxQwPbIi,2041781,geo=mx|serial=2609081259,2026-09-29T15:28:21.287262+00:00,2026-09-29T16:30:29.277230+00:00,3727.989968,3635,0.150371,68,>20,persists_next_observation,"[4.38, 3.44, 1.85]","[4.46, 3.47, 1.83]","[4.16, 3.25, 1.72]","[4.16, 3.25, 1.72]",2026-09-29T19:45:13+08:00,2026-09-29T16:30:29.427601+00:00,Selling,1,1,-0.11234576381964845,"[{""change_induced_ev_gain"": 0.010177141828718624, ""delta_q"": 0.005916942923673618, ""proxy_implied_ev"": -0.11234576381964845, ""q_current"": 0.5160780442909021, ""q_previous"": 0.5101611013672285, ""side"": ""A"", ""sporttery_odds"": 1.72}]",8070.72277,right_censored
3410,xb24bvhD,2041784,geo=mx|serial=2609081259,2026-09-29T15:28:21.287262+00:00,2026-09-29T16:30:29.277230+00:00,3727.989968,3635,0.150371,68,>20,persists_next_observation,"[1.24, 5.83, 11.81]","[1.21, 6.34, 12.73]","[1.15, 5.5, 13.0]","[1.15, 5.5, 13.0]",2026-09-29T21:28:03+08:00,2026-09-29T16:30:29.427601+00:00,Selling,0,1,-0.10568667863395609,"[{""change_induced_ev_gain"": 0.021573067480439006, ""delta_q"": 0.018759189113425223, ""proxy_implied_ev"": -0.10568667863395609, ""q_current"": 0.7776637577096035, ""q_previous"": 0.7589045685961783, ""side"": ""H"", ""sporttery_odds"": 1.15}]",8070.72277,right_censored
3411,hOq1JfnT,2041783,geo=mx|serial=2609081259,2026-09-29T15:28:21.287262+00:00,2026-09-29T16:30:29.277230+00:00,3727.989968,3635,0.150371,68,>20,persists_next_observation,"[1.6, 3.61, 6.39]","[1.58, 3.63, 6.63]","[1.44, 3.62, 6.3]","[1.44, 3.62, 6.3]",2026-09-29T19:44:45+08:00,2026-09-29T16:30:29.427601+00:00,Selling,0,1,-0.1395651688154984,"[{""change_induced_ev_gain"": 0.01017730518489584, ""delta_q"": 0.007067573045066555, ""proxy_implied_ev"": -0.1395651688154984, ""q_current"": 0.5975241883225706, ""q_previous"": 0.590456615277504, ""side"": ""H"", ""sporttery_odds"": 1.44}]",8070.72277,right_censored
3412,2T1rwtCi,2041786,geo=mx|serial=2609081259,2026-09-29T15:28:21.287262+00:00,2026-09-29T16:30:29.277230+00:00,3727.989968,3635,0.150371,68,>20,persists_next_observation,"[1.21, 6.9, 12.2]","[1.21, 6.86, 11.94]","[1.11, 6.6, 13.0]","[1.11, 6.6, 13.0]",2026-09-29T20:55:42+08:00,2026-09-29T16:30:29.427601+00:00,Selling,0,1,0.031067378583631955,"[{""change_induced_ev_gain"": 0.0030201412744120357, ""delta_q"": 0.0004575971627897024, ""proxy_implied_ev"": -0.08889623568171656, ""q_current"": 0.1380460248967096, ""q_previous"": 0.1375884277339199, ""side"": ""D"", ""sporttery_odds"": 6.6}, {""change_induced_ev_gain"": 0.019454102539974955, ""delta_q"": 0.0014964694261519196, ""proxy_implied_ev"": 0.031067378583631955, ""q_current"": 0.079312875275664, ""q_previous"": 0.07781640584951208, ""side"": ""A"", ""sporttery_odds"": 13.0}]",8070.72277,right_censored
3467,hSJlvG55,2041787,geo=mx|serial=2609081259,2026-09-29T17:21:10.320391+00:00,2026-09-29T17:22:07.537400+00:00,57.217009,3740,0.179781,66,>20,one_step_reversion,"[1.75, 3.41, 5.01]","[1.76, 3.38, 5.03]","[1.55, 3.4, 5.25]","[1.55, 3.4, 5.25]",2026-09-29T12:54:07+08:00,2026-09-29T17:22:07.717181+00:00,Selling,0,1,-0.05356350029871404,"[{""change_induced_ev_gain"": 0.009593534312572894, ""delta_q"": 0.0028216277389920275, ""proxy_implied_ev"": -0.05356350029871404, ""q_current"": 0.2783636763827312, ""q_previous"": 0.27554204864373916, ""side"": ""D"", ""sporttery_odds"": 3.4}]",4972.4626,right_censored
3468,AeCCmlWQ,2041782,geo=mx|serial=2609081259,2026-09-29T17:21:10.320391+00:00,2026-09-29T17:22:07.537400+00:00,57.217009,3740,0.179781,66,>20,one_step_reversion,"[10.06, 5.82, 1.27]","[10.01, 5.78, 1.28]","[9.45, 5.45, 1.19]","[9.45, 5.45, 1.19]",2026-09-29T13:07:34+08:00,2026-09-29T17:22:07.717181+00:00,Selling,0,1,-0.10444760404257769,"[{""change_induced_ev_gain"": 0.008210303799204614, ""delta_q"": 0.0008688152168470492, ""proxy_implied_ev"": -0.10444760404257769, ""q_current"": 0.09476744930766375, ""q_previous"": 0.0938986340908167, ""side"": ""H"", ""sporttery_odds"": 9.45}, {""change_induced_ev_gain"": 0.009894997438908195, ""delta_q"": 0.0018155958603501277, ""proxy_implied_ev"": -0.10553792158219022, ""q_current"": 0.1641214822784972, ""q_previous"": 0.16230588641814708, ""side"": ""D"", ""sporttery_odds"": 5.45}]",4972.4626,right_censored
3469,UsxpFQlm,2041785,geo=mx|serial=2609081259,2026-09-29T17:21:10.320391+00:00,2026-09-29T17:22:07.537400+00:00,57.217009,3740,0.179781,66,>20,one_step_reversion,"[3.09, 3.21, 2.32]","[3.04, 3.21, 2.36]","[3.15, 2.92, 2.13]","[3.15, 2.92, 2.13]",2026-09-29T20:57:13+08:00,2026-09-29T17:22:07.717181+00:00,Selling,0,1,-0.026328116074488706,"[{""change_induced_ev_gain"": 0.017536745816124206, ""delta_q"": 0.005567220894007685, ""proxy_implied_ev"": -0.026328116074488706, ""q_current"": 0.3091021853731782, ""q_previous"": 0.3035349644791705, ""side"": ""H"", ""sporttery_odds"": 3.15}, {""change_induced_ev_gain"": 0.0015897201302082786, ""delta_q"": 0.0005444247021261228, ""proxy_implied_ev"": -0.145221719900116, ""q_current"": 0.29273228770543974, ""q_previous"": 0.2921878630033136, ""side"": ""D"", ""sporttery_odds"": 2.92}]",4972.4626,right_censored
3471,KxQwPbIi,2041781,geo=mx|serial=2609081259,2026-09-29T17:21:10.320391+00:00,2026-09-29T17:22:07.537400+00:00,57.217009,3740,0.179781,66,>20,one_step_reversion,"[4.46, 3.47, 1.83]","[4.39, 3.43, 1.85]","[4.16, 3.25, 1.72]","[4.16, 3.25, 1.72]",2026-09-29T19:45:13+08:00,2026-09-29T17:22:07.717181+00:00,Selling,1,1,-0.10592554708430546,"[{""change_induced_ev_gain"": 0.01317783058883805, ""delta_q"": 0.003167747737701454, ""proxy_implied_ev"": -0.10592554708430546, ""q_current"": 0.21492174348934964, ""q_previous"": 0.2117539957516482, ""side"": ""H"", ""sporttery_odds"": 4.16}, {""change_induced_ev_gain"": 0.009447125833417946, ""delta_q"": 0.0029068079487439835, ""proxy_implied_ev"": -0.1060070043048702, ""q_current"": 0.2750747679061938, ""q_previous"": 0.2721679599574498, ""side"": ""D"", ""sporttery_odds"": 3.25}]",4972.4626,right_censored
3472,xb24bvhD,2041784,geo=mx|serial=2609081259,2026-09-29T17:21:10.320391+00:00,2026-09-29T17:22:07.537400+00:00,57.217009,3740,0.179781,66,>20,one_step_reversion,"[1.21, 6.34, 12.73]","[1.2, 6.37, 13.53]","[1.15, 5.5, 13.0]","[1.15, 5.5, 13.0]",2026-09-29T21:28:03+08:00,2026-09-29T17:22:07.717181+00:00,Selling,0,1,-0.09950461586264991,"[{""change_induced_ev_gain"": 0.006182062771306156, ""delta_q"": 0.005375706757657528, ""proxy_implied_ev"": -0.09950461586264991, ""q_current"": 0.783039464467261, ""q_previous"": 0.7776637577096035, ""side"": ""H"", ""sporttery_odds"": 1.15}]",4972.4626,right_censored
3473,hOq1JfnT,2041783,geo=mx|serial=2609081259,2026-09-29T17:21:10.320391+00:00,2026-09-29T17:22:07.537400+00:00,57.217009,3740,0.179781,66,>20,one_step_reversion,"[1.58, 3.63, 6.63]","[1.57, 3.66, 6.74]","[1.44, 3.62, 6.3]","[1.44, 3.62, 6.3]",2026-09-29T19:44:45+08:00,2026-09-29T17:22:07.717181+00:00,Selling,0,1,-0.13352157750436633,"[{""change_induced_ev_gain"": 0.006043591311132079, ""delta_q"": 0.0041969384105083885, ""proxy_implied_ev"": -0.13352157750436633, ""q_current"": 0.601721126733079, ""q_previous"": 0.5975241883225706, ""side"": ""H"", ""sporttery_odds"": 1.44}]",4972.4626,right_censored
3474,2T1rwtCi,2041786,geo=mx|serial=2609081259,2026-09-29T17:21:10.320391+00:00,2026-09-29T17:22:07.537400+00:00,57.217009,3740,0.179781,66,>20,one_step_reversion,"[1.21, 6.86, 11.94]","[1.21, 6.93, 11.73]","[1.11, 6.6, 13.0]","[1.11, 6.6, 13.0]",2026-09-29T20:55:42+08:00,2026-09-29T17:22:07.717181+00:00,Selling,0,1,0.04949960285941213,"[{""change_induced_ev_gain"": 0.018432224275780257, ""delta_q"": 0.0014178634058292505, ""proxy_implied_ev"": 0.04949960285941213, ""q_current"": 0.08073073868149325, ""q_previous"": 0.079312875275664, ""side"": ""A"", ""sporttery_odds"": 13.0}]",4972.4626,right_censored
3533,hSJlvG55,2041787,geo=mx|serial=2609081259,2026-09-29T17:22:07.537400+00:00,2026-09-29T17:23:40.514574+00:00,92.977174,3743,0.201279,65,>20,persists_next_observation,"[1.76, 3.38, 5.03]","[1.75, 3.41, 5.01]","[1.55, 3.4, 5.25]","[1.55, 3.4, 5.25]",2026-09-29T12:54:07+08:00,2026-09-29T17:23:40.715853+00:00,Selling,0,1,-0.015390913005081663,"[{""change_induced_ev_gain"": 0.003609292425790617, ""delta_q"": 0.0023285757585745914, ""proxy_implied_ev"": -0.1677842867962953, ""q_current"": 0.5369133633572288, ""q_previous"": 0.5345847875986542, ""side"": ""H"", ""sporttery_odds"": 1.55}, {""change_induced_ev_gain"": 0.0025885228971918306, ""delta_q"": 0.0004930519804174915, ""proxy_implied_ev"": -0.015390913005081663, ""q_current"": 0.18754458799903206, ""q_previous"": 0.18705153601861457, ""side"": ""A"", ""sporttery_odds"": 5.25}]",4879.485426,right_censored
3534,AeCCmlWQ,2041782,geo=mx|serial=2609081259,2026-09-29T17:22:07.537400+00:00,2026-09-29T17:23:40.514574+00:00,92.977174,3743,0.201279,65,>20,persists_next_observation,"[10.01, 5.78, 1.28]","[10.06, 5.82, 1.27]","[9.45, 5.45, 1.19]","[9.45, 5.45, 1.19]",2026-09-29T13:07:34+08:00,2026-09-29T17:23:40.715853+00:00,Selling,0,1,-0.11488337940566695,"[{""change_induced_ev_gain"": 0.0031944491818645246, ""delta_q"": 0.0026844110771970797, ""proxy_implied_ev"": -0.11488337940566695, ""q_current"": 0.7437954794910362, ""q_previous"": 0.7411110684138391, ""side"": ""A"", ""sporttery_odds"": 1.19}]",4879.485426,right_censored
3535,UsxpFQlm,2041785,geo=mx|serial=2609081259,2026-09-29T17:22:07.537400+00:00,2026-09-29T17:23:40.514574+00:00,92.977174,3743,0.201279,65,>20,persists_next_observation,"[3.04, 3.21, 2.36]","[3.09, 3.21, 2.32]","[3.15, 2.92, 2.13]","[3.15, 2.92, 2.13]",2026-09-29T20:57:13+08:00,2026-09-29T17:23:40.715853+00:00,Selling,0,1,-0.13888962253769122,"[{""change_induced_ev_gain"": 0.01301780511976501, ""delta_q"": 0.006111645596133808, ""proxy_implied_ev"": -0.13888962253769122, ""q_current"": 0.4042771725175159, ""q_previous"": 0.3981655269213821, ""side"": ""A"", ""sporttery_odds"": 2.13}]",4879.485426,right_censored
3537,KxQwPbIi,2041781,geo=mx|serial=2609081259,2026-09-29T17:22:07.537400+00:00,2026-09-29T17:23:40.514574+00:00,92.977174,3743,0.201279,65,>20,persists_next_observation,"[4.39, 3.43, 1.85]","[4.46, 3.47, 1.83]","[4.16, 3.25, 1.72]","[4.16, 3.25, 1.72]",2026-09-29T19:45:13+08:00,2026-09-29T17:23:40.715853+00:00,Selling,1,1,-0.11234576381964845,"[{""change_induced_ev_gain"": 0.010448235780686344, ""delta_q"": 0.0060745556864455486, ""proxy_implied_ev"": -0.11234576381964845, ""q_current"": 0.5160780442909021, ""q_previous"": 0.5100034886044565, ""side"": ""A"", ""sporttery_odds"": 1.72}]",4879.485426,right_censored
3538,xb24bvhD,2041784,geo=mx|serial=2609081259,2026-09-29T17:22:07.537400+00:00,2026-09-29T17:23:40.514574+00:00,92.977174,3743,0.201279,65,>20,persists_next_observation,"[1.2, 6.37, 13.53]","[1.21, 6.34, 12.73]","[1.15, 5.5, 13.0]","[1.15, 5.5, 13.0]",2026-09-29T21:28:03+08:00,2026-09-29T17:23:40.715853+00:00,Selling,0,1,-0.039069056655768986,"[{""change_induced_ev_gain"": 0.004989150839469242, ""delta_q"": 0.0009071183344489531, ""proxy_implied_ev"": -0.18369837420230117, ""q_current"": 0.14841847741776343, ""q_previous"": 0.14751135908331447, ""side"": ""D"", ""sporttery_odds"": 5.5}, {""change_induced_ev_gain"": 0.058091649501712916, ""delta_q"": 0.004468588423208686, ""proxy_implied_ev"": -0.039069056655768986, ""q_current"": 0.07391776487263316, ""q_previous"": 0.06944917644942447, ""side"": ""A"", ""sporttery_odds"": 13.0}]",4879.485426,right_censored
3539,hOq1JfnT,2041783,geo=mx|serial=2609081259,2026-09-29T17:22:07.537400+00:00,2026-09-29T17:23:40.514574+00:00,92.977174,3743,0.201279,65,>20,persists_next_observation,"[1.57, 3.66, 6.74]","[1.58, 3.63, 6.63]","[1.44, 3.62, 6.3]","[1.44, 3.62, 6.3]",2026-09-29T19:44:45+08:00,2026-09-29T17:23:40.715853+00:00,Selling,0,1,-0.05851257643807839,"[{""change_induced_ev_gain"": 0.0071098684595223794, ""delta_q"": 0.0019640520606415413, ""proxy_implied_ev"": -0.05851257643807839, ""q_current"": 0.2600793987740115, ""q_previous"": 0.25811534671336994, ""side"": ""D"", ""sporttery_odds"": 3.62}, {""change_induced_ev_gain"": 0.014067184004162011, ""delta_q"": 0.002232886349866986, ""proxy_implied_ev"": -0.10290259870846641, ""q_current"": 0.14239641290341803, ""q_previous"": 0.14016352655355105, ""side"": ""A"", ""sporttery_odds"": 6.3}]",4879.485426,right_censored
3540,2T1rwtCi,2041786,geo=mx|serial=2609081259,2026-09-29T17:22:07.537400+00:00,2026-09-29T17:23:40.514574+00:00,92.977174,3743,0.201279,65,>20,persists_next_observation,"[1.21, 6.93, 11.73]","[1.21, 6.86, 11.94]","[1.11, 6.6, 13.0]","[1.11, 6.6, 13.0]",2026-09-29T20:55:42+08:00,2026-09-29T17:23:40.715853+00:00,Selling,0,1,-0.08889623568171656,"[{""change_induced_ev_gain"": 2.2168862676406054e-05, ""delta_q"": 1.997194835712257e-05, ""proxy_implied_ev"": -0.1312683791913346, ""q_current"": 0.7826410998276264, ""q_previous"": 0.7826211278792693, ""side"": ""H"", ""sporttery_odds"": 1.11}, {""change_induced_ev_gain"": 0.00922608361931586, ""delta_q"": 0.0013978914574721002, ""proxy_implied_ev"": -0.08889623568171656, ""q_current"": 0.1380460248967096, ""q_previous"": 0.1366481334392375, ""side"": ""D"", ""sporttery_odds"": 6.6}]",4879.485426,right_censored
3598,hSJlvG55,2041787,geo=mx|serial=2609081259,2026-09-29T17:24:05.659714+00:00,2026-09-29T17:25:17.471752+00:00,71.812038,3748,0.140661,65,>20,one_step_reversion,"[1.75, 3.41, 5.01]","[1.76, 3.38, 5.03]","[1.55, 3.4, 5.25]","[1.55, 3.4, 5.25]",2026-09-29T12:54:07+08:00,2026-09-29T17:25:17.612413+00:00,Selling,0,1,-0.05356350029871404,"[{""change_induced_ev_gain"": 0.009593534312572894, ""delta_q"": 0.0028216277389920275, ""proxy_implied_ev"": -0.05356350029871404, ""q_current"": 0.2783636763827312, ""q_previous"": 0.27554204864373916, ""side"": ""D"", ""sporttery_odds"": 3.4}]",4782.528248,right_censored
3599,AeCCmlWQ,2041782,geo=mx|serial=2609081259,2026-09-29T17:24:05.659714+00:00,2026-09-29T17:25:17.471752+00:00,71.812038,3748,0.140661,65,>20,one_step_reversion,"[10.06, 5.82, 1.27]","[10.01, 5.78, 1.28]","[9.45, 5.45, 1.19]","[9.45, 5.45, 1.19]",2026-09-29T13:07:34+08:00,2026-09-29T17:25:17.612413+00:00,Selling,0,1,-0.10444760404257769,"[{""change_induced_ev_gain"": 0.008210303799204614, ""delta_q"": 0.0008688152168470492, ""proxy_implied_ev"": -0.10444760404257769, ""q_current"": 0.09476744930766375, ""q_previous"": 0.0938986340908167, ""side"": ""H"", ""sporttery_odds"": 9.45}, {""change_induced_ev_gain"": 0.009894997438908195, ""delta_q"": 0.0018155958603501277, ""proxy_implied_ev"": -0.10553792158219022, ""q_current"": 0.1641214822784972, ""q_previous"": 0.16230588641814708, ""side"": ""D"", ""sporttery_odds"": 5.45}]",4782.528248,right_censored
3600,UsxpFQlm,2041785,geo=mx|serial=2609081259,2026-09-29T17:24:05.659714+00:00,2026-09-29T17:25:17.471752+00:00,71.812038,3748,0.140661,65,>20,one_step_reversion,"[3.09, 3.21, 2.32]","[3.04, 3.21, 2.36]","[3.15, 2.92, 2.13]","[3.15, 2.92, 2.13]",2026-09-29T20:57:13+08:00,2026-09-29T17:25:17.612413+00:00,Selling,0,1,-0.026328116074488706,"[{""change_induced_ev_gain"": 0.017536745816124206, ""delta_q"": 0.005567220894007685, ""proxy_implied_ev"": -0.026328116074488706, ""q_current"": 0.3091021853731782, ""q_previous"": 0.3035349644791705, ""side"": ""H"", ""sporttery_odds"": 3.15}, {""change_induced_ev_gain"": 0.0015897201302082786, ""delta_q"": 0.0005444247021261228, ""proxy_implied_ev"": -0.145221719900116, ""q_current"": 0.29273228770543974, ""q_previous"": 0.2921878630033136, ""side"": ""D"", ""sporttery_odds"": 2.92}]",4782.528248,right_censored
3602,KxQwPbIi,2041781,geo=mx|serial=2609081259,2026-09-29T17:24:05.659714+00:00,2026-09-29T17:25:17.471752+00:00,71.812038,3748,0.140661,65,>20,one_step_reversion,"[4.46, 3.47, 1.83]","[4.39, 3.43, 1.85]","[4.16, 3.25, 1.72]","[4.16, 3.25, 1.72]",2026-09-29T19:45:13+08:00,2026-09-29T17:25:17.612413+00:00,Selling,1,1,-0.10592554708430546,"[{""change_induced_ev_gain"": 0.01317783058883805, ""delta_q"": 0.003167747737701454, ""proxy_implied_ev"": -0.10592554708430546, ""q_current"": 0.21492174348934964, ""q_previous"": 0.2117539957516482, ""side"": ""H"", ""sporttery_odds"": 4.16}, {""change_induced_ev_gain"": 0.009447125833417946, ""delta_q"": 0.0029068079487439835, ""proxy_implied_ev"": -0.1060070043048702, ""q_current"": 0.2750747679061938, ""q_previous"": 0.2721679599574498, ""side"": ""D"", ""sporttery_odds"": 3.25}]",4782.528248,right_censored
3603,xb24bvhD,2041784,geo=mx|serial=2609081259,2026-09-29T17:24:05.659714+00:00,2026-09-29T17:25:17.471752+00:00,71.812038,3748,0.140661,65,>20,one_step_reversion,"[1.21, 6.34, 12.73]","[1.2, 6.37, 13.53]","[1.15, 5.5, 13.0]","[1.15, 5.5, 13.0]",2026-09-29T21:28:03+08:00,2026-09-29T17:25:17.612413+00:00,Selling,0,1,-0.09950461586264991,"[{""change_induced_ev_gain"": 0.006182062771306156, ""delta_q"": 0.005375706757657528, ""proxy_implied_ev"": -0.09950461586264991, ""q_current"": 0.783039464467261, ""q_previous"": 0.7776637577096035, ""side"": ""H"", ""sporttery_odds"": 1.15}]",4782.528248,right_censored
3604,hOq1JfnT,2041783,geo=mx|serial=2609081259,2026-09-29T17:24:05.659714+00:00,2026-09-29T17:25:17.471752+00:00,71.812038,3748,0.140661,65,>20,one_step_reversion,"[1.58, 3.63, 6.63]","[1.57, 3.66, 6.74]","[1.44, 3.62, 6.3]","[1.44, 3.62, 6.3]",2026-09-29T19:44:45+08:00,2026-09-29T17:25:17.612413+00:00,Selling,0,1,-0.13352157750436633,"[{""change_induced_ev_gain"": 0.006043591311132079, ""delta_q"": 0.0041969384105083885, ""proxy_implied_ev"": -0.13352157750436633, ""q_current"": 0.601721126733079, ""q_previous"": 0.5975241883225706, ""side"": ""H"", ""sporttery_odds"": 1.44}]",4782.528248,right_censored
3605,2T1rwtCi,2041786,geo=mx|serial=2609081259,2026-09-29T17:24:05.659714+00:00,2026-09-29T17:25:17.471752+00:00,71.812038,3748,0.140661,65,>20,one_step_reversion,"[1.21, 6.86, 11.94]","[1.21, 6.93, 11.73]","[1.11, 6.6, 13.0]","[1.11, 6.6, 13.0]",2026-09-29T20:55:42+08:00,2026-09-29T17:25:17.612413+00:00,Selling,0,1,0.04949960285941213,"[{""change_induced_ev_gain"": 0.018432224275780257, ""delta_q"": 0.0014178634058292505, ""proxy_implied_ev"": 0.04949960285941213, ""q_current"": 0.08073073868149325, ""q_previous"": 0.079312875275664, ""side"": ""A"", ""sporttery_odds"": 13.0}]",4782.528248,right_censored
3663,hSJlvG55,2041787,geo=mx|serial=2609081259,2026-09-29T17:25:17.471752+00:00,2026-09-29T17:26:06.312122+00:00,48.84037,3751,0.152778,65,>20,one_step_reversion,"[1.76, 3.38, 5.03]","[1.75, 3.41, 5.01]","[1.55, 3.4, 5.25]","[1.55, 3.4, 5.25]",2026-09-29T12:54:07+08:00,2026-09-29T17:26:06.464900+00:00,Selling,0,1,-0.015390913005081663,"[{""change_induced_ev_gain"": 0.003609292425790617, ""delta_q"": 0.0023285757585745914, ""proxy_implied_ev"": -0.1677842867962953, ""q_current"": 0.5369133633572288, ""q_previous"": 0.5345847875986542, ""side"": ""H"", ""sporttery_odds"": 1.55}, {""change_induced_ev_gain"": 0.0025885228971918306, ""delta_q"": 0.0004930519804174915, ""proxy_implied_ev"": -0.015390913005081663, ""q_current"": 0.18754458799903206, ""q_previous"": 0.18705153601861457, ""side"": ""A"", ""sporttery_odds"": 5.25}]",4733.687878,right_censored
3664,AeCCmlWQ,2041782,geo=mx|serial=2609081259,2026-09-29T17:25:17.471752+00:00,2026-09-29T17:26:06.312122+00:00,48.84037,3751,0.152778,65,>20,one_step_reversion,"[10.01, 5.78, 1.28]","[10.06, 5.82, 1.27]","[9.45, 5.45, 1.19]","[9.45, 5.45, 1.19]",2026-09-29T13:07:34+08:00,2026-09-29T17:26:06.464900+00:00,Selling,0,1,-0.11488337940566695,"[{""change_induced_ev_gain"": 0.0031944491818645246, ""delta_q"": 0.0026844110771970797, ""proxy_implied_ev"": -0.11488337940566695, ""q_current"": 0.7437954794910362, ""q_previous"": 0.7411110684138391, ""side"": ""A"", ""sporttery_odds"": 1.19}]",4733.687878,right_censored
3665,UsxpFQlm,2041785,geo=mx|serial=2609081259,2026-09-29T17:25:17.471752+00:00,2026-09-29T17:26:06.312122+00:00,48.84037,3751,0.152778,65,>20,one_step_reversion,"[3.04, 3.21, 2.36]","[3.09, 3.21, 2.32]","[3.15, 2.92, 2.13]","[3.15, 2.92, 2.13]",2026-09-29T20:57:13+08:00,2026-09-29T17:26:06.464900+00:00,Selling,0,1,-0.13888962253769122,"[{""change_induced_ev_gain"": 0.01301780511976501, ""delta_q"": 0.006111645596133808, ""proxy_implied_ev"": -0.13888962253769122, ""q_current"": 0.4042771725175159, ""q_previous"": 0.3981655269213821, ""side"": ""A"", ""sporttery_odds"": 2.13}]",4733.687878,right_censored
3667,KxQwPbIi,2041781,geo=mx|serial=2609081259,2026-09-29T17:25:17.471752+00:00,2026-09-29T17:26:06.312122+00:00,48.84037,3751,0.152778,65,>20,one_step_reversion,"[4.39, 3.43, 1.85]","[4.46, 3.47, 1.83]","[4.16, 3.25, 1.72]","[4.16, 3.25, 1.72]",2026-09-29T19:45:13+08:00,2026-09-29T17:26:06.464900+00:00,Selling,1,1,-0.11234576381964845,"[{""change_induced_ev_gain"": 0.010448235780686344, ""delta_q"": 0.0060745556864455486, ""proxy_implied_ev"": -0.11234576381964845, ""q_current"": 0.5160780442909021, ""q_previous"": 0.5100034886044565, ""side"": ""A"", ""sporttery_odds"": 1.72}]",4733.687878,right_censored
3668,xb24bvhD,2041784,geo=mx|serial=2609081259,2026-09-29T17:25:17.471752+00:00,2026-09-29T17:26:06.312122+00:00,48.84037,3751,0.152778,65,>20,one_step_reversion,"[1.2, 6.37, 13.53]","[1.21, 6.34, 12.73]","[1.15, 5.5, 13.0]","[1.15, 5.5, 13.0]",2026-09-29T21:28:03+08:00,2026-09-29T17:26:06.464900+00:00,Selling,0,1,-0.039069056655768986,"[{""change_induced_ev_gain"": 0.004989150839469242, ""delta_q"": 0.0009071183344489531, ""proxy_implied_ev"": -0.18369837420230117, ""q_current"": 0.14841847741776343, ""q_previous"": 0.14751135908331447, ""side"": ""D"", ""sporttery_odds"": 5.5}, {""change_induced_ev_gain"": 0.058091649501712916, ""delta_q"": 0.004468588423208686, ""proxy_implied_ev"": -0.039069056655768986, ""q_current"": 0.07391776487263316, ""q_previous"": 0.06944917644942447, ""side"": ""A"", ""sporttery_odds"": 13.0}]",4733.687878,right_censored
3669,hOq1JfnT,2041783,geo=mx|serial=2609081259,2026-09-29T17:25:17.471752+00:00,2026-09-29T17:26:06.312122+00:00,48.84037,3751,0.152778,65,>20,one_step_reversion,"[1.57, 3.66, 6.74]","[1.58, 3.63, 6.63]","[1.44, 3.62, 6.3]","[1.44, 3.62, 6.3]",2026-09-29T19:44:45+08:00,2026-09-29T17:26:06.464900+00:00,Selling,0,1,-0.05851257643807839,"[{""change_induced_ev_gain"": 0.0071098684595223794, ""delta_q"": 0.0019640520606415413, ""proxy_implied_ev"": -0.05851257643807839, ""q_current"": 0.2600793987740115, ""q_previous"": 0.25811534671336994, ""side"": ""D"", ""sporttery_odds"": 3.62}, {""change_induced_ev_gain"": 0.014067184004162011, ""delta_q"": 0.002232886349866986, ""proxy_implied_ev"": -0.10290259870846641, ""q_current"": 0.14239641290341803, ""q_previous"": 0.14016352655355105, ""side"": ""A"", ""sporttery_odds"": 6.3}]",4733.687878,right_censored
3670,2T1rwtCi,2041786,geo=mx|serial=2609081259,2026-09-29T17:25:17.471752+00:00,2026-09-29T17:26:06.312122+00:00,48.84037,3751,0.152778,65,>20,one_step_reversion,"[1.21, 6.93, 11.73]","[1.21, 6.86, 11.94]","[1.11, 6.6, 13.0]","[1.11, 6.6, 13.0]",2026-09-29T20:55:42+08:00,2026-09-29T17:26:06.464900+00:00,Selling,0,1,-0.08889623568171656,"[{""change_induced_ev_gain"": 2.2168862676406054e-05, ""delta_q"": 1.997194835712257e-05, ""proxy_implied_ev"": -0.1312683791913346, ""q_current"": 0.7826410998276264, ""q_previous"": 0.7826211278792693, ""side"": ""H"", ""sporttery_odds"": 1.11}, {""change_induced_ev_gain"": 0.00922608361931586, ""delta_q"": 0.0013978914574721002, ""proxy_implied_ev"": -0.08889623568171656, ""q_current"": 0.1380460248967096, ""q_previous"": 0.1366481334392375, ""side"": ""D"", ""sporttery_odds"": 6.6}]",4733.687878,right_censored
3728,hSJlvG55,2041787,geo=mx|serial=2609081259,2026-09-29T17:26:06.312122+00:00,2026-09-29T17:27:16.425702+00:00,70.11358,3754,0.198034,65,>20,persists_next_observation,"[1.75, 3.41, 5.01]","[1.76, 3.38, 5.03]","[1.55, 3.4, 5.25]","[1.55, 3.4, 5.25]",2026-09-29T12:54:07+08:00,2026-09-29T17:27:16.623736+00:00,Selling,0,1,-0.05356350029871404,"[{""change_induced_ev_gain"": 0.009593534312572894, ""delta_q"": 0.0028216277389920275, ""proxy_implied_ev"": -0.05356350029871404, ""q_current"": 0.2783636763827312, ""q_previous"": 0.27554204864373916, ""side"": ""D"", ""sporttery_odds"": 3.4}]",4663.574298,right_censored
3729,AeCCmlWQ,2041782,geo=mx|serial=2609081259,2026-09-29T17:26:06.312122+00:00,2026-09-29T17:27:16.425702+00:00,70.11358,3754,0.198034,65,>20,persists_next_observation,"[10.06, 5.82, 1.27]","[10.01, 5.78, 1.28]","[9.45, 5.45, 1.19]","[9.45, 5.45, 1.19]",2026-09-29T13:07:34+08:00,2026-09-29T17:27:16.623736+00:00,Selling,0,1,-0.10444760404257769,"[{""change_induced_ev_gain"": 0.008210303799204614, ""delta_q"": 0.0008688152168470492, ""proxy_implied_ev"": -0.10444760404257769, ""q_current"": 0.09476744930766375, ""q_previous"": 0.0938986340908167, ""side"": ""H"", ""sporttery_odds"": 9.45}, {""change_induced_ev_gain"": 0.009894997438908195, ""delta_q"": 0.0018155958603501277, ""proxy_implied_ev"": -0.10553792158219022, ""q_current"": 0.1641214822784972, ""q_previous"": 0.16230588641814708, ""side"": ""D"", ""sporttery_odds"": 5.45}]",4663.574298,right_censored
3730,UsxpFQlm,2041785,geo=mx|serial=2609081259,2026-09-29T17:26:06.312122+00:00,2026-09-29T17:27:16.425702+00:00,70.11358,3754,0.198034,65,>20,persists_next_observation,"[3.09, 3.21, 2.32]","[3.04, 3.21, 2.36]","[3.15, 2.92, 2.13]","[3.15, 2.92, 2.13]",2026-09-29T20:57:13+08:00,2026-09-29T17:27:16.623736+00:00,Selling,0,1,-0.026328116074488706,"[{""change_induced_ev_gain"": 0.017536745816124206, ""delta_q"": 0.005567220894007685, ""proxy_implied_ev"": -0.026328116074488706, ""q_current"": 0.3091021853731782, ""q_previous"": 0.3035349644791705, ""side"": ""H"", ""sporttery_odds"": 3.15}, {""change_induced_ev_gain"": 0.0015897201302082786, ""delta_q"": 0.0005444247021261228, ""proxy_implied_ev"": -0.145221719900116, ""q_current"": 0.29273228770543974, ""q_previous"": 0.2921878630033136, ""side"": ""D"", ""sporttery_odds"": 2.92}]",4663.574298,right_censored
3732,KxQwPbIi,2041781,geo=mx|serial=2609081259,2026-09-29T17:26:06.312122+00:00,2026-09-29T17:27:16.425702+00:00,70.11358,3754,0.198034,65,>20,persists_next_observation,"[4.46, 3.47, 1.83]","[4.39, 3.43, 1.85]","[4.16, 3.25, 1.72]","[4.16, 3.25, 1.72]",2026-09-29T19:45:13+08:00,2026-09-29T17:27:16.623736+00:00,Selling,1,1,-0.10592554708430546,"[{""change_induced_ev_gain"": 0.01317783058883805, ""delta_q"": 0.003167747737701454, ""proxy_implied_ev"": -0.10592554708430546, ""q_current"": 0.21492174348934964, ""q_previous"": 0.2117539957516482, ""side"": ""H"", ""sporttery_odds"": 4.16}, {""change_induced_ev_gain"": 0.009447125833417946, ""delta_q"": 0.0029068079487439835, ""proxy_implied_ev"": -0.1060070043048702, ""q_current"": 0.2750747679061938, ""q_previous"": 0.2721679599574498, ""side"": ""D"", ""sporttery_odds"": 3.25}]",4663.574298,right_censored
3733,xb24bvhD,2041784,geo=mx|serial=2609081259,2026-09-29T17:26:06.312122+00:00,2026-09-29T17:27:16.425702+00:00,70.11358,3754,0.198034,65,>20,persists_next_observation,"[1.21, 6.34, 12.73]","[1.2, 6.37, 13.53]","[1.15, 5.5, 13.0]","[1.15, 5.5, 13.0]",2026-09-29T21:28:03+08:00,2026-09-29T17:27:16.623736+00:00,Selling,0,1,-0.09950461586264991,"[{""change_induced_ev_gain"": 0.006182062771306156, ""delta_q"": 0.005375706757657528, ""proxy_implied_ev"": -0.09950461586264991, ""q_current"": 0.783039464467261, ""q_previous"": 0.7776637577096035, ""side"": ""H"", ""sporttery_odds"": 1.15}]",4663.574298,right_censored
3734,hOq1JfnT,2041783,geo=mx|serial=2609081259,2026-09-29T17:26:06.312122+00:00,2026-09-29T17:27:16.425702+00:00,70.11358,3754,0.198034,65,>20,persists_next_observation,"[1.58, 3.63, 6.63]","[1.57, 3.66, 6.74]","[1.44, 3.62, 6.3]","[1.44, 3.62, 6.3]",2026-09-29T19:44:45+08:00,2026-09-29T17:27:16.623736+00:00,Selling,0,1,-0.13352157750436633,"[{""change_induced_ev_gain"": 0.006043591311132079, ""delta_q"": 0.0041969384105083885, ""proxy_implied_ev"": -0.13352157750436633, ""q_current"": 0.601721126733079, ""q_previous"": 0.5975241883225706, ""side"": ""H"", ""sporttery_odds"": 1.44}]",4663.574298,right_censored
3735,2T1rwtCi,2041786,geo=mx|serial=2609081259,2026-09-29T17:26:06.312122+00:00,2026-09-29T17:27:16.425702+00:00,70.11358,3754,0.198034,65,>20,persists_next_observation,"[1.21, 6.86, 11.94]","[1.21, 6.93, 11.73]","[1.11, 6.6, 13.0]","[1.11, 6.6, 13.0]",2026-09-29T20:55:42+08:00,2026-09-29T17:27:16.623736+00:00,Selling,0,1,0.04949960285941213,"[{""change_induced_ev_gain"": 0.018432224275780257, ""delta_q"": 0.0014178634058292505, ""proxy_implied_ev"": 0.04949960285941213, ""q_current"": 0.08073073868149325, ""q_previous"": 0.079312875275664, ""side"": ""A"", ""sporttery_odds"": 13.0}]",4663.574298,right_censored
3800,hSJlvG55,2041787,geo=nl|serial=2609081259,2026-09-29T11:18:51.101553+00:00,2026-09-29T17:30:11.706146+00:00,22280.604593,3761,0.159517,89,>20,persists_next_observation,"[1.76, 3.43, 4.89]","[1.76, 3.38, 5.05]","[1.55, 3.4, 5.25]","[1.55, 3.4, 5.25]",2026-09-29T12:54:07+08:00,2026-09-29T17:30:11.865663+00:00,Selling,0,1,-0.052861862106576285,"[{""change_induced_ev_gain"": 0.0016879916269643192, ""delta_q"": 0.0010890268561060124, ""proxy_implied_ev"": -0.17077929404685044, ""q_current"": 0.5349811006149352, ""q_previous"": 0.5338920737588292, ""side"": ""H"", ""sporttery_odds"": 1.55}, {""change_induced_ev_gain"": 0.015706601633122586, ""delta_q"": 0.00461958871562429, ""proxy_implied_ev"": -0.052861862106576285, ""q_current"": 0.27857004055688933, ""q_previous"": 0.27395045184126504, ""side"": ""D"", ""sporttery_odds"": 3.4}]",4488.293854,right_censored
3801,AeCCmlWQ,2041782,geo=nl|serial=2609081259,2026-09-29T11:18:51.101553+00:00,2026-09-29T17:30:11.706146+00:00,22280.604593,3761,0.159517,89,>20,persists_next_observation,"[9.22, 5.35, 1.31]","[9.97, 5.79, 1.28]","[9.45, 5.45, 1.19]","[9.45, 5.45, 1.19]",2026-09-29T13:07:34+08:00,2026-09-29T17:30:11.865663+00:00,Selling,0,1,-0.11816314951007134,"[{""change_induced_ev_gain"": 0.023834286675955853, ""delta_q"": 0.020028812332736012, ""proxy_implied_ev"": -0.11816314951007134, ""q_current"": 0.741039370159604, ""q_previous"": 0.721010557826868, ""side"": ""A"", ""sporttery_odds"": 1.19}]",4488.293854,right_censored
3879,hSJlvG55,2041787,geo=fr|serial=2609081259,2026-09-29T08:28:02.038175+00:00,2026-09-29T18:22:05.436425+00:00,35643.39825,3866,0.183713,87,>20,persists_next_observation,"[1.76, 3.4, 4.91]","[1.83, 3.3, 4.65]","[1.55, 3.4, 5.25]","[1.55, 3.4, 5.25]",2026-09-29T12:54:07+08:00,2026-09-29T18:22:05.620138+00:00,Selling,0,1,0.060590094836670216,"[{""change_induced_ev_gain"": 0.02972914630601282, ""delta_q"": 0.008743866560592006, ""proxy_implied_ev"": -0.032154147222640206, ""q_current"": 0.2846605449345176, ""q_previous"": 0.2759166783739256, ""side"": ""D"", ""sporttery_odds"": 3.4}, {""change_induced_ev_gain"": 0.057512150035331874, ""delta_q"": 0.010954695244825119, ""proxy_implied_ev"": 0.060590094836670216, ""q_current"": 0.2020171609212705, ""q_previous"": 0.1910624656764454, ""side"": ""A"", ""sporttery_odds"": 5.25}]",1374.563575,right_censored
3880,AeCCmlWQ,2041782,geo=fr|serial=2609081259,2026-09-29T08:28:02.038175+00:00,2026-09-29T18:22:05.436425+00:00,35643.39825,3866,0.183713,87,>20,persists_next_observation,"[9.45, 5.33, 1.31]","[9.23, 5.56, 1.31]","[9.45, 5.45, 1.19]","[9.45, 5.45, 1.19]",2026-09-29T13:07:34+08:00,2026-09-29T18:22:05.620138+00:00,Selling,0,1,-0.026362745195116388,"[{""change_induced_ev_gain"": 0.02738096449780039, ""delta_q"": 0.002897456560613798, ""proxy_implied_ev"": -0.026362745195116388, ""q_current"": 0.10303039733385012, ""q_previous"": 0.10013294077323633, ""side"": ""H"", ""sporttery_odds"": 9.45}, {""change_induced_ev_gain"": 0.004282434908687345, ""delta_q"": 0.003598684797216256, ""proxy_implied_ev"": -0.13614124030854247, ""q_current"": 0.7259317308331577, ""q_previous"": 0.7223330460359414, ""side"": ""A"", ""sporttery_odds"": 1.19}]",1374.563575,right_censored
4161,EeeHo1Y0,2041789,geo=mx|serial=2609081259,2026-09-30T01:29:07.712827+00:00,2026-09-30T01:31:31.014712+00:00,143.301885,4759,0.184146,55,>20,persists_next_observation,"[1.22, 5.33, 12.05]","[1.22, 5.34, 11.98]","[1.21, 4.73, 11.0]","[1.21, 4.73, 11.0]",2026-09-29T17:52:48+08:00,2026-09-30T01:31:31.198858+00:00,Selling,0,1,-0.157934564460258,"[{""change_induced_ev_gain"": 0.0047891125575612176, ""delta_q"": 0.0004353738688692016, ""proxy_implied_ev"": -0.157934564460258, ""q_current"": 0.07655140323088563, ""q_previous"": 0.07611602936201643, ""side"": ""A"", ""sporttery_odds"": 11.0}]",1472.04866,ended
4162,S2o8i9BD,2041790,geo=mx|serial=2609081259,2026-09-30T01:29:07.712827+00:00,2026-09-30T01:31:31.014712+00:00,143.301885,4759,0.184146,55,>20,persists_next_observation,"[4.4, 3.45, 1.74]","[4.47, 3.44, 1.72]","[4.7, 3.4, 1.61]","[4.7, 3.4, 1.61]",2026-09-29T19:56:17+08:00,2026-09-30T01:31:31.198858+00:00,Selling,1,1,-0.14579228486646878,"[{""change_induced_ev_gain"": 0.0067511459043622535, ""delta_q"": 0.004193258325690841, ""proxy_implied_ev"": -0.14579228486646878, ""q_current"": 0.5305637982195845, ""q_previous"": 0.5263705398938937, ""side"": ""A"", ""sporttery_odds"": 1.61}]",5734.411076,ended
4318,EeeHo1Y0,2041789,geo=nl|serial=2608290548,2026-09-30T03:29:37.103283+00:00,2026-09-30T03:30:22.780518+00:00,45.677235,4999,0.288377,54,>20,persists_next_observation,"[1.22, 5.38, 12.17]","[1.22, 5.34, 12.2]","[1.13, 5.5, 16.0]","[1.13, 5.5, 16.0]",2026-09-30T09:54:02+08:00,2026-09-30T03:30:23.068895+00:00,Selling,0,1,-0.05413025091626733,"[{""change_induced_ev_gain"": 0.006005145513060306, ""delta_q"": 0.0010918446387382374, ""proxy_implied_ev"": -0.05413025091626733, ""q_current"": 0.17197631801522412, ""q_previous"": 0.17088447337648588, ""side"": ""D"", ""sporttery_odds"": 5.5}]",102.658498,ended
4319,S2o8i9BD,2041790,geo=nl|serial=2608290548,2026-09-30T03:29:37.103283+00:00,2026-09-30T03:30:22.780518+00:00,45.677235,4999,0.288377,54,>20,persists_next_observation,"[4.37, 3.44, 1.73]","[4.67, 3.52, 1.68]","[5.25, 3.5, 1.53]","[5.25, 3.5, 1.53]",2026-09-30T11:18:17+08:00,2026-09-30T03:30:23.068895+00:00,Selling,1,1,-0.16712745383739103,"[{""change_induced_ev_gain"": 0.027095380303464728, ""delta_q"": 0.017709398891153416, ""proxy_implied_ev"": -0.16712745383739103, ""q_current"": 0.5443611412827509, ""q_previous"": 0.5266517423915975, ""side"": ""A"", ""sporttery_odds"": 1.53}]",942.900582,ended
4453,EeeHo1Y0,2041789,geo=ru|serial=2609081259,2026-09-30T05:29:38.024154+00:00,2026-09-30T05:30:35.725938+00:00,57.701784,5237,0.22201,42,>20,one_step_reversion,"[1.21, 5.48, 13.37]","[1.21, 5.42, 13.2]","[1.1, 6.35, 16.0]","[1.1, 6.35, 16.0]",2026-09-30T13:25:01+08:00,2026-09-30T05:30:35.947948+00:00,Selling,0,1,0.11540890063375508,"[{""change_induced_ev_gain"": 0.00886870428736341, ""delta_q"": 0.0013966463444666788, ""proxy_implied_ev"": 0.07810855686256168, ""q_current"": 0.16978087509646642, ""q_previous"": 0.16838422875199974, ""side"": ""D"", ""sporttery_odds"": 6.35}, {""change_induced_ev_gain"": 0.011150921802391078, ""delta_q"": 0.0006969326126494424, ""proxy_implied_ev"": 0.11540890063375508, ""q_current"": 0.06971305628960969, ""q_previous"": 0.06901612367696025, ""side"": ""A"", ""sporttery_odds"": 16.0}]",111.913471,ended
4454,S2o8i9BD,2041790,geo=ru|serial=2609081259,2026-09-30T05:29:38.024154+00:00,2026-09-30T05:30:35.725938+00:00,57.701784,5237,0.22201,42,>20,one_step_reversion,"[6.02, 3.74, 1.52]","[6.07, 3.74, 1.52]","[6.05, 3.85, 1.42]","[6.05, 3.85, 1.42]",2026-09-30T13:02:32+08:00,2026-09-30T05:30:35.947948+00:00,Selling,1,1,-0.0556020524818549,"[{""change_induced_ev_gain"": 0.0011840251620542086, ""delta_q"": 0.0003075390031309633, ""proxy_implied_ev"": -0.0556020524818549, ""q_current"": 0.2452981681865312, ""q_previous"": 0.24499062918340023, ""side"": ""D"", ""sporttery_odds"": 3.85}, {""change_induced_ev_gain"": 0.0010745250906763148, ""delta_q"": 0.000756707810335433, ""proxy_implied_ev"": -0.14294111078616434, ""q_current"": 0.6035625980379125, ""q_previous"": 0.602805890227577, ""side"": ""A"", ""sporttery_odds"": 1.42}]",503.510114,ended
4496,S2o8i9BD,2041790,geo=ru|serial=2609081259,2026-09-30T05:30:35.725938+00:00,2026-09-30T05:31:42.057191+00:00,66.331253,5240,0.188289,42,>20,one_step_reversion,"[6.07, 3.74, 1.52]","[6.02, 3.74, 1.52]","[6.05, 3.85, 1.42]","[6.05, 3.85, 1.42]",2026-09-30T13:02:32+08:00,2026-09-30T05:31:42.245480+00:00,Selling,1,1,-0.07916894243641226,"[{""change_induced_ev_gain"": 0.006438693221472201, ""delta_q"": 0.0010642468134664795, ""proxy_implied_ev"": -0.07916894243641226, ""q_current"": 0.15220348058902278, ""q_previous"": 0.1511392337755563, ""side"": ""H"", ""sporttery_odds"": 6.05}]",437.178861,ended
4538,S2o8i9BD,2041790,geo=ru|serial=2609081259,2026-09-30T05:31:42.057191+00:00,2026-09-30T05:32:27.380406+00:00,45.323215,5243,0.259003,42,>20,persists_next_observation,"[6.02, 3.74, 1.52]","[6.07, 3.74, 1.52]","[6.05, 3.85, 1.42]","[6.05, 3.85, 1.42]",2026-09-30T13:02:32+08:00,2026-09-30T05:32:27.639409+00:00,Selling,1,1,-0.0556020524818549,"[{""change_induced_ev_gain"": 0.0011840251620542086, ""delta_q"": 0.0003075390031309633, ""proxy_implied_ev"": -0.0556020524818549, ""q_current"": 0.2452981681865312, ""q_previous"": 0.24499062918340023, ""side"": ""D"", ""sporttery_odds"": 3.85}, {""change_induced_ev_gain"": 0.0010745250906763148, ""delta_q"": 0.000756707810335433, ""proxy_implied_ev"": -0.14294111078616434, ""q_current"": 0.6035625980379125, ""q_previous"": 0.602805890227577, ""side"": ""A"", ""sporttery_odds"": 1.42}]",391.855646,ended
4579,EeeHo1Y0,2041789,geo=ru|serial=2609081259,2026-09-30T05:33:33.336193+00:00,2026-09-30T05:34:41.571250+00:00,68.235057,5248,0.228868,42,>20,persists_next_observation,"[1.21, 5.42, 13.2]","[1.21, 5.48, 13.37]","[1.11, 6.2, 15.0]","[1.11, 6.2, 15.0]",2026-09-30T13:29:06+08:00,2026-09-30T05:34:41.800118+00:00,Selling,0,1,-0.1535143911961454,"[{""change_induced_ev_gain"": 0.0023238726423990487, ""delta_q"": 0.00209357895711626, ""proxy_implied_ev"": -0.1535143911961454, ""q_current"": 0.7625996475710402, ""q_previous"": 0.7605060686139239, ""side"": ""H"", ""sporttery_odds"": 1.11}]",105.857908,ended
4580,S2o8i9BD,2041790,geo=ru|serial=2609081259,2026-09-30T05:33:33.336193+00:00,2026-09-30T05:34:41.571250+00:00,68.235057,5248,0.228868,42,>20,persists_next_observation,"[6.07, 3.74, 1.52]","[6.02, 3.74, 1.52]","[6.05, 3.85, 1.42]","[6.05, 3.85, 1.42]",2026-09-30T13:02:32+08:00,2026-09-30T05:34:41.800118+00:00,Selling,1,1,-0.07916894243641226,"[{""change_induced_ev_gain"": 0.006438693221472201, ""delta_q"": 0.0010642468134664795, ""proxy_implied_ev"": -0.07916894243641226, ""q_current"": 0.15220348058902278, ""q_previous"": 0.1511392337755563, ""side"": ""H"", ""sporttery_odds"": 6.05}]",257.664802,ended
4622,S2o8i9BD,2041790,geo=ru|serial=2609081259,2026-09-30T05:35:21.704498+00:00,2026-09-30T05:36:27.178850+00:00,65.474352,5253,0.250308,42,>20,persists_next_observation,"[6.02, 3.74, 1.52]","[6.07, 3.74, 1.52]","[6.05, 3.85, 1.42]","[6.05, 3.85, 1.42]",2026-09-30T13:02:32+08:00,2026-09-30T05:36:27.429158+00:00,Selling,1,1,-0.0556020524818549,"[{""change_induced_ev_gain"": 0.0011840251620542086, ""delta_q"": 0.0003075390031309633, ""proxy_implied_ev"": -0.0556020524818549, ""q_current"": 0.2452981681865312, ""q_previous"": 0.24499062918340023, ""side"": ""D"", ""sporttery_odds"": 3.85}, {""change_induced_ev_gain"": 0.0010745250906763148, ""delta_q"": 0.000756707810335433, ""proxy_implied_ev"": -0.14294111078616434, ""q_current"": 0.6035625980379125, ""q_previous"": 0.602805890227577, ""side"": ""A"", ""sporttery_odds"": 1.42}]",152.057202,ended
4705,EeeHo1Y0,2041789,geo=ru|serial=2609081259,2026-09-30T05:38:58.963044+00:00,2026-09-30T05:40:00.960248+00:00,61.997204,5261,0.29055,42,>20,persists_next_observation,"[1.21, 5.48, 13.37]","[1.21, 5.42, 13.2]","[1.13, 5.95, 13.0]","[1.13, 5.95, 13.0]",2026-09-30T13:32:59+08:00,2026-09-30T05:40:01.250798+00:00,Selling,0,1,0.010196206823975151,"[{""change_induced_ev_gain"": 0.00831004574957674, ""delta_q"": 0.0013966463444666788, ""proxy_implied_ev"": 0.010196206823975151, ""q_current"": 0.16978087509646642, ""q_previous"": 0.16838422875199974, ""side"": ""D"", ""sporttery_odds"": 5.95}, {""change_induced_ev_gain"": 0.009060123964442751, ""delta_q"": 0.0006969326126494424, ""proxy_implied_ev"": -0.09373026823507402, ""q_current"": 0.06971305628960969, ""q_previous"": 0.06901612367696025, ""side"": ""A"", ""sporttery_odds"": 13.0}]",164.47093,ended
4747,EeeHo1Y0,2041789,geo=ru|serial=2609081259,2026-09-30T05:40:50.542994+00:00,2026-09-30T05:42:45.130634+00:00,114.58764,5266,0.203564,42,>20,one_step_reversion,"[1.21, 5.42, 13.2]","[1.21, 5.48, 13.37]","[1.13, 5.95, 13.0]","[1.13, 5.95, 13.0]",2026-09-30T13:32:59+08:00,2026-09-30T05:42:45.334198+00:00,Selling,0,1,-0.13826239824472475,"[{""change_induced_ev_gain"": 0.0023657442215413737, ""delta_q"": 0.00209357895711626, ""proxy_implied_ev"": -0.13826239824472475, ""q_current"": 0.7625996475710402, ""q_previous"": 0.7605060686139239, ""side"": ""H"", ""sporttery_odds"": 1.13}]",0.300544,ended
4748,S2o8i9BD,2041790,geo=ru|serial=2609081259,2026-09-30T05:40:50.542994+00:00,2026-09-30T05:42:45.130634+00:00,114.58764,5266,0.203564,42,>20,one_step_reversion,"[6.07, 3.74, 1.52]","[6.02, 3.74, 1.52]","[6.45, 3.85, 1.4]","[6.45, 3.85, 1.4]",2026-09-30T13:36:00+08:00,2026-09-30T05:42:45.334198+00:00,Selling,1,1,-0.018287550200803082,"[{""change_induced_ev_gain"": 0.006864391946858793, ""delta_q"": 0.0010642468134664795, ""proxy_implied_ev"": -0.018287550200803082, ""q_current"": 0.15220348058902278, ""q_previous"": 0.1511392337755563, ""side"": ""H"", ""sporttery_odds"": 6.45}]",1352.956062,ended
4789,EeeHo1Y0,2041789,geo=ru|serial=2609081259,2026-09-30T05:42:45.130634+00:00,2026-09-30T05:42:56.253385+00:00,11.122751,5269,0.246965,42,>20,persists_next_observation,"[1.21, 5.48, 13.37]","[1.21, 5.42, 13.2]","[1.13, 5.95, 13.0]","[1.13, 5.95, 13.0]",2026-09-30T13:32:59+08:00,2026-09-30T05:42:56.500350+00:00,Selling,0,1,0.010196206823975151,"[{""change_induced_ev_gain"": 0.00831004574957674, ""delta_q"": 0.0013966463444666788, ""proxy_implied_ev"": 0.010196206823975151, ""q_current"": 0.16978087509646642, ""q_previous"": 0.16838422875199974, ""side"": ""D"", ""sporttery_odds"": 5.95}, {""change_induced_ev_gain"": 0.009060123964442751, ""delta_q"": 0.0006969326126494424, ""proxy_implied_ev"": -0.09373026823507402, ""q_current"": 0.06971305628960969, ""q_previous"": 0.06901612367696025, ""side"": ""A"", ""sporttery_odds"": 13.0}]",169.162477,ended
4832,S2o8i9BD,2041790,geo=ru|serial=2609081259,2026-09-30T05:45:25.616311+00:00,2026-09-30T05:46:18.403273+00:00,52.786962,5276,0.253248,42,>20,one_step_reversion,"[6.07, 3.74, 1.52]","[6.02, 3.74, 1.52]","[6.45, 3.85, 1.4]","[6.45, 3.85, 1.4]",2026-09-30T13:36:00+08:00,2026-09-30T05:46:18.656521+00:00,Selling,1,1,-0.018287550200803082,"[{""change_induced_ev_gain"": 0.006864391946858793, ""delta_q"": 0.0010642468134664795, ""proxy_implied_ev"": -0.018287550200803082, ""q_current"": 0.15220348058902278, ""q_previous"": 0.1511392337755563, ""side"": ""H"", ""sporttery_odds"": 6.45}]",1139.683423,ended
4873,EeeHo1Y0,2041789,geo=ru|serial=2609081259,2026-09-30T05:46:18.403273+00:00,2026-09-30T05:47:52.725343+00:00,94.32207,5279,0.179291,42,>20,one_step_reversion,"[1.21, 5.48, 13.37]","[1.21, 5.42, 13.2]","[1.16, 5.55, 11.5]","[1.16, 5.55, 11.5]",2026-09-30T13:40:08+08:00,2026-09-30T05:47:52.904634+00:00,Selling,0,1,-0.05771614321461138,"[{""change_induced_ev_gain"": 0.0077513872117900675, ""delta_q"": 0.0013966463444666788, ""proxy_implied_ev"": -0.05771614321461138, ""q_current"": 0.16978087509646642, ""q_previous"": 0.16838422875199974, ""side"": ""D"", ""sporttery_odds"": 5.55}, {""change_induced_ev_gain"": 0.008014725045468588, ""delta_q"": 0.0006969326126494424, ""proxy_implied_ev"": -0.19829985266948857, ""q_current"": 0.06971305628960969, ""q_previous"": 0.06901612367696025, ""side"": ""A"", ""sporttery_odds"": 11.5}]",588.580947,ended
4874,S2o8i9BD,2041790,geo=ru|serial=2609081259,2026-09-30T05:46:18.403273+00:00,2026-09-30T05:47:52.725343+00:00,94.32207,5279,0.179291,42,>20,one_step_reversion,"[6.02, 3.74, 1.52]","[6.07, 3.74, 1.52]","[6.45, 3.85, 1.4]","[6.45, 3.85, 1.4]",2026-09-30T13:36:00+08:00,2026-09-30T05:47:52.904634+00:00,Selling,1,1,-0.0556020524818549,"[{""change_induced_ev_gain"": 0.0011840251620542086, ""delta_q"": 0.0003075390031309633, ""proxy_implied_ev"": -0.0556020524818549, ""q_current"": 0.2452981681865312, ""q_previous"": 0.24499062918340023, ""side"": ""D"", ""sporttery_odds"": 3.85}, {""change_induced_ev_gain"": 0.0010593909344696062, ""delta_q"": 0.000756707810335433, ""proxy_implied_ev"": -0.15501236274692265, ""q_current"": 0.6035625980379125, ""q_previous"": 0.602805890227577, ""side"": ""A"", ""sporttery_odds"": 1.4}]",1045.361353,ended
4915,EeeHo1Y0,2041789,geo=ru|serial=2609081259,2026-09-30T05:47:52.725343+00:00,2026-09-30T05:48:48.348951+00:00,55.623608,5282,0.194457,42,>20,one_step_reversion,"[1.21, 5.42, 13.2]","[1.21, 5.48, 13.37]","[1.16, 5.55, 11.5]","[1.16, 5.55, 11.5]",2026-09-30T13:40:08+08:00,2026-09-30T05:48:48.543408+00:00,Selling,0,1,-0.11538440881759349,"[{""change_induced_ev_gain"": 0.002428551590254861, ""delta_q"": 0.00209357895711626, ""proxy_implied_ev"": -0.11538440881759349, ""q_current"": 0.7625996475710402, ""q_previous"": 0.7605060686139239, ""side"": ""H"", ""sporttery_odds"": 1.16}]",532.957339,ended
4916,S2o8i9BD,2041790,geo=ru|serial=2609081259,2026-09-30T05:47:52.725343+00:00,2026-09-30T05:48:48.348951+00:00,55.623608,5282,0.194457,42,>20,one_step_reversion,"[6.07, 3.74, 1.52]","[6.02, 3.74, 1.52]","[6.45, 3.85, 1.4]","[6.45, 3.85, 1.4]",2026-09-30T13:36:00+08:00,2026-09-30T05:48:48.543408+00:00,Selling,1,1,-0.018287550200803082,"[{""change_induced_ev_gain"": 0.006864391946858793, ""delta_q"": 0.0010642468134664795, ""proxy_implied_ev"": -0.018287550200803082, ""q_current"": 0.15220348058902278, ""q_previous"": 0.1511392337755563, ""side"": ""H"", ""sporttery_odds"": 6.45}]",989.737745,ended
4957,EeeHo1Y0,2041789,geo=ru|serial=2609081259,2026-09-30T05:48:48.348951+00:00,2026-09-30T05:49:26.793293+00:00,38.444342,5285,0.19734,42,>20,one_step_reversion,"[1.21, 5.48, 13.37]","[1.21, 5.42, 13.2]","[1.16, 5.55, 11.5]","[1.16, 5.55, 11.5]",2026-09-30T13:40:08+08:00,2026-09-30T05:49:26.990633+00:00,Selling,0,1,-0.05771614321461138,"[{""change_induced_ev_gain"": 0.0077513872117900675, ""delta_q"": 0.0013966463444666788, ""proxy_implied_ev"": -0.05771614321461138, ""q_current"": 0.16978087509646642, ""q_previous"": 0.16838422875199974, ""side"": ""D"", ""sporttery_odds"": 5.55}, {""change_induced_ev_gain"": 0.008014725045468588, ""delta_q"": 0.0006969326126494424, ""proxy_implied_ev"": -0.19829985266948857, ""q_current"": 0.06971305628960969, ""q_previous"": 0.06901612367696025, ""side"": ""A"", ""sporttery_odds"": 11.5}]",494.512997,ended
4958,S2o8i9BD,2041790,geo=ru|serial=2609081259,2026-09-30T05:48:48.348951+00:00,2026-09-30T05:49:26.793293+00:00,38.444342,5285,0.19734,42,>20,one_step_reversion,"[6.02, 3.74, 1.52]","[6.07, 3.74, 1.52]","[6.45, 3.85, 1.4]","[6.45, 3.85, 1.4]",2026-09-30T13:36:00+08:00,2026-09-30T05:49:26.990633+00:00,Selling,1,1,-0.0556020524818549,"[{""change_induced_ev_gain"": 0.0011840251620542086, ""delta_q"": 0.0003075390031309633, ""proxy_implied_ev"": -0.0556020524818549, ""q_current"": 0.2452981681865312, ""q_previous"": 0.24499062918340023, ""side"": ""D"", ""sporttery_odds"": 3.85}, {""change_induced_ev_gain"": 0.0010593909344696062, ""delta_q"": 0.000756707810335433, ""proxy_implied_ev"": -0.15501236274692265, ""q_current"": 0.6035625980379125, ""q_previous"": 0.602805890227577, ""side"": ""A"", ""sporttery_odds"": 1.4}]",951.293403,ended
4999,EeeHo1Y0,2041789,geo=ru|serial=2609081259,2026-09-30T05:49:26.793293+00:00,2026-09-30T05:50:47.183088+00:00,80.389795,5288,0.223606,42,>20,one_step_reversion,"[1.21, 5.42, 13.2]","[1.21, 5.48, 13.37]","[1.16, 5.55, 11.5]","[1.16, 5.55, 11.5]",2026-09-30T13:40:08+08:00,2026-09-30T05:50:47.406694+00:00,Selling,0,1,-0.11538440881759349,"[{""change_induced_ev_gain"": 0.002428551590254861, ""delta_q"": 0.00209357895711626, ""proxy_implied_ev"": -0.11538440881759349, ""q_current"": 0.7625996475710402, ""q_previous"": 0.7605060686139239, ""side"": ""H"", ""sporttery_odds"": 1.16}]",414.123202,ended
5000,S2o8i9BD,2041790,geo=ru|serial=2609081259,2026-09-30T05:49:26.793293+00:00,2026-09-30T05:50:47.183088+00:00,80.389795,5288,0.223606,42,>20,one_step_reversion,"[6.07, 3.74, 1.52]","[6.02, 3.74, 1.52]","[6.45, 3.85, 1.4]","[6.45, 3.85, 1.4]",2026-09-30T13:36:00+08:00,2026-09-30T05:50:47.406694+00:00,Selling,1,1,-0.018287550200803082,"[{""change_induced_ev_gain"": 0.006864391946858793, ""delta_q"": 0.0010642468134664795, ""proxy_implied_ev"": -0.018287550200803082, ""q_current"": 0.15220348058902278, ""q_previous"": 0.1511392337755563, ""side"": ""H"", ""sporttery_odds"": 6.45}]",870.903608,ended
5041,EeeHo1Y0,2041789,geo=ru|serial=2609081259,2026-09-30T05:50:47.183088+00:00,2026-09-30T05:51:27.155533+00:00,39.972445,5291,0.196146,42,>20,persists_next_observation,"[1.21, 5.48, 13.37]","[1.21, 5.42, 13.2]","[1.16, 5.55, 11.5]","[1.16, 5.55, 11.5]",2026-09-30T13:40:08+08:00,2026-09-30T05:51:27.351679+00:00,Selling,0,1,-0.05771614321461138,"[{""change_induced_ev_gain"": 0.0077513872117900675, ""delta_q"": 0.0013966463444666788, ""proxy_implied_ev"": -0.05771614321461138, ""q_current"": 0.16978087509646642, ""q_previous"": 0.16838422875199974, ""side"": ""D"", ""sporttery_odds"": 5.55}, {""change_induced_ev_gain"": 0.008014725045468588, ""delta_q"": 0.0006969326126494424, ""proxy_implied_ev"": -0.19829985266948857, ""q_current"": 0.06971305628960969, ""q_previous"": 0.06901612367696025, ""side"": ""A"", ""sporttery_odds"": 11.5}]",374.150757,ended
5042,S2o8i9BD,2041790,geo=ru|serial=2609081259,2026-09-30T05:50:47.183088+00:00,2026-09-30T05:51:27.155533+00:00,39.972445,5291,0.196146,42,>20,persists_next_observation,"[6.02, 3.74, 1.52]","[6.07, 3.74, 1.52]","[6.45, 3.85, 1.4]","[6.45, 3.85, 1.4]",2026-09-30T13:36:00+08:00,2026-09-30T05:51:27.351679+00:00,Selling,1,1,-0.0556020524818549,"[{""change_induced_ev_gain"": 0.0011840251620542086, ""delta_q"": 0.0003075390031309633, ""proxy_implied_ev"": -0.0556020524818549, ""q_current"": 0.2452981681865312, ""q_previous"": 0.24499062918340023, ""side"": ""D"", ""sporttery_odds"": 3.85}, {""change_induced_ev_gain"": 0.0010593909344696062, ""delta_q"": 0.000756707810335433, ""proxy_implied_ev"": -0.15501236274692265, ""q_current"": 0.6035625980379125, ""q_previous"": 0.602805890227577, ""side"": ""A"", ""sporttery_odds"": 1.4}]",830.931163,ended
5083,EeeHo1Y0,2041789,geo=ru|serial=2609081259,2026-09-30T05:53:06.931901+00:00,2026-09-30T05:55:35.570289+00:00,148.638388,5298,0.195534,42,>20,persists_next_observation,"[1.21, 5.42, 13.2]","[1.21, 5.48, 13.37]","[1.16, 5.55, 11.5]","[1.16, 5.55, 11.5]",2026-09-30T13:40:08+08:00,2026-09-30T05:55:35.765823+00:00,Selling,0,1,-0.11538440881759349,"[{""change_induced_ev_gain"": 0.002428551590254861, ""delta_q"": 0.00209357895711626, ""proxy_implied_ev"": -0.11538440881759349, ""q_current"": 0.7625996475710402, ""q_previous"": 0.7605060686139239, ""side"": ""H"", ""sporttery_odds"": 1.16}]",125.736001,ended
5084,S2o8i9BD,2041790,geo=ru|serial=2609081259,2026-09-30T05:53:06.931901+00:00,2026-09-30T05:55:35.570289+00:00,148.638388,5298,0.195534,42,>20,persists_next_observation,"[6.07, 3.74, 1.52]","[6.02, 3.74, 1.52]","[6.45, 3.85, 1.4]","[6.45, 3.85, 1.4]",2026-09-30T13:36:00+08:00,2026-09-30T05:55:35.765823+00:00,Selling,1,1,-0.018287550200803082,"[{""change_induced_ev_gain"": 0.006864391946858793, ""delta_q"": 0.0010642468134664795, ""proxy_implied_ev"": -0.018287550200803082, ""q_current"": 0.15220348058902278, ""q_previous"": 0.1511392337755563, ""side"": ""H"", ""sporttery_odds"": 6.45}]",582.516407,ended
5126,S2o8i9BD,2041790,geo=ru|serial=2609081259,2026-09-30T06:00:18.185645+00:00,2026-09-30T06:01:34.792100+00:00,76.606455,5311,0.209361,42,>20,one_step_reversion,"[6.02, 3.74, 1.52]","[6.07, 3.74, 1.52]","[6.45, 3.85, 1.4]","[6.45, 3.85, 1.4]",2026-09-30T13:36:00+08:00,2026-09-30T06:01:35.001461+00:00,Selling,1,1,-0.0556020524818549,"[{""change_induced_ev_gain"": 0.0011840251620542086, ""delta_q"": 0.0003075390031309633, ""proxy_implied_ev"": -0.0556020524818549, ""q_current"": 0.2452981681865312, ""q_previous"": 0.24499062918340023, ""side"": ""D"", ""sporttery_odds"": 3.85}, {""change_induced_ev_gain"": 0.0010593909344696062, ""delta_q"": 0.000756707810335433, ""proxy_implied_ev"": -0.15501236274692265, ""q_current"": 0.6035625980379125, ""q_previous"": 0.602805890227577, ""side"": ""A"", ""sporttery_odds"": 1.4}]",223.294596,ended
5167,EeeHo1Y0,2041789,geo=ru|serial=2609081259,2026-09-30T06:01:34.792100+00:00,2026-09-30T06:03:17.810931+00:00,103.018831,5314,0.190476,42,>20,persists_next_observation,"[1.21, 5.42, 13.2]","[1.21, 5.48, 13.37]","[1.17, 5.35, 11.5]","[1.17, 5.35, 11.5]",2026-09-30T13:53:46+08:00,2026-09-30T06:03:18.001407+00:00,Selling,0,1,-0.1077584123418831,"[{""change_induced_ev_gain"": 0.002449487379826024, ""delta_q"": 0.00209357895711626, ""proxy_implied_ev"": -0.1077584123418831, ""q_current"": 0.7625996475710402, ""q_previous"": 0.7605060686139239, ""side"": ""H"", ""sporttery_odds"": 1.17}]",0.0,right_censored
5168,S2o8i9BD,2041790,geo=ru|serial=2609081259,2026-09-30T06:01:34.792100+00:00,2026-09-30T06:03:17.810931+00:00,103.018831,5314,0.190476,42,>20,persists_next_observation,"[6.07, 3.74, 1.52]","[6.02, 3.74, 1.52]","[6.45, 3.85, 1.4]","[6.45, 3.85, 1.4]",2026-09-30T13:36:00+08:00,2026-09-30T06:03:18.001407+00:00,Selling,1,1,-0.018287550200803082,"[{""change_induced_ev_gain"": 0.006864391946858793, ""delta_q"": 0.0010642468134664795, ""proxy_implied_ev"": -0.018287550200803082, ""q_current"": 0.15220348058902278, ""q_previous"": 0.1511392337755563, ""side"": ""H"", ""sporttery_odds"": 6.45}]",120.275765,ended
5210,S2o8i9BD,2041790,geo=ru|serial=2609081259,2026-09-30T06:03:53.785333+00:00,2026-09-30T06:04:41.619958+00:00,47.834625,5319,0.316031,42,>20,persists_next_observation,"[6.02, 3.74, 1.52]","[6.07, 3.74, 1.52]","[6.45, 3.85, 1.4]","[6.45, 3.85, 1.4]",2026-09-30T13:36:00+08:00,2026-09-30T06:04:41.935989+00:00,Selling,1,1,-0.0556020524818549,"[{""change_induced_ev_gain"": 0.0011840251620542086, ""delta_q"": 0.0003075390031309633, ""proxy_implied_ev"": -0.0556020524818549, ""q_current"": 0.2452981681865312, ""q_previous"": 0.24499062918340023, ""side"": ""D"", ""sporttery_odds"": 3.85}, {""change_induced_ev_gain"": 0.0010593909344696062, ""delta_q"": 0.000756707810335433, ""proxy_implied_ev"": -0.15501236274692265, ""q_current"": 0.6035625980379125, ""q_previous"": 0.602805890227577, ""side"": ""A"", ""sporttery_odds"": 1.4}]",36.466738,ended
5252,S2o8i9BD,2041790,geo=ru|serial=2609081259,2026-09-30T06:08:19.049699+00:00,2026-09-30T06:09:04.393080+00:00,45.343381,5328,0.253503,42,>20,persists_next_observation,"[6.07, 3.74, 1.52]","[6.02, 3.74, 1.52]","[6.7, 4.0, 1.37]","[6.7, 4.0, 1.37]",2026-09-30T14:02:28+08:00,2026-09-30T06:09:04.646583+00:00,Selling,1,1,0.01976331994645264,"[{""change_induced_ev_gain"": 0.007130453650225413, ""delta_q"": 0.0010642468134664795, ""proxy_implied_ev"": 0.01976331994645264, ""q_current"": 0.15220348058902278, ""q_previous"": 0.1511392337755563, ""side"": ""H"", ""sporttery_odds"": 6.7}]",1893.003543,ended
5294,S2o8i9BD,2041790,geo=ru|serial=2609081259,2026-09-30T06:10:02.736111+00:00,2026-09-30T06:11:20.064167+00:00,77.328056,5333,0.24219,42,>20,one_step_reversion,"[6.02, 3.74, 1.52]","[6.07, 3.74, 1.52]","[6.7, 4.0, 1.37]","[6.7, 4.0, 1.37]",2026-09-30T14:02:28+08:00,2026-09-30T06:11:20.306357+00:00,Selling,1,1,-0.01880732725387524,"[{""change_induced_ev_gain"": 0.001230156012523853, ""delta_q"": 0.0003075390031309633, ""proxy_implied_ev"": -0.01880732725387524, ""q_current"": 0.2452981681865312, ""q_previous"": 0.24499062918340023, ""side"": ""D"", ""sporttery_odds"": 4.0}, {""change_induced_ev_gain"": 0.0010366897001595433, ""delta_q"": 0.000756707810335433, ""proxy_implied_ev"": -0.17311924068805984, ""q_current"": 0.6035625980379125, ""q_previous"": 0.602805890227577, ""side"": ""A"", ""sporttery_odds"": 1.37}]",1757.332456,ended
5336,S2o8i9BD,2041790,geo=ru|serial=2609081259,2026-09-30T06:11:20.064167+00:00,2026-09-30T06:11:57.556164+00:00,37.491997,5336,0.267496,42,>20,persists_next_observation,"[6.07, 3.74, 1.52]","[6.02, 3.74, 1.52]","[6.7, 4.0, 1.37]","[6.7, 4.0, 1.37]",2026-09-30T14:02:28+08:00,2026-09-30T06:11:57.823660+00:00,Selling,1,1,0.01976331994645264,"[{""change_induced_ev_gain"": 0.007130453650225413, ""delta_q"": 0.0010642468134664795, ""proxy_implied_ev"": 0.01976331994645264, ""q_current"": 0.15220348058902278, ""q_previous"": 0.1511392337755563, ""side"": ""H"", ""sporttery_odds"": 6.7}]",1719.840459,ended
5378,S2o8i9BD,2041790,geo=ru|serial=2609081259,2026-09-30T06:14:07.223028+00:00,2026-09-30T06:15:05.557266+00:00,58.334238,5343,0.186078,42,>20,persists_next_observation,"[6.02, 3.74, 1.52]","[6.07, 3.74, 1.52]","[6.7, 4.0, 1.37]","[6.7, 4.0, 1.37]",2026-09-30T14:02:28+08:00,2026-09-30T06:15:05.743344+00:00,Selling,1,1,-0.01880732725387524,"[{""change_induced_ev_gain"": 0.001230156012523853, ""delta_q"": 0.0003075390031309633, ""proxy_implied_ev"": -0.01880732725387524, ""q_current"": 0.2452981681865312, ""q_previous"": 0.24499062918340023, ""side"": ""D"", ""sporttery_odds"": 4.0}, {""change_induced_ev_gain"": 0.0010366897001595433, ""delta_q"": 0.000756707810335433, ""proxy_implied_ev"": -0.17311924068805984, ""q_current"": 0.6035625980379125, ""q_previous"": 0.602805890227577, ""side"": ""A"", ""sporttery_odds"": 1.37}]",1531.839357,ended
5420,S2o8i9BD,2041790,geo=ru|serial=2609081259,2026-09-30T06:16:32.830873+00:00,2026-09-30T06:17:04.455799+00:00,31.624926,5348,0.145962,42,>20,persists_next_observation,"[6.07, 3.74, 1.52]","[6.02, 3.74, 1.52]","[6.7, 4.0, 1.37]","[6.7, 4.0, 1.37]",2026-09-30T14:02:28+08:00,2026-09-30T06:17:04.601761+00:00,Selling,1,1,0.01976331994645264,"[{""change_induced_ev_gain"": 0.007130453650225413, ""delta_q"": 0.0010642468134664795, ""proxy_implied_ev"": 0.01976331994645264, ""q_current"": 0.15220348058902278, ""q_previous"": 0.1511392337755563, ""side"": ""H"", ""sporttery_odds"": 6.7}]",1412.940824,ended
5462,S2o8i9BD,2041790,geo=ru|serial=2609081259,2026-09-30T06:18:17.034473+00:00,2026-09-30T06:19:11.065354+00:00,54.030881,5353,0.184679,42,>20,persists_next_observation,"[6.02, 3.74, 1.52]","[6.07, 3.74, 1.52]","[6.7, 4.0, 1.37]","[6.7, 4.0, 1.37]",2026-09-30T14:02:28+08:00,2026-09-30T06:19:11.250033+00:00,Selling,1,1,-0.01880732725387524,"[{""change_induced_ev_gain"": 0.001230156012523853, ""delta_q"": 0.0003075390031309633, ""proxy_implied_ev"": -0.01880732725387524, ""q_current"": 0.2452981681865312, ""q_previous"": 0.24499062918340023, ""side"": ""D"", ""sporttery_odds"": 4.0}, {""change_induced_ev_gain"": 0.0010366897001595433, ""delta_q"": 0.000756707810335433, ""proxy_implied_ev"": -0.17311924068805984, ""q_current"": 0.6035625980379125, ""q_previous"": 0.602805890227577, ""side"": ""A"", ""sporttery_odds"": 1.37}]",1286.331269,ended
5883,S2o8i9BD,2041790,geo=cn|serial=2609081259,2026-09-30T08:22:46.732055+00:00,2026-09-30T08:31:49.980894+00:00,543.248839,5605,0.169658,78,>20,persists_next_observation,"[6.3, 3.81, 1.49]","[6.37, 3.8, 1.48]","[6.2, 3.8, 1.42]","[6.2, 3.8, 1.42]",2026-09-30T15:57:11+08:00,2026-09-30T08:31:50.150552+00:00,Selling,1,1,-0.12443654222367151,"[{""change_induced_ev_gain"": 0.0031046755335604344, ""delta_q"": 0.0021863912208172076, ""proxy_implied_ev"": -0.12443654222367151, ""q_current"": 0.6165939843495272, ""q_previous"": 0.61440759312871, ""side"": ""A"", ""sporttery_odds"": 1.42}]",0.284557,ended
